# Origin	Destination	menuOption menuTarget objectID	Skills	Items	Quests	Duration	Display info
# Sailing (beta): board your own boat at a mooring point or port berth, sail,
# disembark at the destination. GENERATED by the tooling repo's
# SailingTransportRowsTest from the port-to-port sea matrix — do not edit by
# hand. Durations are PROVISIONAL (2 tiles/tick + 20 ticks overhead) until
# the speed calibration campaign; Sailing level requirements pending.
2059 2605 0	2095 3188 0	Board Mooring point 59834				328	Sailing: Lledrith Island
2059 2605 0	2079 3689 0	Board Mooring point 59834				594	Sailing: Buccaneers' Haven
2059 2605 0	3173 2368 0	Board Mooring point 59834				629	Sailing: The Summer Shore
2059 2605 0	3145 2824 0	Board Mooring point 59834				611	Sailing: Sea Spirit Dock
2059 2605 0	2143 3121 0	Board Mooring point 59834				299	Sailing: Port Tyras
2059 2605 0	2157 3325 0	Board Mooring point 59834				404	Sailing: Tirannwn Bight
2059 2605 0	2148 3531 0	Board Mooring point 59834				504	Sailing: Drumstick Isle
2059 2605 0	2151 3880 0	Board Mooring point 59834				689	Sailing: Lunar Isle
2059 2605 0	2193 2319 0	Board Mooring point 59834				187	Sailing: Sunbleak Island
2059 2605 0	1201 2733 0	Board Mooring point 59834				474	Sailing: Laguna Aurorae
2059 2605 0	2220 3466 0	Board Mooring point 59834				508	Sailing: Ynysdail
2059 2605 0	2282 2821 0	Board Mooring point 59834				204	Sailing: 2282,2821
2059 2605 0	3353 2215 0	Board Mooring point 59834				749	Sailing: The Little Pearl
2059 2605 0	2344 2268 0	Board Mooring point 59834				248	Sailing: Rainbow's End
2059 2605 0	2320 2774 0	Board Mooring point 59834				187	Sailing: Tear of the Soul
2059 2605 0	2305 3689 0	Board Mooring point 59834				616	Sailing: Piscatoris bank
2059 2605 0	2310 3781 0	Board Mooring point 59834				664	Sailing: Neitiznot
2059 2605 0	2411 3781 0	Board Mooring point 59834				692	Sailing: Jatizso
2059 2605 0	2467 2718 0	Board Mooring point 59834				250	Sailing: Anglers' Retreat
2059 2605 0	1451 2969 0	Board Mooring point 59834				398	Sailing: Aldarin
2059 2605 0	2532 2531 0	Board Mooring point 59834				285	Sailing: Isle of Bones
2059 2605 0	1513 2973 0	Board Mooring point 59834				369	Sailing: Sunset Coast
2059 2605 0	1506 3402 0	Board Mooring point 59834				568	Sailing: Lands End
2059 2605 0	2542 3764 0	Board Mooring point 59834				757	Sailing: Waterbirth Island
2059 2605 0	2579 2843 0	Board Mooring point 59834				333	Sailing: Corsair Cove
2059 2605 0	2612 3841 0	Board Mooring point 59834				805	Sailing: Etceteria
2059 2605 0	2660 2392 0	Board Mooring point 59834				376	Sailing: Charred Island
2059 2605 0	2651 2677 0	Board Mooring point 59834				334	Sailing: Void Knights' Outpost
2059 2605 0	2685 3161 0	Board Mooring point 59834				519	Sailing: Port Khazard
2059 2605 0	2670 3266 0	Board Mooring point 59834				571	Sailing: Necromancer Tower
2059 2605 0	2629 3704 0	Board Mooring point 59834				786	Sailing: Fremensund
2059 2605 0	2751 2951 0	Board Mooring point 59834				440	Sailing: Cairn Isle
2059 2605 0	2746 3304 0	Board Mooring point 59834				603	Sailing: Witchaven church
2059 2605 0	1726 3453 0	Board Mooring point 59834				512	Sailing: Charcoal Burners
2059 2605 0	1758 2655 0	Board Mooring point 59834				177	Sailing: The Crown Jewel
2059 2605 0	1776 3141 0	Board Mooring point 59834				416	Sailing: Fortis Cothon
2059 2605 0	2759 3229 0	Board Mooring point 59834				596	Sailing: North Brimhaven mine
2059 2605 0	2796 3413 0	Board Mooring point 59834				666	Sailing: Keep Le Faye
2059 2605 0	2878 3335 0	Board Mooring point 59834				667	Sailing: Entrana church
2059 2605 0	1844 3688 0	Board Mooring point 59834				605	Sailing: Port Piscarilius
2059 2605 0	2860 3970 0	Board Mooring point 59834				955	Sailing: Weiss
2059 2605 0	1873 2983 0	Board Mooring point 59834				248	Sailing: Vatrachos Island
2059 2605 0	2907 3225 0	Board Mooring point 59834				668	Sailing: Lone oak island
2059 2605 0	1892 3428 0	Board Mooring point 59834				466	Sailing: Chinchompa Island
2059 2605 0	2927 4055 0	Board Mooring point 59834				1006	Sailing: Grimstone
2059 2605 0	2996 2287 0	Board Mooring point 59834				556	Sailing: The Onyx Crest
2059 2605 0	2965 2608 0	Board Mooring point 59834				489	Sailing: 2965,2608
2059 2605 0	1958 3113 0	Board Mooring point 59834				298	Sailing: Minotaurs' Rest
2059 2605 0	2960 3146 0	Board Mooring point 59834				674	Sailing: Mudskipper Point
2059 2605 0	1953 4056 0	Board Mooring point 59834				767	Sailing: Brittle Isle
2059 2605 0	3069 2986 0	Board Mooring point 59834				607	Sailing: The Pandemonium (ship)
2059 2605 0	3050 3192 0	Board Mooring point 59834				705	Sailing: Bay of Sarim
2095 3188 0	2059 2605 0	Board Mooring point 59834				328	Sailing: Wintumber Island
2095 3188 0	2079 3689 0	Board Mooring point 59834				292	Sailing: Buccaneers' Haven
2095 3188 0	3173 2368 0	Board Mooring point 59834				748	Sailing: The Summer Shore
2095 3188 0	3145 2824 0	Board Mooring point 59834				642	Sailing: Sea Spirit Dock
2095 3188 0	2143 3121 0	Board Mooring point 59834				63	Sailing: Port Tyras
2095 3188 0	2157 3325 0	Board Mooring point 59834				101	Sailing: Tirannwn Bight
2095 3188 0	2148 3531 0	Board Mooring point 59834				202	Sailing: Drumstick Isle
2095 3188 0	2151 3880 0	Board Mooring point 59834				387	Sailing: Lunar Isle
2095 3188 0	2193 2319 0	Board Mooring point 59834				481	Sailing: Sunbleak Island
2095 3188 0	1201 2733 0	Board Mooring point 59834				567	Sailing: Laguna Aurorae
2095 3188 0	2220 3466 0	Board Mooring point 59834				206	Sailing: Ynysdail
2095 3188 0	2282 2821 0	Board Mooring point 59834				286	Sailing: 2282,2821
2095 3188 0	3353 2215 0	Board Mooring point 59834				868	Sailing: The Little Pearl
2095 3188 0	2344 2268 0	Board Mooring point 59834				543	Sailing: Rainbow's End
2095 3188 0	2320 2774 0	Board Mooring point 59834				306	Sailing: Tear of the Soul
2095 3188 0	2305 3689 0	Board Mooring point 59834				314	Sailing: Piscatoris bank
2095 3188 0	2310 3781 0	Board Mooring point 59834				361	Sailing: Neitiznot
2095 3188 0	2411 3781 0	Board Mooring point 59834				390	Sailing: Jatizso
2095 3188 0	2467 2718 0	Board Mooring point 59834				348	Sailing: Anglers' Retreat
2095 3188 0	1451 2969 0	Board Mooring point 59834				431	Sailing: Aldarin
2095 3188 0	2532 2531 0	Board Mooring point 59834				462	Sailing: Isle of Bones
2095 3188 0	1513 2973 0	Board Mooring point 59834				401	Sailing: Sunset Coast
2095 3188 0	1506 3402 0	Board Mooring point 59834				361	Sailing: Lands End
2095 3188 0	2542 3764 0	Board Mooring point 59834				455	Sailing: Waterbirth Island
2095 3188 0	2579 2843 0	Board Mooring point 59834				358	Sailing: Corsair Cove
2095 3188 0	2612 3841 0	Board Mooring point 59834				502	Sailing: Etceteria
2095 3188 0	2660 2392 0	Board Mooring point 59834				552	Sailing: Charred Island
2095 3188 0	2651 2677 0	Board Mooring point 59834				422	Sailing: Void Knights' Outpost
2095 3188 0	2685 3161 0	Board Mooring point 59834				544	Sailing: Port Khazard
2095 3188 0	2670 3266 0	Board Mooring point 59834				597	Sailing: Necromancer Tower
2095 3188 0	2629 3704 0	Board Mooring point 59834				483	Sailing: Fremensund
2095 3188 0	2751 2951 0	Board Mooring point 59834				466	Sailing: Cairn Isle
2095 3188 0	2746 3304 0	Board Mooring point 59834				629	Sailing: Witchaven church
2095 3188 0	1726 3453 0	Board Mooring point 59834				262	Sailing: Charcoal Burners
2095 3188 0	1758 2655 0	Board Mooring point 59834				358	Sailing: The Crown Jewel
2095 3188 0	1776 3141 0	Board Mooring point 59834				219	Sailing: Fortis Cothon
2095 3188 0	2759 3229 0	Board Mooring point 59834				621	Sailing: North Brimhaven mine
2095 3188 0	2796 3413 0	Board Mooring point 59834				692	Sailing: Keep Le Faye
2095 3188 0	2878 3335 0	Board Mooring point 59834				693	Sailing: Entrana church
2095 3188 0	1844 3688 0	Board Mooring point 59834				322	Sailing: Port Piscarilius
2095 3188 0	2860 3970 0	Board Mooring point 59834				653	Sailing: Weiss
2095 3188 0	1873 2983 0	Board Mooring point 59834				182	Sailing: Vatrachos Island
2095 3188 0	2907 3225 0	Board Mooring point 59834				694	Sailing: Lone oak island
2095 3188 0	1892 3428 0	Board Mooring point 59834				184	Sailing: Chinchompa Island
2095 3188 0	2927 4055 0	Board Mooring point 59834				704	Sailing: Grimstone
2095 3188 0	2996 2287 0	Board Mooring point 59834				683	Sailing: The Onyx Crest
2095 3188 0	2965 2608 0	Board Mooring point 59834				600	Sailing: 2965,2608
2095 3188 0	1958 3113 0	Board Mooring point 59834				110	Sailing: Minotaurs' Rest
2095 3188 0	2960 3146 0	Board Mooring point 59834				700	Sailing: Mudskipper Point
2095 3188 0	1953 4056 0	Board Mooring point 59834				484	Sailing: Brittle Isle
2095 3188 0	3069 2986 0	Board Mooring point 59834				633	Sailing: The Pandemonium (ship)
2095 3188 0	3050 3192 0	Board Mooring point 59834				730	Sailing: Bay of Sarim
2079 3689 0	2059 2605 0	Board Mooring point 59834				594	Sailing: Wintumber Island
2079 3689 0	2095 3188 0	Board Mooring point 59834				292	Sailing: Lledrith Island
2079 3689 0	3173 2368 0	Board Mooring point 59834				1015	Sailing: The Summer Shore
2079 3689 0	3145 2824 0	Board Mooring point 59834				909	Sailing: Sea Spirit Dock
2079 3689 0	2143 3121 0	Board Mooring point 59834				331	Sailing: Port Tyras
2079 3689 0	2157 3325 0	Board Mooring point 59834				231	Sailing: Tirannwn Bight
2079 3689 0	2148 3531 0	Board Mooring point 59834				130	Sailing: Drumstick Isle
2079 3689 0	2151 3880 0	Board Mooring point 59834				139	Sailing: Lunar Isle
2079 3689 0	2193 2319 0	Board Mooring point 59834				748	Sailing: Sunbleak Island
2079 3689 0	1201 2733 0	Board Mooring point 59834				813	Sailing: Laguna Aurorae
2079 3689 0	2220 3466 0	Board Mooring point 59834				183	Sailing: Ynysdail
2079 3689 0	2282 2821 0	Board Mooring point 59834				553	Sailing: 2282,2821
2079 3689 0	3353 2215 0	Board Mooring point 59834				1135	Sailing: The Little Pearl
2079 3689 0	2344 2268 0	Board Mooring point 59834				810	Sailing: Rainbow's End
2079 3689 0	2320 2774 0	Board Mooring point 59834				573	Sailing: Tear of the Soul
2079 3689 0	2305 3689 0	Board Mooring point 59834				136	Sailing: Piscatoris bank
2079 3689 0	2310 3781 0	Board Mooring point 59834				154	Sailing: Neitiznot
2079 3689 0	2411 3781 0	Board Mooring point 59834				205	Sailing: Jatizso
2079 3689 0	2467 2718 0	Board Mooring point 59834				615	Sailing: Anglers' Retreat
2079 3689 0	1451 2969 0	Board Mooring point 59834				677	Sailing: Aldarin
2079 3689 0	2532 2531 0	Board Mooring point 59834				729	Sailing: Isle of Bones
2079 3689 0	1513 2973 0	Board Mooring point 59834				647	Sailing: Sunset Coast
2079 3689 0	1506 3402 0	Board Mooring point 59834				398	Sailing: Lands End
2079 3689 0	2542 3764 0	Board Mooring point 59834				270	Sailing: Waterbirth Island
2079 3689 0	2579 2843 0	Board Mooring point 59834				626	Sailing: Corsair Cove
2079 3689 0	2612 3841 0	Board Mooring point 59834				318	Sailing: Etceteria
2079 3689 0	2660 2392 0	Board Mooring point 59834				819	Sailing: Charred Island
2079 3689 0	2651 2677 0	Board Mooring point 59834				689	Sailing: Void Knights' Outpost
2079 3689 0	2685 3161 0	Board Mooring point 59834				811	Sailing: Port Khazard
2079 3689 0	2670 3266 0	Board Mooring point 59834				864	Sailing: Necromancer Tower
2079 3689 0	2629 3704 0	Board Mooring point 59834				298	Sailing: Fremensund
2079 3689 0	2751 2951 0	Board Mooring point 59834				733	Sailing: Cairn Isle
2079 3689 0	2746 3304 0	Board Mooring point 59834				896	Sailing: Witchaven church
2079 3689 0	1726 3453 0	Board Mooring point 59834				285	Sailing: Charcoal Burners
2079 3689 0	1758 2655 0	Board Mooring point 59834				625	Sailing: The Crown Jewel
2079 3689 0	1776 3141 0	Board Mooring point 59834				385	Sailing: Fortis Cothon
2079 3689 0	2759 3229 0	Board Mooring point 59834				889	Sailing: North Brimhaven mine
2079 3689 0	2796 3413 0	Board Mooring point 59834				959	Sailing: Keep Le Faye
2079 3689 0	2878 3335 0	Board Mooring point 59834				960	Sailing: Entrana church
2079 3689 0	1844 3688 0	Board Mooring point 59834				154	Sailing: Port Piscarilius
2079 3689 0	2860 3970 0	Board Mooring point 59834				468	Sailing: Weiss
2079 3689 0	1873 2983 0	Board Mooring point 59834				440	Sailing: Vatrachos Island
2079 3689 0	2907 3225 0	Board Mooring point 59834				961	Sailing: Lone oak island
2079 3689 0	1892 3428 0	Board Mooring point 59834				213	Sailing: Chinchompa Island
2079 3689 0	2927 4055 0	Board Mooring point 59834				519	Sailing: Grimstone
2079 3689 0	2996 2287 0	Board Mooring point 59834				950	Sailing: The Onyx Crest
2079 3689 0	2965 2608 0	Board Mooring point 59834				867	Sailing: 2965,2608
2079 3689 0	1958 3113 0	Board Mooring point 59834				356	Sailing: Minotaurs' Rest
2079 3689 0	2960 3146 0	Board Mooring point 59834				967	Sailing: Mudskipper Point
2079 3689 0	1953 4056 0	Board Mooring point 59834				230	Sailing: Brittle Isle
2079 3689 0	3069 2986 0	Board Mooring point 59834				900	Sailing: The Pandemonium (ship)
2079 3689 0	3050 3192 0	Board Mooring point 59834				998	Sailing: Bay of Sarim
3173 2368 0	2059 2605 0	Board Gangplank 59832				629	Sailing: Wintumber Island
3173 2368 0	2095 3188 0	Board Gangplank 59832				748	Sailing: Lledrith Island
3173 2368 0	2079 3689 0	Board Gangplank 59832				1015	Sailing: Buccaneers' Haven
3173 2368 0	3145 2824 0	Board Gangplank 59832				300	Sailing: Sea Spirit Dock
3173 2368 0	2143 3121 0	Board Gangplank 59832				705	Sailing: Port Tyras
3173 2368 0	2157 3325 0	Board Gangplank 59832				810	Sailing: Tirannwn Bight
3173 2368 0	2148 3531 0	Board Gangplank 59832				921	Sailing: Drumstick Isle
3173 2368 0	2151 3880 0	Board Gangplank 59832				1105	Sailing: Lunar Isle
3173 2368 0	2193 2319 0	Board Gangplank 59832				524	Sailing: Sunbleak Island
3173 2368 0	1201 2733 0	Board Gangplank 59832				1081	Sailing: Laguna Aurorae
3173 2368 0	2220 3466 0	Board Gangplank 59832				924	Sailing: Ynysdail
3173 2368 0	2282 2821 0	Board Gangplank 59832				559	Sailing: 2282,2821
3173 2368 0	3353 2215 0	Board Gangplank 59832				141	Sailing: The Little Pearl
3173 2368 0	2344 2268 0	Board Gangplank 59832				455	Sailing: Rainbow's End
3173 2368 0	2320 2774 0	Board Gangplank 59832				533	Sailing: Tear of the Soul
3173 2368 0	2305 3689 0	Board Gangplank 59832				1032	Sailing: Piscatoris bank
3173 2368 0	2310 3781 0	Board Gangplank 59832				1080	Sailing: Neitiznot
3173 2368 0	2411 3781 0	Board Gangplank 59832				1108	Sailing: Jatizso
3173 2368 0	2467 2718 0	Board Gangplank 59832				450	Sailing: Anglers' Retreat
3173 2368 0	1451 2969 0	Board Gangplank 59832				1005	Sailing: Aldarin
3173 2368 0	2532 2531 0	Board Gangplank 59832				374	Sailing: Isle of Bones
3173 2368 0	1513 2973 0	Board Gangplank 59832				976	Sailing: Sunset Coast
3173 2368 0	1506 3402 0	Board Gangplank 59832				1069	Sailing: Lands End
3173 2368 0	2542 3764 0	Board Gangplank 59832				1173	Sailing: Waterbirth Island
3173 2368 0	2579 2843 0	Board Gangplank 59832				423	Sailing: Corsair Cove
3173 2368 0	2612 3841 0	Board Gangplank 59832				1221	Sailing: Etceteria
3173 2368 0	2660 2392 0	Board Gangplank 59832				283	Sailing: Charred Island
3173 2368 0	2651 2677 0	Board Gangplank 59832				346	Sailing: Void Knights' Outpost
3173 2368 0	2685 3161 0	Board Gangplank 59832				534	Sailing: Port Khazard
3173 2368 0	2670 3266 0	Board Gangplank 59832				589	Sailing: Necromancer Tower
3173 2368 0	2629 3704 0	Board Gangplank 59832				1202	Sailing: Fremensund
3173 2368 0	2751 2951 0	Board Gangplank 59832				416	Sailing: Cairn Isle
3173 2368 0	2746 3304 0	Board Gangplank 59832				609	Sailing: Witchaven church
3173 2368 0	1726 3453 0	Board Gangplank 59832				972	Sailing: Charcoal Burners
3173 2368 0	1758 2655 0	Board Gangplank 59832				784	Sailing: The Crown Jewel
3173 2368 0	1776 3141 0	Board Gangplank 59832				927	Sailing: Fortis Cothon
3173 2368 0	2759 3229 0	Board Gangplank 59832				588	Sailing: North Brimhaven mine
3173 2368 0	2796 3413 0	Board Gangplank 59832				645	Sailing: Keep Le Faye
3173 2368 0	2878 3335 0	Board Gangplank 59832				581	Sailing: Entrana church
3173 2368 0	1844 3688 0	Board Gangplank 59832				1049	Sailing: Port Piscarilius
3173 2368 0	2860 3970 0	Board Gangplank 59832				1367	Sailing: Weiss
3173 2368 0	1873 2983 0	Board Gangplank 59832				800	Sailing: Vatrachos Island
3173 2368 0	2907 3225 0	Board Gangplank 59832				520	Sailing: Lone oak island
3173 2368 0	1892 3428 0	Board Gangplank 59832				911	Sailing: Chinchompa Island
3173 2368 0	2927 4055 0	Board Gangplank 59832				1350	Sailing: Grimstone
3173 2368 0	2996 2287 0	Board Gangplank 59832				125	Sailing: The Onyx Crest
3173 2368 0	2965 2608 0	Board Gangplank 59832				195	Sailing: 2965,2608
3173 2368 0	1958 3113 0	Board Gangplank 59832				786	Sailing: Minotaurs' Rest
3173 2368 0	2960 3146 0	Board Gangplank 59832				470	Sailing: Mudskipper Point
3173 2368 0	1953 4056 0	Board Gangplank 59832				1211	Sailing: Brittle Isle
3173 2368 0	3069 2986 0	Board Gangplank 59832				368	Sailing: The Pandemonium (ship)
3173 2368 0	3050 3192 0	Board Gangplank 59832				476	Sailing: Bay of Sarim
3145 2824 0	2059 2605 0	Board Gangplank 59832				611	Sailing: Wintumber Island
3145 2824 0	2095 3188 0	Board Gangplank 59832				642	Sailing: Lledrith Island
3145 2824 0	2079 3689 0	Board Gangplank 59832				909	Sailing: Buccaneers' Haven
3145 2824 0	3173 2368 0	Board Gangplank 59832				300	Sailing: The Summer Shore
3145 2824 0	2143 3121 0	Board Gangplank 59832				599	Sailing: Port Tyras
3145 2824 0	2157 3325 0	Board Gangplank 59832				704	Sailing: Tirannwn Bight
3145 2824 0	2148 3531 0	Board Gangplank 59832				815	Sailing: Drumstick Isle
3145 2824 0	2151 3880 0	Board Gangplank 59832				999	Sailing: Lunar Isle
3145 2824 0	2193 2319 0	Board Gangplank 59832				603	Sailing: Sunbleak Island
3145 2824 0	1201 2733 0	Board Gangplank 59832				1011	Sailing: Laguna Aurorae
3145 2824 0	2220 3466 0	Board Gangplank 59832				818	Sailing: Ynysdail
3145 2824 0	2282 2821 0	Board Gangplank 59832				454	Sailing: 2282,2821
3145 2824 0	3353 2215 0	Board Gangplank 59832				371	Sailing: The Little Pearl
3145 2824 0	2344 2268 0	Board Gangplank 59832				534	Sailing: Rainbow's End
3145 2824 0	2320 2774 0	Board Gangplank 59832				453	Sailing: Tear of the Soul
3145 2824 0	2305 3689 0	Board Gangplank 59832				926	Sailing: Piscatoris bank
3145 2824 0	2310 3781 0	Board Gangplank 59832				974	Sailing: Neitiznot
3145 2824 0	2411 3781 0	Board Gangplank 59832				1002	Sailing: Jatizso
3145 2824 0	2467 2718 0	Board Gangplank 59832				381	Sailing: Anglers' Retreat
3145 2824 0	1451 2969 0	Board Gangplank 59832				920	Sailing: Aldarin
3145 2824 0	2532 2531 0	Board Gangplank 59832				386	Sailing: Isle of Bones
3145 2824 0	1513 2973 0	Board Gangplank 59832				891	Sailing: Sunset Coast
3145 2824 0	1506 3402 0	Board Gangplank 59832				963	Sailing: Lands End
3145 2824 0	2542 3764 0	Board Gangplank 59832				1067	Sailing: Waterbirth Island
3145 2824 0	2579 2843 0	Board Gangplank 59832				309	Sailing: Corsair Cove
3145 2824 0	2612 3841 0	Board Gangplank 59832				1115	Sailing: Etceteria
3145 2824 0	2660 2392 0	Board Gangplank 59832				351	Sailing: Charred Island
3145 2824 0	2651 2677 0	Board Gangplank 59832				297	Sailing: Void Knights' Outpost
3145 2824 0	2685 3161 0	Board Gangplank 59832				376	Sailing: Port Khazard
3145 2824 0	2670 3266 0	Board Gangplank 59832				388	Sailing: Necromancer Tower
3145 2824 0	2629 3704 0	Board Gangplank 59832				1096	Sailing: Fremensund
3145 2824 0	2751 2951 0	Board Gangplank 59832				258	Sailing: Cairn Isle
3145 2824 0	2746 3304 0	Board Gangplank 59832				358	Sailing: Witchaven church
3145 2824 0	1726 3453 0	Board Gangplank 59832				866	Sailing: Charcoal Burners
3145 2824 0	1758 2655 0	Board Gangplank 59832				744	Sailing: The Crown Jewel
3145 2824 0	1776 3141 0	Board Gangplank 59832				820	Sailing: Fortis Cothon
3145 2824 0	2759 3229 0	Board Gangplank 59832				337	Sailing: North Brimhaven mine
3145 2824 0	2796 3413 0	Board Gangplank 59832				394	Sailing: Keep Le Faye
3145 2824 0	2878 3335 0	Board Gangplank 59832				330	Sailing: Entrana church
3145 2824 0	1844 3688 0	Board Gangplank 59832				943	Sailing: Port Piscarilius
3145 2824 0	2860 3970 0	Board Gangplank 59832				1265	Sailing: Weiss
3145 2824 0	1873 2983 0	Board Gangplank 59832				704	Sailing: Vatrachos Island
3145 2824 0	2907 3225 0	Board Gangplank 59832				269	Sailing: Lone oak island
3145 2824 0	1892 3428 0	Board Gangplank 59832				805	Sailing: Chinchompa Island
3145 2824 0	2927 4055 0	Board Gangplank 59832				1266	Sailing: Grimstone
3145 2824 0	2996 2287 0	Board Gangplank 59832				319	Sailing: The Onyx Crest
3145 2824 0	2965 2608 0	Board Gangplank 59832				167	Sailing: 2965,2608
3145 2824 0	1958 3113 0	Board Gangplank 59832				679	Sailing: Minotaurs' Rest
3145 2824 0	2960 3146 0	Board Gangplank 59832				219	Sailing: Mudskipper Point
3145 2824 0	1953 4056 0	Board Gangplank 59832				1105	Sailing: Brittle Isle
3145 2824 0	3069 2986 0	Board Gangplank 59832				117	Sailing: The Pandemonium (ship)
3145 2824 0	3050 3192 0	Board Gangplank 59832				225	Sailing: Bay of Sarim
2143 3121 0	2059 2605 0	Board Gangplank 59832				299	Sailing: Wintumber Island
2143 3121 0	2095 3188 0	Board Gangplank 59832				63	Sailing: Lledrith Island
2143 3121 0	2079 3689 0	Board Gangplank 59832				331	Sailing: Buccaneers' Haven
2143 3121 0	3173 2368 0	Board Gangplank 59832				705	Sailing: The Summer Shore
2143 3121 0	3145 2824 0	Board Gangplank 59832				599	Sailing: Sea Spirit Dock
2143 3121 0	2157 3325 0	Board Gangplank 59832				126	Sailing: Tirannwn Bight
2143 3121 0	2148 3531 0	Board Gangplank 59832				236	Sailing: Drumstick Isle
2143 3121 0	2151 3880 0	Board Gangplank 59832				421	Sailing: Lunar Isle
2143 3121 0	2193 2319 0	Board Gangplank 59832				452	Sailing: Sunbleak Island
2143 3121 0	1201 2733 0	Board Gangplank 59832				571	Sailing: Laguna Aurorae
2143 3121 0	2220 3466 0	Board Gangplank 59832				240	Sailing: Ynysdail
2143 3121 0	2282 2821 0	Board Gangplank 59832				243	Sailing: 2282,2821
2143 3121 0	3353 2215 0	Board Gangplank 59832				825	Sailing: The Little Pearl
2143 3121 0	2344 2268 0	Board Gangplank 59832				508	Sailing: Rainbow's End
2143 3121 0	2320 2774 0	Board Gangplank 59832				263	Sailing: Tear of the Soul
2143 3121 0	2305 3689 0	Board Gangplank 59832				348	Sailing: Piscatoris bank
2143 3121 0	2310 3781 0	Board Gangplank 59832				396	Sailing: Neitiznot
2143 3121 0	2411 3781 0	Board Gangplank 59832				424	Sailing: Jatizso
2143 3121 0	2467 2718 0	Board Gangplank 59832				305	Sailing: Anglers' Retreat
2143 3121 0	1451 2969 0	Board Gangplank 59832				435	Sailing: Aldarin
2143 3121 0	2532 2531 0	Board Gangplank 59832				419	Sailing: Isle of Bones
2143 3121 0	1513 2973 0	Board Gangplank 59832				405	Sailing: Sunset Coast
2143 3121 0	1506 3402 0	Board Gangplank 59832				397	Sailing: Lands End
2143 3121 0	2542 3764 0	Board Gangplank 59832				489	Sailing: Waterbirth Island
2143 3121 0	2579 2843 0	Board Gangplank 59832				316	Sailing: Corsair Cove
2143 3121 0	2612 3841 0	Board Gangplank 59832				537	Sailing: Etceteria
2143 3121 0	2660 2392 0	Board Gangplank 59832				509	Sailing: Charred Island
2143 3121 0	2651 2677 0	Board Gangplank 59832				379	Sailing: Void Knights' Outpost
2143 3121 0	2685 3161 0	Board Gangplank 59832				501	Sailing: Port Khazard
2143 3121 0	2670 3266 0	Board Gangplank 59832				554	Sailing: Necromancer Tower
2143 3121 0	2629 3704 0	Board Gangplank 59832				518	Sailing: Fremensund
2143 3121 0	2751 2951 0	Board Gangplank 59832				423	Sailing: Cairn Isle
2143 3121 0	2746 3304 0	Board Gangplank 59832				586	Sailing: Witchaven church
2143 3121 0	1726 3453 0	Board Gangplank 59832				298	Sailing: Charcoal Burners
2143 3121 0	1758 2655 0	Board Gangplank 59832				329	Sailing: The Crown Jewel
2143 3121 0	1776 3141 0	Board Gangplank 59832				254	Sailing: Fortis Cothon
2143 3121 0	2759 3229 0	Board Gangplank 59832				579	Sailing: North Brimhaven mine
2143 3121 0	2796 3413 0	Board Gangplank 59832				649	Sailing: Keep Le Faye
2143 3121 0	2878 3335 0	Board Gangplank 59832				650	Sailing: Entrana church
2143 3121 0	1844 3688 0	Board Gangplank 59832				365	Sailing: Port Piscarilius
2143 3121 0	2860 3970 0	Board Gangplank 59832				687	Sailing: Weiss
2143 3121 0	1873 2983 0	Board Gangplank 59832				185	Sailing: Vatrachos Island
2143 3121 0	2907 3225 0	Board Gangplank 59832				651	Sailing: Lone oak island
2143 3121 0	1892 3428 0	Board Gangplank 59832				226	Sailing: Chinchompa Island
2143 3121 0	2927 4055 0	Board Gangplank 59832				738	Sailing: Grimstone
2143 3121 0	2996 2287 0	Board Gangplank 59832				640	Sailing: The Onyx Crest
2143 3121 0	2965 2608 0	Board Gangplank 59832				557	Sailing: 2965,2608
2143 3121 0	1958 3113 0	Board Gangplank 59832				114	Sailing: Minotaurs' Rest
2143 3121 0	2960 3146 0	Board Gangplank 59832				657	Sailing: Mudskipper Point
2143 3121 0	1953 4056 0	Board Gangplank 59832				527	Sailing: Brittle Isle
2143 3121 0	3069 2986 0	Board Gangplank 59832				590	Sailing: The Pandemonium (ship)
2143 3121 0	3050 3192 0	Board Gangplank 59832				688	Sailing: Bay of Sarim
2157 3325 0	2059 2605 0	Board Gangplank 59832				404	Sailing: Wintumber Island
2157 3325 0	2095 3188 0	Board Gangplank 59832				101	Sailing: Lledrith Island
2157 3325 0	2079 3689 0	Board Gangplank 59832				231	Sailing: Buccaneers' Haven
2157 3325 0	3173 2368 0	Board Gangplank 59832				810	Sailing: The Summer Shore
2157 3325 0	3145 2824 0	Board Gangplank 59832				704	Sailing: Sea Spirit Dock
2157 3325 0	2143 3121 0	Board Gangplank 59832				126	Sailing: Port Tyras
2157 3325 0	2148 3531 0	Board Gangplank 59832				137	Sailing: Drumstick Isle
2157 3325 0	2151 3880 0	Board Gangplank 59832				322	Sailing: Lunar Isle
2157 3325 0	2193 2319 0	Board Gangplank 59832				557	Sailing: Sunbleak Island
2157 3325 0	1201 2733 0	Board Gangplank 59832				623	Sailing: Laguna Aurorae
2157 3325 0	2220 3466 0	Board Gangplank 59832				141	Sailing: Ynysdail
2157 3325 0	2282 2821 0	Board Gangplank 59832				348	Sailing: 2282,2821
2157 3325 0	3353 2215 0	Board Gangplank 59832				930	Sailing: The Little Pearl
2157 3325 0	2344 2268 0	Board Gangplank 59832				614	Sailing: Rainbow's End
2157 3325 0	2320 2774 0	Board Gangplank 59832				368	Sailing: Tear of the Soul
2157 3325 0	2305 3689 0	Board Gangplank 59832				249	Sailing: Piscatoris bank
2157 3325 0	2310 3781 0	Board Gangplank 59832				296	Sailing: Neitiznot
2157 3325 0	2411 3781 0	Board Gangplank 59832				325	Sailing: Jatizso
2157 3325 0	2467 2718 0	Board Gangplank 59832				410	Sailing: Anglers' Retreat
2157 3325 0	1451 2969 0	Board Gangplank 59832				486	Sailing: Aldarin
2157 3325 0	2532 2531 0	Board Gangplank 59832				525	Sailing: Isle of Bones
2157 3325 0	1513 2973 0	Board Gangplank 59832				457	Sailing: Sunset Coast
2157 3325 0	1506 3402 0	Board Gangplank 59832				362	Sailing: Lands End
2157 3325 0	2542 3764 0	Board Gangplank 59832				390	Sailing: Waterbirth Island
2157 3325 0	2579 2843 0	Board Gangplank 59832				421	Sailing: Corsair Cove
2157 3325 0	2612 3841 0	Board Gangplank 59832				438	Sailing: Etceteria
2157 3325 0	2660 2392 0	Board Gangplank 59832				614	Sailing: Charred Island
2157 3325 0	2651 2677 0	Board Gangplank 59832				485	Sailing: Void Knights' Outpost
2157 3325 0	2685 3161 0	Board Gangplank 59832				607	Sailing: Port Khazard
2157 3325 0	2670 3266 0	Board Gangplank 59832				659	Sailing: Necromancer Tower
2157 3325 0	2629 3704 0	Board Gangplank 59832				418	Sailing: Fremensund
2157 3325 0	2751 2951 0	Board Gangplank 59832				528	Sailing: Cairn Isle
2157 3325 0	2746 3304 0	Board Gangplank 59832				691	Sailing: Witchaven church
2157 3325 0	1726 3453 0	Board Gangplank 59832				263	Sailing: Charcoal Burners
2157 3325 0	1758 2655 0	Board Gangplank 59832				434	Sailing: The Crown Jewel
2157 3325 0	1776 3141 0	Board Gangplank 59832				271	Sailing: Fortis Cothon
2157 3325 0	2759 3229 0	Board Gangplank 59832				684	Sailing: North Brimhaven mine
2157 3325 0	2796 3413 0	Board Gangplank 59832				754	Sailing: Keep Le Faye
2157 3325 0	2878 3335 0	Board Gangplank 59832				755	Sailing: Entrana church
2157 3325 0	1844 3688 0	Board Gangplank 59832				266	Sailing: Port Piscarilius
2157 3325 0	2860 3970 0	Board Gangplank 59832				588	Sailing: Weiss
2157 3325 0	1873 2983 0	Board Gangplank 59832				249	Sailing: Vatrachos Island
2157 3325 0	2907 3225 0	Board Gangplank 59832				756	Sailing: Lone oak island
2157 3325 0	1892 3428 0	Board Gangplank 59832				175	Sailing: Chinchompa Island
2157 3325 0	2927 4055 0	Board Gangplank 59832				639	Sailing: Grimstone
2157 3325 0	2996 2287 0	Board Gangplank 59832				745	Sailing: The Onyx Crest
2157 3325 0	2965 2608 0	Board Gangplank 59832				662	Sailing: 2965,2608
2157 3325 0	1958 3113 0	Board Gangplank 59832				165	Sailing: Minotaurs' Rest
2157 3325 0	2960 3146 0	Board Gangplank 59832				762	Sailing: Mudskipper Point
2157 3325 0	1953 4056 0	Board Gangplank 59832				428	Sailing: Brittle Isle
2157 3325 0	3069 2986 0	Board Gangplank 59832				695	Sailing: The Pandemonium (ship)
2157 3325 0	3050 3192 0	Board Gangplank 59832				793	Sailing: Bay of Sarim
2148 3531 0	2059 2605 0	Board Mooring point 59834				504	Sailing: Wintumber Island
2148 3531 0	2095 3188 0	Board Mooring point 59834				202	Sailing: Lledrith Island
2148 3531 0	2079 3689 0	Board Mooring point 59834				130	Sailing: Buccaneers' Haven
2148 3531 0	3173 2368 0	Board Mooring point 59834				921	Sailing: The Summer Shore
2148 3531 0	3145 2824 0	Board Mooring point 59834				815	Sailing: Sea Spirit Dock
2148 3531 0	2143 3121 0	Board Mooring point 59834				236	Sailing: Port Tyras
2148 3531 0	2157 3325 0	Board Mooring point 59834				137	Sailing: Tirannwn Bight
2148 3531 0	2151 3880 0	Board Mooring point 59834				214	Sailing: Lunar Isle
2148 3531 0	2193 2319 0	Board Mooring point 59834				657	Sailing: Sunbleak Island
2148 3531 0	1201 2733 0	Board Mooring point 59834				723	Sailing: Laguna Aurorae
2148 3531 0	2220 3466 0	Board Mooring point 59834				76	Sailing: Ynysdail
2148 3531 0	2282 2821 0	Board Mooring point 59834				459	Sailing: 2282,2821
2148 3531 0	3353 2215 0	Board Mooring point 59834				1041	Sailing: The Little Pearl
2148 3531 0	2344 2268 0	Board Mooring point 59834				719	Sailing: Rainbow's End
2148 3531 0	2320 2774 0	Board Mooring point 59834				479	Sailing: Tear of the Soul
2148 3531 0	2305 3689 0	Board Mooring point 59834				140	Sailing: Piscatoris bank
2148 3531 0	2310 3781 0	Board Mooring point 59834				188	Sailing: Neitiznot
2148 3531 0	2411 3781 0	Board Mooring point 59834				216	Sailing: Jatizso
2148 3531 0	2467 2718 0	Board Mooring point 59834				521	Sailing: Anglers' Retreat
2148 3531 0	1451 2969 0	Board Mooring point 59834				587	Sailing: Aldarin
2148 3531 0	2532 2531 0	Board Mooring point 59834				635	Sailing: Isle of Bones
2148 3531 0	1513 2973 0	Board Mooring point 59834				557	Sailing: Sunset Coast
2148 3531 0	1506 3402 0	Board Mooring point 59834				369	Sailing: Lands End
2148 3531 0	2542 3764 0	Board Mooring point 59834				281	Sailing: Waterbirth Island
2148 3531 0	2579 2843 0	Board Mooring point 59834				532	Sailing: Corsair Cove
2148 3531 0	2612 3841 0	Board Mooring point 59834				329	Sailing: Etceteria
2148 3531 0	2660 2392 0	Board Mooring point 59834				725	Sailing: Charred Island
2148 3531 0	2651 2677 0	Board Mooring point 59834				595	Sailing: Void Knights' Outpost
2148 3531 0	2685 3161 0	Board Mooring point 59834				717	Sailing: Port Khazard
2148 3531 0	2670 3266 0	Board Mooring point 59834				770	Sailing: Necromancer Tower
2148 3531 0	2629 3704 0	Board Mooring point 59834				310	Sailing: Fremensund
2148 3531 0	2751 2951 0	Board Mooring point 59834				639	Sailing: Cairn Isle
2148 3531 0	2746 3304 0	Board Mooring point 59834				802	Sailing: Witchaven church
2148 3531 0	1726 3453 0	Board Mooring point 59834				256	Sailing: Charcoal Burners
2148 3531 0	1758 2655 0	Board Mooring point 59834				535	Sailing: The Crown Jewel
2148 3531 0	1776 3141 0	Board Mooring point 59834				309	Sailing: Fortis Cothon
2148 3531 0	2759 3229 0	Board Mooring point 59834				794	Sailing: North Brimhaven mine
2148 3531 0	2796 3413 0	Board Mooring point 59834				865	Sailing: Keep Le Faye
2148 3531 0	2878 3335 0	Board Mooring point 59834				866	Sailing: Entrana church
2148 3531 0	1844 3688 0	Board Mooring point 59834				205	Sailing: Port Piscarilius
2148 3531 0	2860 3970 0	Board Mooring point 59834				480	Sailing: Weiss
2148 3531 0	1873 2983 0	Board Mooring point 59834				350	Sailing: Vatrachos Island
2148 3531 0	2907 3225 0	Board Mooring point 59834				867	Sailing: Lone oak island
2148 3531 0	1892 3428 0	Board Mooring point 59834				169	Sailing: Chinchompa Island
2148 3531 0	2927 4055 0	Board Mooring point 59834				531	Sailing: Grimstone
2148 3531 0	2996 2287 0	Board Mooring point 59834				856	Sailing: The Onyx Crest
2148 3531 0	2965 2608 0	Board Mooring point 59834				773	Sailing: 2965,2608
2148 3531 0	1958 3113 0	Board Mooring point 59834				266	Sailing: Minotaurs' Rest
2148 3531 0	2960 3146 0	Board Mooring point 59834				873	Sailing: Mudskipper Point
2148 3531 0	1953 4056 0	Board Mooring point 59834				326	Sailing: Brittle Isle
2148 3531 0	3069 2986 0	Board Mooring point 59834				806	Sailing: The Pandemonium (ship)
2148 3531 0	3050 3192 0	Board Mooring point 59834				903	Sailing: Bay of Sarim
2151 3880 0	2059 2605 0	Board Gangplank 59832				689	Sailing: Wintumber Island
2151 3880 0	2095 3188 0	Board Gangplank 59832				387	Sailing: Lledrith Island
2151 3880 0	2079 3689 0	Board Gangplank 59832				139	Sailing: Buccaneers' Haven
2151 3880 0	3173 2368 0	Board Gangplank 59832				1105	Sailing: The Summer Shore
2151 3880 0	3145 2824 0	Board Gangplank 59832				999	Sailing: Sea Spirit Dock
2151 3880 0	2143 3121 0	Board Gangplank 59832				421	Sailing: Port Tyras
2151 3880 0	2157 3325 0	Board Gangplank 59832				322	Sailing: Tirannwn Bight
2151 3880 0	2148 3531 0	Board Gangplank 59832				214	Sailing: Drumstick Isle
2151 3880 0	2193 2319 0	Board Gangplank 59832				842	Sailing: Sunbleak Island
2151 3880 0	1201 2733 0	Board Gangplank 59832				908	Sailing: Laguna Aurorae
2151 3880 0	2220 3466 0	Board Gangplank 59832				253	Sailing: Ynysdail
2151 3880 0	2282 2821 0	Board Gangplank 59832				644	Sailing: 2282,2821
2151 3880 0	3353 2215 0	Board Gangplank 59832				1226	Sailing: The Little Pearl
2151 3880 0	2344 2268 0	Board Gangplank 59832				904	Sailing: Rainbow's End
2151 3880 0	2320 2774 0	Board Gangplank 59832				664	Sailing: Tear of the Soul
2151 3880 0	2305 3689 0	Board Gangplank 59832				150	Sailing: Piscatoris bank
2151 3880 0	2310 3781 0	Board Gangplank 59832				119	Sailing: Neitiznot
2151 3880 0	2411 3781 0	Board Gangplank 59832				172	Sailing: Jatizso
2151 3880 0	2467 2718 0	Board Gangplank 59832				706	Sailing: Anglers' Retreat
2151 3880 0	1451 2969 0	Board Gangplank 59832				771	Sailing: Aldarin
2151 3880 0	2532 2531 0	Board Gangplank 59832				820	Sailing: Isle of Bones
2151 3880 0	1513 2973 0	Board Gangplank 59832				742	Sailing: Sunset Coast
2151 3880 0	1506 3402 0	Board Gangplank 59832				491	Sailing: Lands End
2151 3880 0	2542 3764 0	Board Gangplank 59832				240	Sailing: Waterbirth Island
2151 3880 0	2579 2843 0	Board Gangplank 59832				716	Sailing: Corsair Cove
2151 3880 0	2612 3841 0	Board Gangplank 59832				261	Sailing: Etceteria
2151 3880 0	2660 2392 0	Board Gangplank 59832				909	Sailing: Charred Island
2151 3880 0	2651 2677 0	Board Gangplank 59832				780	Sailing: Void Knights' Outpost
2151 3880 0	2685 3161 0	Board Gangplank 59832				902	Sailing: Port Khazard
2151 3880 0	2670 3266 0	Board Gangplank 59832				955	Sailing: Necromancer Tower
2151 3880 0	2629 3704 0	Board Gangplank 59832				296	Sailing: Fremensund
2151 3880 0	2751 2951 0	Board Gangplank 59832				824	Sailing: Cairn Isle
2151 3880 0	2746 3304 0	Board Gangplank 59832				986	Sailing: Witchaven church
2151 3880 0	1726 3453 0	Board Gangplank 59832				377	Sailing: Charcoal Burners
2151 3880 0	1758 2655 0	Board Gangplank 59832				720	Sailing: The Crown Jewel
2151 3880 0	1776 3141 0	Board Gangplank 59832				480	Sailing: Fortis Cothon
2151 3880 0	2759 3229 0	Board Gangplank 59832				979	Sailing: North Brimhaven mine
2151 3880 0	2796 3413 0	Board Gangplank 59832				1050	Sailing: Keep Le Faye
2151 3880 0	2878 3335 0	Board Gangplank 59832				1051	Sailing: Entrana church
2151 3880 0	1844 3688 0	Board Gangplank 59832				233	Sailing: Port Piscarilius
2151 3880 0	2860 3970 0	Board Gangplank 59832				393	Sailing: Weiss
2151 3880 0	1873 2983 0	Board Gangplank 59832				535	Sailing: Vatrachos Island
2151 3880 0	2907 3225 0	Board Gangplank 59832				1052	Sailing: Lone oak island
2151 3880 0	1892 3428 0	Board Gangplank 59832				308	Sailing: Chinchompa Island
2151 3880 0	2927 4055 0	Board Gangplank 59832				444	Sailing: Grimstone
2151 3880 0	2996 2287 0	Board Gangplank 59832				1041	Sailing: The Onyx Crest
2151 3880 0	2965 2608 0	Board Gangplank 59832				958	Sailing: 2965,2608
2151 3880 0	1958 3113 0	Board Gangplank 59832				451	Sailing: Minotaurs' Rest
2151 3880 0	2960 3146 0	Board Gangplank 59832				1058	Sailing: Mudskipper Point
2151 3880 0	1953 4056 0	Board Gangplank 59832				185	Sailing: Brittle Isle
2151 3880 0	3069 2986 0	Board Gangplank 59832				991	Sailing: The Pandemonium (ship)
2151 3880 0	3050 3192 0	Board Gangplank 59832				1088	Sailing: Bay of Sarim
2193 2319 0	2059 2605 0	Board Mooring point 59834				187	Sailing: Wintumber Island
2193 2319 0	2095 3188 0	Board Mooring point 59834				481	Sailing: Lledrith Island
2193 2319 0	2079 3689 0	Board Mooring point 59834				748	Sailing: Buccaneers' Haven
2193 2319 0	3173 2368 0	Board Mooring point 59834				524	Sailing: The Summer Shore
2193 2319 0	3145 2824 0	Board Mooring point 59834				603	Sailing: Sea Spirit Dock
2193 2319 0	2143 3121 0	Board Mooring point 59834				452	Sailing: Port Tyras
2193 2319 0	2157 3325 0	Board Mooring point 59834				557	Sailing: Tirannwn Bight
2193 2319 0	2148 3531 0	Board Mooring point 59834				657	Sailing: Drumstick Isle
2193 2319 0	2151 3880 0	Board Mooring point 59834				842	Sailing: Lunar Isle
2193 2319 0	1201 2733 0	Board Mooring point 59834				597	Sailing: Laguna Aurorae
2193 2319 0	2220 3466 0	Board Mooring point 59834				661	Sailing: Ynysdail
2193 2319 0	2282 2821 0	Board Mooring point 59834				295	Sailing: 2282,2821
2193 2319 0	3353 2215 0	Board Mooring point 59834				639	Sailing: The Little Pearl
2193 2319 0	2344 2268 0	Board Mooring point 59834				128	Sailing: Rainbow's End
2193 2319 0	2320 2774 0	Board Mooring point 59834				270	Sailing: Tear of the Soul
2193 2319 0	2305 3689 0	Board Mooring point 59834				769	Sailing: Piscatoris bank
2193 2319 0	2310 3781 0	Board Mooring point 59834				817	Sailing: Neitiznot
2193 2319 0	2411 3781 0	Board Mooring point 59834				845	Sailing: Jatizso
2193 2319 0	2467 2718 0	Board Mooring point 59834				274	Sailing: Anglers' Retreat
2193 2319 0	1451 2969 0	Board Mooring point 59834				521	Sailing: Aldarin
2193 2319 0	2532 2531 0	Board Mooring point 59834				242	Sailing: Isle of Bones
2193 2319 0	1513 2973 0	Board Mooring point 59834				492	Sailing: Sunset Coast
2193 2319 0	1506 3402 0	Board Mooring point 59834				734	Sailing: Lands End
2193 2319 0	2542 3764 0	Board Mooring point 59834				910	Sailing: Waterbirth Island
2193 2319 0	2579 2843 0	Board Mooring point 59834				360	Sailing: Corsair Cove
2193 2319 0	2612 3841 0	Board Mooring point 59834				958	Sailing: Etceteria
2193 2319 0	2660 2392 0	Board Mooring point 59834				277	Sailing: Charred Island
2193 2319 0	2651 2677 0	Board Mooring point 59834				326	Sailing: Void Knights' Outpost
2193 2319 0	2685 3161 0	Board Mooring point 59834				540	Sailing: Port Khazard
2193 2319 0	2670 3266 0	Board Mooring point 59834				593	Sailing: Necromancer Tower
2193 2319 0	2629 3704 0	Board Mooring point 59834				939	Sailing: Fremensund
2193 2319 0	2751 2951 0	Board Mooring point 59834				449	Sailing: Cairn Isle
2193 2319 0	2746 3304 0	Board Mooring point 59834				625	Sailing: Witchaven church
2193 2319 0	1726 3453 0	Board Mooring point 59834				678	Sailing: Charcoal Burners
2193 2319 0	1758 2655 0	Board Mooring point 59834				300	Sailing: The Crown Jewel
2193 2319 0	1776 3141 0	Board Mooring point 59834				582	Sailing: Fortis Cothon
2193 2319 0	2759 3229 0	Board Mooring point 59834				618	Sailing: North Brimhaven mine
2193 2319 0	2796 3413 0	Board Mooring point 59834				688	Sailing: Keep Le Faye
2193 2319 0	2878 3335 0	Board Mooring point 59834				689	Sailing: Entrana church
2193 2319 0	1844 3688 0	Board Mooring point 59834				772	Sailing: Port Piscarilius
2193 2319 0	2860 3970 0	Board Mooring point 59834				1108	Sailing: Weiss
2193 2319 0	1873 2983 0	Board Mooring point 59834				414	Sailing: Vatrachos Island
2193 2319 0	2907 3225 0	Board Mooring point 59834				690	Sailing: Lone oak island
2193 2319 0	1892 3428 0	Board Mooring point 59834				633	Sailing: Chinchompa Island
2193 2319 0	2927 4055 0	Board Mooring point 59834				1159	Sailing: Grimstone
2193 2319 0	2996 2287 0	Board Mooring point 59834				446	Sailing: The Onyx Crest
2193 2319 0	2965 2608 0	Board Mooring point 59834				471	Sailing: 2965,2608
2193 2319 0	1958 3113 0	Board Mooring point 59834				465	Sailing: Minotaurs' Rest
2193 2319 0	2960 3146 0	Board Mooring point 59834				666	Sailing: Mudskipper Point
2193 2319 0	1953 4056 0	Board Mooring point 59834				933	Sailing: Brittle Isle
2193 2319 0	3069 2986 0	Board Mooring point 59834				599	Sailing: The Pandemonium (ship)
2193 2319 0	3050 3192 0	Board Mooring point 59834				696	Sailing: Bay of Sarim
1201 2733 0	2059 2605 0	Board Mooring point 59834				474	Sailing: Wintumber Island
1201 2733 0	2095 3188 0	Board Mooring point 59834				567	Sailing: Lledrith Island
1201 2733 0	2079 3689 0	Board Mooring point 59834				813	Sailing: Buccaneers' Haven
1201 2733 0	3173 2368 0	Board Mooring point 59834				1081	Sailing: The Summer Shore
1201 2733 0	3145 2824 0	Board Mooring point 59834				1011	Sailing: Sea Spirit Dock
1201 2733 0	2143 3121 0	Board Mooring point 59834				571	Sailing: Port Tyras
1201 2733 0	2157 3325 0	Board Mooring point 59834				623	Sailing: Tirannwn Bight
1201 2733 0	2148 3531 0	Board Mooring point 59834				723	Sailing: Drumstick Isle
1201 2733 0	2151 3880 0	Board Mooring point 59834				908	Sailing: Lunar Isle
1201 2733 0	2193 2319 0	Board Mooring point 59834				597	Sailing: Sunbleak Island
1201 2733 0	2220 3466 0	Board Mooring point 59834				727	Sailing: Ynysdail
1201 2733 0	2282 2821 0	Board Mooring point 59834				603	Sailing: 2282,2821
1201 2733 0	3353 2215 0	Board Mooring point 59834				1202	Sailing: The Little Pearl
1201 2733 0	2344 2268 0	Board Mooring point 59834				690	Sailing: Rainbow's End
1201 2733 0	2320 2774 0	Board Mooring point 59834				587	Sailing: Tear of the Soul
1201 2733 0	2305 3689 0	Board Mooring point 59834				835	Sailing: Piscatoris bank
1201 2733 0	2310 3781 0	Board Mooring point 59834				882	Sailing: Neitiznot
1201 2733 0	2411 3781 0	Board Mooring point 59834				911	Sailing: Jatizso
1201 2733 0	2467 2718 0	Board Mooring point 59834				660	Sailing: Anglers' Retreat
1201 2733 0	1451 2969 0	Board Mooring point 59834				242	Sailing: Aldarin
1201 2733 0	2532 2531 0	Board Mooring point 59834				738	Sailing: Isle of Bones
1201 2733 0	1513 2973 0	Board Mooring point 59834				242	Sailing: Sunset Coast
1201 2733 0	1506 3402 0	Board Mooring point 59834				712	Sailing: Lands End
1201 2733 0	2542 3764 0	Board Mooring point 59834				976	Sailing: Waterbirth Island
1201 2733 0	2579 2843 0	Board Mooring point 59834				732	Sailing: Corsair Cove
1201 2733 0	2612 3841 0	Board Mooring point 59834				1023	Sailing: Etceteria
1201 2733 0	2660 2392 0	Board Mooring point 59834				828	Sailing: Charred Island
1201 2733 0	2651 2677 0	Board Mooring point 59834				756	Sailing: Void Knights' Outpost
1201 2733 0	2685 3161 0	Board Mooring point 59834				918	Sailing: Port Khazard
1201 2733 0	2670 3266 0	Board Mooring point 59834				971	Sailing: Necromancer Tower
1201 2733 0	2629 3704 0	Board Mooring point 59834				1004	Sailing: Fremensund
1201 2733 0	2751 2951 0	Board Mooring point 59834				840	Sailing: Cairn Isle
1201 2733 0	2746 3304 0	Board Mooring point 59834				1003	Sailing: Witchaven church
1201 2733 0	1726 3453 0	Board Mooring point 59834				657	Sailing: Charcoal Burners
1201 2733 0	1758 2655 0	Board Mooring point 59834				324	Sailing: The Crown Jewel
1201 2733 0	1776 3141 0	Board Mooring point 59834				561	Sailing: Fortis Cothon
1201 2733 0	2759 3229 0	Board Mooring point 59834				995	Sailing: North Brimhaven mine
1201 2733 0	2796 3413 0	Board Mooring point 59834				1066	Sailing: Keep Le Faye
1201 2733 0	2878 3335 0	Board Mooring point 59834				1067	Sailing: Entrana church
1201 2733 0	1844 3688 0	Board Mooring point 59834				756	Sailing: Port Piscarilius
1201 2733 0	2860 3970 0	Board Mooring point 59834				1174	Sailing: Weiss
1201 2733 0	1873 2983 0	Board Mooring point 59834				407	Sailing: Vatrachos Island
1201 2733 0	2907 3225 0	Board Mooring point 59834				1068	Sailing: Lone oak island
1201 2733 0	1892 3428 0	Board Mooring point 59834				622	Sailing: Chinchompa Island
1201 2733 0	2927 4055 0	Board Mooring point 59834				1225	Sailing: Grimstone
1201 2733 0	2996 2287 0	Board Mooring point 59834				1008	Sailing: The Onyx Crest
1201 2733 0	2965 2608 0	Board Mooring point 59834				934	Sailing: 2965,2608
1201 2733 0	1958 3113 0	Board Mooring point 59834				478	Sailing: Minotaurs' Rest
1201 2733 0	2960 3146 0	Board Mooring point 59834				1074	Sailing: Mudskipper Point
1201 2733 0	1953 4056 0	Board Mooring point 59834				946	Sailing: Brittle Isle
1201 2733 0	3069 2986 0	Board Mooring point 59834				1007	Sailing: The Pandemonium (ship)
1201 2733 0	3050 3192 0	Board Mooring point 59834				1104	Sailing: Bay of Sarim
2220 3466 0	2059 2605 0	Board Mooring point 59834				508	Sailing: Wintumber Island
2220 3466 0	2095 3188 0	Board Mooring point 59834				206	Sailing: Lledrith Island
2220 3466 0	2079 3689 0	Board Mooring point 59834				183	Sailing: Buccaneers' Haven
2220 3466 0	3173 2368 0	Board Mooring point 59834				924	Sailing: The Summer Shore
2220 3466 0	3145 2824 0	Board Mooring point 59834				818	Sailing: Sea Spirit Dock
2220 3466 0	2143 3121 0	Board Mooring point 59834				240	Sailing: Port Tyras
2220 3466 0	2157 3325 0	Board Mooring point 59834				141	Sailing: Tirannwn Bight
2220 3466 0	2148 3531 0	Board Mooring point 59834				76	Sailing: Drumstick Isle
2220 3466 0	2151 3880 0	Board Mooring point 59834				253	Sailing: Lunar Isle
2220 3466 0	2193 2319 0	Board Mooring point 59834				661	Sailing: Sunbleak Island
2220 3466 0	1201 2733 0	Board Mooring point 59834				727	Sailing: Laguna Aurorae
2220 3466 0	2282 2821 0	Board Mooring point 59834				463	Sailing: 2282,2821
2220 3466 0	3353 2215 0	Board Mooring point 59834				1045	Sailing: The Little Pearl
2220 3466 0	2344 2268 0	Board Mooring point 59834				723	Sailing: Rainbow's End
2220 3466 0	2320 2774 0	Board Mooring point 59834				483	Sailing: Tear of the Soul
2220 3466 0	2305 3689 0	Board Mooring point 59834				151	Sailing: Piscatoris bank
2220 3466 0	2310 3781 0	Board Mooring point 59834				198	Sailing: Neitiznot
2220 3466 0	2411 3781 0	Board Mooring point 59834				227	Sailing: Jatizso
2220 3466 0	2467 2718 0	Board Mooring point 59834				525	Sailing: Anglers' Retreat
2220 3466 0	1451 2969 0	Board Mooring point 59834				590	Sailing: Aldarin
2220 3466 0	2532 2531 0	Board Mooring point 59834				639	Sailing: Isle of Bones
2220 3466 0	1513 2973 0	Board Mooring point 59834				561	Sailing: Sunset Coast
2220 3466 0	1506 3402 0	Board Mooring point 59834				392	Sailing: Lands End
2220 3466 0	2542 3764 0	Board Mooring point 59834				292	Sailing: Waterbirth Island
2220 3466 0	2579 2843 0	Board Mooring point 59834				535	Sailing: Corsair Cove
2220 3466 0	2612 3841 0	Board Mooring point 59834				339	Sailing: Etceteria
2220 3466 0	2660 2392 0	Board Mooring point 59834				728	Sailing: Charred Island
2220 3466 0	2651 2677 0	Board Mooring point 59834				599	Sailing: Void Knights' Outpost
2220 3466 0	2685 3161 0	Board Mooring point 59834				721	Sailing: Port Khazard
2220 3466 0	2670 3266 0	Board Mooring point 59834				774	Sailing: Necromancer Tower
2220 3466 0	2629 3704 0	Board Mooring point 59834				320	Sailing: Fremensund
2220 3466 0	2751 2951 0	Board Mooring point 59834				642	Sailing: Cairn Isle
2220 3466 0	2746 3304 0	Board Mooring point 59834				805	Sailing: Witchaven church
2220 3466 0	1726 3453 0	Board Mooring point 59834				278	Sailing: Charcoal Burners
2220 3466 0	1758 2655 0	Board Mooring point 59834				539	Sailing: The Crown Jewel
2220 3466 0	1776 3141 0	Board Mooring point 59834				332	Sailing: Fortis Cothon
2220 3466 0	2759 3229 0	Board Mooring point 59834				798	Sailing: North Brimhaven mine
2220 3466 0	2796 3413 0	Board Mooring point 59834				869	Sailing: Keep Le Faye
2220 3466 0	2878 3335 0	Board Mooring point 59834				869	Sailing: Entrana church
2220 3466 0	1844 3688 0	Board Mooring point 59834				257	Sailing: Port Piscarilius
2220 3466 0	2860 3970 0	Board Mooring point 59834				490	Sailing: Weiss
2220 3466 0	1873 2983 0	Board Mooring point 59834				354	Sailing: Vatrachos Island
2220 3466 0	2907 3225 0	Board Mooring point 59834				871	Sailing: Lone oak island
2220 3466 0	1892 3428 0	Board Mooring point 59834				192	Sailing: Chinchompa Island
2220 3466 0	2927 4055 0	Board Mooring point 59834				541	Sailing: Grimstone
2220 3466 0	2996 2287 0	Board Mooring point 59834				860	Sailing: The Onyx Crest
2220 3466 0	2965 2608 0	Board Mooring point 59834				777	Sailing: 2965,2608
2220 3466 0	1958 3113 0	Board Mooring point 59834				270	Sailing: Minotaurs' Rest
2220 3466 0	2960 3146 0	Board Mooring point 59834				877	Sailing: Mudskipper Point
2220 3466 0	1953 4056 0	Board Mooring point 59834				379	Sailing: Brittle Isle
2220 3466 0	3069 2986 0	Board Mooring point 59834				810	Sailing: The Pandemonium (ship)
2220 3466 0	3050 3192 0	Board Mooring point 59834				907	Sailing: Bay of Sarim
2282 2821 0	2059 2605 0	Board Mooring point 59834				204	Sailing: Wintumber Island
2282 2821 0	2095 3188 0	Board Mooring point 59834				286	Sailing: Lledrith Island
2282 2821 0	2079 3689 0	Board Mooring point 59834				553	Sailing: Buccaneers' Haven
2282 2821 0	3173 2368 0	Board Mooring point 59834				559	Sailing: The Summer Shore
2282 2821 0	3145 2824 0	Board Mooring point 59834				454	Sailing: Sea Spirit Dock
2282 2821 0	2143 3121 0	Board Mooring point 59834				243	Sailing: Port Tyras
2282 2821 0	2157 3325 0	Board Mooring point 59834				348	Sailing: Tirannwn Bight
2282 2821 0	2148 3531 0	Board Mooring point 59834				459	Sailing: Drumstick Isle
2282 2821 0	2151 3880 0	Board Mooring point 59834				644	Sailing: Lunar Isle
2282 2821 0	2193 2319 0	Board Mooring point 59834				295	Sailing: Sunbleak Island
2282 2821 0	1201 2733 0	Board Mooring point 59834				603	Sailing: Laguna Aurorae
2282 2821 0	2220 3466 0	Board Mooring point 59834				463	Sailing: Ynysdail
2282 2821 0	3353 2215 0	Board Mooring point 59834				680	Sailing: The Little Pearl
2282 2821 0	2344 2268 0	Board Mooring point 59834				311	Sailing: Rainbow's End
2282 2821 0	2320 2774 0	Board Mooring point 59834				52	Sailing: Tear of the Soul
2282 2821 0	2305 3689 0	Board Mooring point 59834				570	Sailing: Piscatoris bank
2282 2821 0	2310 3781 0	Board Mooring point 59834				618	Sailing: Neitiznot
2282 2821 0	2411 3781 0	Board Mooring point 59834				646	Sailing: Jatizso
2282 2821 0	2467 2718 0	Board Mooring point 59834				133	Sailing: Anglers' Retreat
2282 2821 0	1451 2969 0	Board Mooring point 59834				513	Sailing: Aldarin
2282 2821 0	2532 2531 0	Board Mooring point 59834				224	Sailing: Isle of Bones
2282 2821 0	1513 2973 0	Board Mooring point 59834				484	Sailing: Sunset Coast
2282 2821 0	1506 3402 0	Board Mooring point 59834				601	Sailing: Lands End
2282 2821 0	2542 3764 0	Board Mooring point 59834				711	Sailing: Waterbirth Island
2282 2821 0	2579 2843 0	Board Mooring point 59834				176	Sailing: Corsair Cove
2282 2821 0	2612 3841 0	Board Mooring point 59834				759	Sailing: Etceteria
2282 2821 0	2660 2392 0	Board Mooring point 59834				313	Sailing: Charred Island
2282 2821 0	2651 2677 0	Board Mooring point 59834				234	Sailing: Void Knights' Outpost
2282 2821 0	2685 3161 0	Board Mooring point 59834				362	Sailing: Port Khazard
2282 2821 0	2670 3266 0	Board Mooring point 59834				415	Sailing: Necromancer Tower
2282 2821 0	2629 3704 0	Board Mooring point 59834				740	Sailing: Fremensund
2282 2821 0	2751 2951 0	Board Mooring point 59834				284	Sailing: Cairn Isle
2282 2821 0	2746 3304 0	Board Mooring point 59834				446	Sailing: Witchaven church
2282 2821 0	1726 3453 0	Board Mooring point 59834				510	Sailing: Charcoal Burners
2282 2821 0	1758 2655 0	Board Mooring point 59834				337	Sailing: The Crown Jewel
2282 2821 0	1776 3141 0	Board Mooring point 59834				449	Sailing: Fortis Cothon
2282 2821 0	2759 3229 0	Board Mooring point 59834				439	Sailing: North Brimhaven mine
2282 2821 0	2796 3413 0	Board Mooring point 59834				510	Sailing: Keep Le Faye
2282 2821 0	2878 3335 0	Board Mooring point 59834				511	Sailing: Entrana church
2282 2821 0	1844 3688 0	Board Mooring point 59834				588	Sailing: Port Piscarilius
2282 2821 0	2860 3970 0	Board Mooring point 59834				910	Sailing: Weiss
2282 2821 0	1873 2983 0	Board Mooring point 59834				308	Sailing: Vatrachos Island
2282 2821 0	2907 3225 0	Board Mooring point 59834				512	Sailing: Lone oak island
2282 2821 0	1892 3428 0	Board Mooring point 59834				449	Sailing: Chinchompa Island
2282 2821 0	2927 4055 0	Board Mooring point 59834				961	Sailing: Grimstone
2282 2821 0	2996 2287 0	Board Mooring point 59834				486	Sailing: The Onyx Crest
2282 2821 0	2965 2608 0	Board Mooring point 59834				412	Sailing: 2965,2608
2282 2821 0	1958 3113 0	Board Mooring point 59834				324	Sailing: Minotaurs' Rest
2282 2821 0	2960 3146 0	Board Mooring point 59834				518	Sailing: Mudskipper Point
2282 2821 0	1953 4056 0	Board Mooring point 59834				749	Sailing: Brittle Isle
2282 2821 0	3069 2986 0	Board Mooring point 59834				451	Sailing: The Pandemonium (ship)
2282 2821 0	3050 3192 0	Board Mooring point 59834				548	Sailing: Bay of Sarim
3353 2215 0	2059 2605 0	Board Mooring point 59834				749	Sailing: Wintumber Island
3353 2215 0	2095 3188 0	Board Mooring point 59834				868	Sailing: Lledrith Island
3353 2215 0	2079 3689 0	Board Mooring point 59834				1135	Sailing: Buccaneers' Haven
3353 2215 0	3173 2368 0	Board Mooring point 59834				141	Sailing: The Summer Shore
3353 2215 0	3145 2824 0	Board Mooring point 59834				371	Sailing: Sea Spirit Dock
3353 2215 0	2143 3121 0	Board Mooring point 59834				825	Sailing: Port Tyras
3353 2215 0	2157 3325 0	Board Mooring point 59834				930	Sailing: Tirannwn Bight
3353 2215 0	2148 3531 0	Board Mooring point 59834				1041	Sailing: Drumstick Isle
3353 2215 0	2151 3880 0	Board Mooring point 59834				1226	Sailing: Lunar Isle
3353 2215 0	2193 2319 0	Board Mooring point 59834				639	Sailing: Sunbleak Island
3353 2215 0	1201 2733 0	Board Mooring point 59834				1202	Sailing: Laguna Aurorae
3353 2215 0	2220 3466 0	Board Mooring point 59834				1045	Sailing: Ynysdail
3353 2215 0	2282 2821 0	Board Mooring point 59834				680	Sailing: 2282,2821
3353 2215 0	2344 2268 0	Board Mooring point 59834				535	Sailing: Rainbow's End
3353 2215 0	2320 2774 0	Board Mooring point 59834				654	Sailing: Tear of the Soul
3353 2215 0	2305 3689 0	Board Mooring point 59834				1153	Sailing: Piscatoris bank
3353 2215 0	2310 3781 0	Board Mooring point 59834				1200	Sailing: Neitiznot
3353 2215 0	2411 3781 0	Board Mooring point 59834				1229	Sailing: Jatizso
3353 2215 0	2467 2718 0	Board Mooring point 59834				571	Sailing: Anglers' Retreat
3353 2215 0	1451 2969 0	Board Mooring point 59834				1126	Sailing: Aldarin
3353 2215 0	2532 2531 0	Board Mooring point 59834				495	Sailing: Isle of Bones
3353 2215 0	1513 2973 0	Board Mooring point 59834				1096	Sailing: Sunset Coast
3353 2215 0	1506 3402 0	Board Mooring point 59834				1189	Sailing: Lands End
3353 2215 0	2542 3764 0	Board Mooring point 59834				1294	Sailing: Waterbirth Island
3353 2215 0	2579 2843 0	Board Mooring point 59834				543	Sailing: Corsair Cove
3353 2215 0	2612 3841 0	Board Mooring point 59834				1341	Sailing: Etceteria
3353 2215 0	2660 2392 0	Board Mooring point 59834				404	Sailing: Charred Island
3353 2215 0	2651 2677 0	Board Mooring point 59834				466	Sailing: Void Knights' Outpost
3353 2215 0	2685 3161 0	Board Mooring point 59834				654	Sailing: Port Khazard
3353 2215 0	2670 3266 0	Board Mooring point 59834				709	Sailing: Necromancer Tower
3353 2215 0	2629 3704 0	Board Mooring point 59834				1322	Sailing: Fremensund
3353 2215 0	2751 2951 0	Board Mooring point 59834				536	Sailing: Cairn Isle
3353 2215 0	2746 3304 0	Board Mooring point 59834				705	Sailing: Witchaven church
3353 2215 0	1726 3453 0	Board Mooring point 59834				1092	Sailing: Charcoal Burners
3353 2215 0	1758 2655 0	Board Mooring point 59834				905	Sailing: The Crown Jewel
3353 2215 0	1776 3141 0	Board Mooring point 59834				1047	Sailing: Fortis Cothon
3353 2215 0	2759 3229 0	Board Mooring point 59834				684	Sailing: North Brimhaven mine
3353 2215 0	2796 3413 0	Board Mooring point 59834				741	Sailing: Keep Le Faye
3353 2215 0	2878 3335 0	Board Mooring point 59834				678	Sailing: Entrana church
3353 2215 0	1844 3688 0	Board Mooring point 59834				1170	Sailing: Port Piscarilius
3353 2215 0	2860 3970 0	Board Mooring point 59834				1324	Sailing: Weiss
3353 2215 0	1873 2983 0	Board Mooring point 59834				921	Sailing: Vatrachos Island
3353 2215 0	2907 3225 0	Board Mooring point 59834				617	Sailing: Lone oak island
3353 2215 0	1892 3428 0	Board Mooring point 59834				1031	Sailing: Chinchompa Island
3353 2215 0	2927 4055 0	Board Mooring point 59834				1307	Sailing: Grimstone
3353 2215 0	2996 2287 0	Board Mooring point 59834				214	Sailing: The Onyx Crest
3353 2215 0	2965 2608 0	Board Mooring point 59834				316	Sailing: 2965,2608
3353 2215 0	1958 3113 0	Board Mooring point 59834				906	Sailing: Minotaurs' Rest
3353 2215 0	2960 3146 0	Board Mooring point 59834				566	Sailing: Mudskipper Point
3353 2215 0	1953 4056 0	Board Mooring point 59834				1332	Sailing: Brittle Isle
3353 2215 0	3069 2986 0	Board Mooring point 59834				464	Sailing: The Pandemonium (ship)
3353 2215 0	3050 3192 0	Board Mooring point 59834				572	Sailing: Bay of Sarim
2344 2268 0	2059 2605 0	Board Mooring point 59834				248	Sailing: Wintumber Island
2344 2268 0	2095 3188 0	Board Mooring point 59834				543	Sailing: Lledrith Island
2344 2268 0	2079 3689 0	Board Mooring point 59834				810	Sailing: Buccaneers' Haven
2344 2268 0	3173 2368 0	Board Mooring point 59834				455	Sailing: The Summer Shore
2344 2268 0	3145 2824 0	Board Mooring point 59834				534	Sailing: Sea Spirit Dock
2344 2268 0	2143 3121 0	Board Mooring point 59834				508	Sailing: Port Tyras
2344 2268 0	2157 3325 0	Board Mooring point 59834				614	Sailing: Tirannwn Bight
2344 2268 0	2148 3531 0	Board Mooring point 59834				719	Sailing: Drumstick Isle
2344 2268 0	2151 3880 0	Board Mooring point 59834				904	Sailing: Lunar Isle
2344 2268 0	2193 2319 0	Board Mooring point 59834				128	Sailing: Sunbleak Island
2344 2268 0	1201 2733 0	Board Mooring point 59834				690	Sailing: Laguna Aurorae
2344 2268 0	2220 3466 0	Board Mooring point 59834				723	Sailing: Ynysdail
2344 2268 0	2282 2821 0	Board Mooring point 59834				311	Sailing: 2282,2821
2344 2268 0	3353 2215 0	Board Mooring point 59834				535	Sailing: The Little Pearl
2344 2268 0	2320 2774 0	Board Mooring point 59834				279	Sailing: Tear of the Soul
2344 2268 0	2305 3689 0	Board Mooring point 59834				830	Sailing: Piscatoris bank
2344 2268 0	2310 3781 0	Board Mooring point 59834				878	Sailing: Neitiznot
2344 2268 0	2411 3781 0	Board Mooring point 59834				906	Sailing: Jatizso
2344 2268 0	2467 2718 0	Board Mooring point 59834				271	Sailing: Anglers' Retreat
2344 2268 0	1451 2969 0	Board Mooring point 59834				614	Sailing: Aldarin
2344 2268 0	2532 2531 0	Board Mooring point 59834				191	Sailing: Isle of Bones
2344 2268 0	1513 2973 0	Board Mooring point 59834				585	Sailing: Sunset Coast
2344 2268 0	1506 3402 0	Board Mooring point 59834				796	Sailing: Lands End
2344 2268 0	2542 3764 0	Board Mooring point 59834				971	Sailing: Waterbirth Island
2344 2268 0	2579 2843 0	Board Mooring point 59834				357	Sailing: Corsair Cove
2344 2268 0	2612 3841 0	Board Mooring point 59834				1019	Sailing: Etceteria
2344 2268 0	2660 2392 0	Board Mooring point 59834				209	Sailing: Charred Island
2344 2268 0	2651 2677 0	Board Mooring point 59834				291	Sailing: Void Knights' Outpost
2344 2268 0	2685 3161 0	Board Mooring point 59834				537	Sailing: Port Khazard
2344 2268 0	2670 3266 0	Board Mooring point 59834				590	Sailing: Necromancer Tower
2344 2268 0	2629 3704 0	Board Mooring point 59834				1000	Sailing: Fremensund
2344 2268 0	2751 2951 0	Board Mooring point 59834				446	Sailing: Cairn Isle
2344 2268 0	2746 3304 0	Board Mooring point 59834				622	Sailing: Witchaven church
2344 2268 0	1726 3453 0	Board Mooring point 59834				740	Sailing: Charcoal Burners
2344 2268 0	1758 2655 0	Board Mooring point 59834				393	Sailing: The Crown Jewel
2344 2268 0	1776 3141 0	Board Mooring point 59834				644	Sailing: Fortis Cothon
2344 2268 0	2759 3229 0	Board Mooring point 59834				615	Sailing: North Brimhaven mine
2344 2268 0	2796 3413 0	Board Mooring point 59834				685	Sailing: Keep Le Faye
2344 2268 0	2878 3335 0	Board Mooring point 59834				686	Sailing: Entrana church
2344 2268 0	1844 3688 0	Board Mooring point 59834				833	Sailing: Port Piscarilius
2344 2268 0	2860 3970 0	Board Mooring point 59834				1170	Sailing: Weiss
2344 2268 0	1873 2983 0	Board Mooring point 59834				476	Sailing: Vatrachos Island
2344 2268 0	2907 3225 0	Board Mooring point 59834				661	Sailing: Lone oak island
2344 2268 0	1892 3428 0	Board Mooring point 59834				694	Sailing: Chinchompa Island
2344 2268 0	2927 4055 0	Board Mooring point 59834				1221	Sailing: Grimstone
2344 2268 0	2996 2287 0	Board Mooring point 59834				354	Sailing: The Onyx Crest
2344 2268 0	2965 2608 0	Board Mooring point 59834				402	Sailing: 2965,2608
2344 2268 0	1958 3113 0	Board Mooring point 59834				526	Sailing: Minotaurs' Rest
2344 2268 0	2960 3146 0	Board Mooring point 59834				611	Sailing: Mudskipper Point
2344 2268 0	1953 4056 0	Board Mooring point 59834				995	Sailing: Brittle Isle
2344 2268 0	3069 2986 0	Board Mooring point 59834				542	Sailing: The Pandemonium (ship)
2344 2268 0	3050 3192 0	Board Mooring point 59834				641	Sailing: Bay of Sarim
2320 2774 0	2059 2605 0	Board Mooring point 59834				187	Sailing: Wintumber Island
2320 2774 0	2095 3188 0	Board Mooring point 59834				306	Sailing: Lledrith Island
2320 2774 0	2079 3689 0	Board Mooring point 59834				573	Sailing: Buccaneers' Haven
2320 2774 0	3173 2368 0	Board Mooring point 59834				533	Sailing: The Summer Shore
2320 2774 0	3145 2824 0	Board Mooring point 59834				453	Sailing: Sea Spirit Dock
2320 2774 0	2143 3121 0	Board Mooring point 59834				263	Sailing: Port Tyras
2320 2774 0	2157 3325 0	Board Mooring point 59834				368	Sailing: Tirannwn Bight
2320 2774 0	2148 3531 0	Board Mooring point 59834				479	Sailing: Drumstick Isle
2320 2774 0	2151 3880 0	Board Mooring point 59834				664	Sailing: Lunar Isle
2320 2774 0	2193 2319 0	Board Mooring point 59834				270	Sailing: Sunbleak Island
2320 2774 0	1201 2733 0	Board Mooring point 59834				587	Sailing: Laguna Aurorae
2320 2774 0	2220 3466 0	Board Mooring point 59834				483	Sailing: Ynysdail
2320 2774 0	2282 2821 0	Board Mooring point 59834				52	Sailing: 2282,2821
2320 2774 0	3353 2215 0	Board Mooring point 59834				654	Sailing: The Little Pearl
2320 2774 0	2344 2268 0	Board Mooring point 59834				279	Sailing: Rainbow's End
2320 2774 0	2305 3689 0	Board Mooring point 59834				590	Sailing: Piscatoris bank
2320 2774 0	2310 3781 0	Board Mooring point 59834				638	Sailing: Neitiznot
2320 2774 0	2411 3781 0	Board Mooring point 59834				666	Sailing: Jatizso
2320 2774 0	2467 2718 0	Board Mooring point 59834				107	Sailing: Anglers' Retreat
2320 2774 0	1451 2969 0	Board Mooring point 59834				497	Sailing: Aldarin
2320 2774 0	2532 2531 0	Board Mooring point 59834				192	Sailing: Isle of Bones
2320 2774 0	1513 2973 0	Board Mooring point 59834				468	Sailing: Sunset Coast
2320 2774 0	1506 3402 0	Board Mooring point 59834				585	Sailing: Lands End
2320 2774 0	2542 3764 0	Board Mooring point 59834				731	Sailing: Waterbirth Island
2320 2774 0	2579 2843 0	Board Mooring point 59834				175	Sailing: Corsair Cove
2320 2774 0	2612 3841 0	Board Mooring point 59834				779	Sailing: Etceteria
2320 2774 0	2660 2392 0	Board Mooring point 59834				281	Sailing: Charred Island
2320 2774 0	2651 2677 0	Board Mooring point 59834				208	Sailing: Void Knights' Outpost
2320 2774 0	2685 3161 0	Board Mooring point 59834				361	Sailing: Port Khazard
2320 2774 0	2670 3266 0	Board Mooring point 59834				413	Sailing: Necromancer Tower
2320 2774 0	2629 3704 0	Board Mooring point 59834				760	Sailing: Fremensund
2320 2774 0	2751 2951 0	Board Mooring point 59834				282	Sailing: Cairn Isle
2320 2774 0	2746 3304 0	Board Mooring point 59834				445	Sailing: Witchaven church
2320 2774 0	1726 3453 0	Board Mooring point 59834				529	Sailing: Charcoal Burners
2320 2774 0	1758 2655 0	Board Mooring point 59834				320	Sailing: The Crown Jewel
2320 2774 0	1776 3141 0	Board Mooring point 59834				433	Sailing: Fortis Cothon
2320 2774 0	2759 3229 0	Board Mooring point 59834				438	Sailing: North Brimhaven mine
2320 2774 0	2796 3413 0	Board Mooring point 59834				509	Sailing: Keep Le Faye
2320 2774 0	2878 3335 0	Board Mooring point 59834				509	Sailing: Entrana church
2320 2774 0	1844 3688 0	Board Mooring point 59834				608	Sailing: Port Piscarilius
2320 2774 0	2860 3970 0	Board Mooring point 59834				930	Sailing: Weiss
2320 2774 0	1873 2983 0	Board Mooring point 59834				292	Sailing: Vatrachos Island
2320 2774 0	2907 3225 0	Board Mooring point 59834				510	Sailing: Lone oak island
2320 2774 0	1892 3428 0	Board Mooring point 59834				469	Sailing: Chinchompa Island
2320 2774 0	2927 4055 0	Board Mooring point 59834				981	Sailing: Grimstone
2320 2774 0	2996 2287 0	Board Mooring point 59834				460	Sailing: The Onyx Crest
2320 2774 0	2965 2608 0	Board Mooring point 59834				386	Sailing: 2965,2608
2320 2774 0	1958 3113 0	Board Mooring point 59834				315	Sailing: Minotaurs' Rest
2320 2774 0	2960 3146 0	Board Mooring point 59834				516	Sailing: Mudskipper Point
2320 2774 0	1953 4056 0	Board Mooring point 59834				769	Sailing: Brittle Isle
2320 2774 0	3069 2986 0	Board Mooring point 59834				449	Sailing: The Pandemonium (ship)
2320 2774 0	3050 3192 0	Board Mooring point 59834				547	Sailing: Bay of Sarim
2305 3689 0	2059 2605 0	Board Gangplank 59832				616	Sailing: Wintumber Island
2305 3689 0	2095 3188 0	Board Gangplank 59832				314	Sailing: Lledrith Island
2305 3689 0	2079 3689 0	Board Gangplank 59832				136	Sailing: Buccaneers' Haven
2305 3689 0	3173 2368 0	Board Gangplank 59832				1032	Sailing: The Summer Shore
2305 3689 0	3145 2824 0	Board Gangplank 59832				926	Sailing: Sea Spirit Dock
2305 3689 0	2143 3121 0	Board Gangplank 59832				348	Sailing: Port Tyras
2305 3689 0	2157 3325 0	Board Gangplank 59832				249	Sailing: Tirannwn Bight
2305 3689 0	2148 3531 0	Board Gangplank 59832				140	Sailing: Drumstick Isle
2305 3689 0	2151 3880 0	Board Gangplank 59832				150	Sailing: Lunar Isle
2305 3689 0	2193 2319 0	Board Gangplank 59832				769	Sailing: Sunbleak Island
2305 3689 0	1201 2733 0	Board Gangplank 59832				835	Sailing: Laguna Aurorae
2305 3689 0	2220 3466 0	Board Gangplank 59832				151	Sailing: Ynysdail
2305 3689 0	2282 2821 0	Board Gangplank 59832				570	Sailing: 2282,2821
2305 3689 0	3353 2215 0	Board Gangplank 59832				1153	Sailing: The Little Pearl
2305 3689 0	2344 2268 0	Board Gangplank 59832				830	Sailing: Rainbow's End
2305 3689 0	2320 2774 0	Board Gangplank 59832				590	Sailing: Tear of the Soul
2305 3689 0	2310 3781 0	Board Gangplank 59832				68	Sailing: Neitiznot
2305 3689 0	2411 3781 0	Board Gangplank 59832				96	Sailing: Jatizso
2305 3689 0	2467 2718 0	Board Gangplank 59832				633	Sailing: Anglers' Retreat
2305 3689 0	1451 2969 0	Board Gangplank 59832				698	Sailing: Aldarin
2305 3689 0	2532 2531 0	Board Gangplank 59832				747	Sailing: Isle of Bones
2305 3689 0	1513 2973 0	Board Gangplank 59832				669	Sailing: Sunset Coast
2305 3689 0	1506 3402 0	Board Gangplank 59832				479	Sailing: Lands End
2305 3689 0	2542 3764 0	Board Gangplank 59832				161	Sailing: Waterbirth Island
2305 3689 0	2579 2843 0	Board Gangplank 59832				643	Sailing: Corsair Cove
2305 3689 0	2612 3841 0	Board Gangplank 59832				209	Sailing: Etceteria
2305 3689 0	2660 2392 0	Board Gangplank 59832				836	Sailing: Charred Island
2305 3689 0	2651 2677 0	Board Gangplank 59832				707	Sailing: Void Knights' Outpost
2305 3689 0	2685 3161 0	Board Gangplank 59832				829	Sailing: Port Khazard
2305 3689 0	2670 3266 0	Board Gangplank 59832				881	Sailing: Necromancer Tower
2305 3689 0	2629 3704 0	Board Gangplank 59832				190	Sailing: Fremensund
2305 3689 0	2751 2951 0	Board Gangplank 59832				750	Sailing: Cairn Isle
2305 3689 0	2746 3304 0	Board Gangplank 59832				913	Sailing: Witchaven church
2305 3689 0	1726 3453 0	Board Gangplank 59832				365	Sailing: Charcoal Burners
2305 3689 0	1758 2655 0	Board Gangplank 59832				646	Sailing: The Crown Jewel
2305 3689 0	1776 3141 0	Board Gangplank 59832				421	Sailing: Fortis Cothon
2305 3689 0	2759 3229 0	Board Gangplank 59832				906	Sailing: North Brimhaven mine
2305 3689 0	2796 3413 0	Board Gangplank 59832				977	Sailing: Keep Le Faye
2305 3689 0	2878 3335 0	Board Gangplank 59832				977	Sailing: Entrana church
2305 3689 0	1844 3688 0	Board Gangplank 59832				259	Sailing: Port Piscarilius
2305 3689 0	2860 3970 0	Board Gangplank 59832				360	Sailing: Weiss
2305 3689 0	1873 2983 0	Board Gangplank 59832				462	Sailing: Vatrachos Island
2305 3689 0	2907 3225 0	Board Gangplank 59832				979	Sailing: Lone oak island
2305 3689 0	1892 3428 0	Board Gangplank 59832				279	Sailing: Chinchompa Island
2305 3689 0	2927 4055 0	Board Gangplank 59832				411	Sailing: Grimstone
2305 3689 0	2996 2287 0	Board Gangplank 59832				968	Sailing: The Onyx Crest
2305 3689 0	2965 2608 0	Board Gangplank 59832				885	Sailing: 2965,2608
2305 3689 0	1958 3113 0	Board Gangplank 59832				378	Sailing: Minotaurs' Rest
2305 3689 0	2960 3146 0	Board Gangplank 59832				984	Sailing: Mudskipper Point
2305 3689 0	1953 4056 0	Board Gangplank 59832				293	Sailing: Brittle Isle
2305 3689 0	3069 2986 0	Board Gangplank 59832				917	Sailing: The Pandemonium (ship)
2305 3689 0	3050 3192 0	Board Gangplank 59832				1015	Sailing: Bay of Sarim
2310 3781 0	2059 2605 0	Board Gangplank 59832				664	Sailing: Wintumber Island
2310 3781 0	2095 3188 0	Board Gangplank 59832				361	Sailing: Lledrith Island
2310 3781 0	2079 3689 0	Board Gangplank 59832				154	Sailing: Buccaneers' Haven
2310 3781 0	3173 2368 0	Board Gangplank 59832				1080	Sailing: The Summer Shore
2310 3781 0	3145 2824 0	Board Gangplank 59832				974	Sailing: Sea Spirit Dock
2310 3781 0	2143 3121 0	Board Gangplank 59832				396	Sailing: Port Tyras
2310 3781 0	2157 3325 0	Board Gangplank 59832				296	Sailing: Tirannwn Bight
2310 3781 0	2148 3531 0	Board Gangplank 59832				188	Sailing: Drumstick Isle
2310 3781 0	2151 3880 0	Board Gangplank 59832				119	Sailing: Lunar Isle
2310 3781 0	2193 2319 0	Board Gangplank 59832				817	Sailing: Sunbleak Island
2310 3781 0	1201 2733 0	Board Gangplank 59832				882	Sailing: Laguna Aurorae
2310 3781 0	2220 3466 0	Board Gangplank 59832				198	Sailing: Ynysdail
2310 3781 0	2282 2821 0	Board Gangplank 59832				618	Sailing: 2282,2821
2310 3781 0	3353 2215 0	Board Gangplank 59832				1200	Sailing: The Little Pearl
2310 3781 0	2344 2268 0	Board Gangplank 59832				878	Sailing: Rainbow's End
2310 3781 0	2320 2774 0	Board Gangplank 59832				638	Sailing: Tear of the Soul
2310 3781 0	2305 3689 0	Board Gangplank 59832				68	Sailing: Piscatoris bank
2310 3781 0	2411 3781 0	Board Gangplank 59832				74	Sailing: Jatizso
2310 3781 0	2467 2718 0	Board Gangplank 59832				680	Sailing: Anglers' Retreat
2310 3781 0	1451 2969 0	Board Gangplank 59832				746	Sailing: Aldarin
2310 3781 0	2532 2531 0	Board Gangplank 59832				794	Sailing: Isle of Bones
2310 3781 0	1513 2973 0	Board Gangplank 59832				717	Sailing: Sunset Coast
2310 3781 0	1506 3402 0	Board Gangplank 59832				500	Sailing: Lands End
2310 3781 0	2542 3764 0	Board Gangplank 59832				141	Sailing: Waterbirth Island
2310 3781 0	2579 2843 0	Board Gangplank 59832				691	Sailing: Corsair Cove
2310 3781 0	2612 3841 0	Board Gangplank 59832				186	Sailing: Etceteria
2310 3781 0	2660 2392 0	Board Gangplank 59832				884	Sailing: Charred Island
2310 3781 0	2651 2677 0	Board Gangplank 59832				754	Sailing: Void Knights' Outpost
2310 3781 0	2685 3161 0	Board Gangplank 59832				876	Sailing: Port Khazard
2310 3781 0	2670 3266 0	Board Gangplank 59832				929	Sailing: Necromancer Tower
2310 3781 0	2629 3704 0	Board Gangplank 59832				197	Sailing: Fremensund
2310 3781 0	2751 2951 0	Board Gangplank 59832				798	Sailing: Cairn Isle
2310 3781 0	2746 3304 0	Board Gangplank 59832				961	Sailing: Witchaven church
2310 3781 0	1726 3453 0	Board Gangplank 59832				387	Sailing: Charcoal Burners
2310 3781 0	1758 2655 0	Board Gangplank 59832				694	Sailing: The Crown Jewel
2310 3781 0	1776 3141 0	Board Gangplank 59832				454	Sailing: Fortis Cothon
2310 3781 0	2759 3229 0	Board Gangplank 59832				954	Sailing: North Brimhaven mine
2310 3781 0	2796 3413 0	Board Gangplank 59832				1024	Sailing: Keep Le Faye
2310 3781 0	2878 3335 0	Board Gangplank 59832				1025	Sailing: Entrana church
2310 3781 0	1844 3688 0	Board Gangplank 59832				272	Sailing: Port Piscarilius
2310 3781 0	2860 3970 0	Board Gangplank 59832				337	Sailing: Weiss
2310 3781 0	1873 2983 0	Board Gangplank 59832				509	Sailing: Vatrachos Island
2310 3781 0	2907 3225 0	Board Gangplank 59832				1026	Sailing: Lone oak island
2310 3781 0	1892 3428 0	Board Gangplank 59832				301	Sailing: Chinchompa Island
2310 3781 0	2927 4055 0	Board Gangplank 59832				388	Sailing: Grimstone
2310 3781 0	2996 2287 0	Board Gangplank 59832				1015	Sailing: The Onyx Crest
2310 3781 0	2965 2608 0	Board Gangplank 59832				932	Sailing: 2965,2608
2310 3781 0	1958 3113 0	Board Gangplank 59832				425	Sailing: Minotaurs' Rest
2310 3781 0	2960 3146 0	Board Gangplank 59832				1032	Sailing: Mudskipper Point
2310 3781 0	1953 4056 0	Board Gangplank 59832				260	Sailing: Brittle Isle
2310 3781 0	3069 2986 0	Board Gangplank 59832				965	Sailing: The Pandemonium (ship)
2310 3781 0	3050 3192 0	Board Gangplank 59832				1063	Sailing: Bay of Sarim
2411 3781 0	2059 2605 0	Board Gangplank 59832				692	Sailing: Wintumber Island
2411 3781 0	2095 3188 0	Board Gangplank 59832				390	Sailing: Lledrith Island
2411 3781 0	2079 3689 0	Board Gangplank 59832				205	Sailing: Buccaneers' Haven
2411 3781 0	3173 2368 0	Board Gangplank 59832				1108	Sailing: The Summer Shore
2411 3781 0	3145 2824 0	Board Gangplank 59832				1002	Sailing: Sea Spirit Dock
2411 3781 0	2143 3121 0	Board Gangplank 59832				424	Sailing: Port Tyras
2411 3781 0	2157 3325 0	Board Gangplank 59832				325	Sailing: Tirannwn Bight
2411 3781 0	2148 3531 0	Board Gangplank 59832				216	Sailing: Drumstick Isle
2411 3781 0	2151 3880 0	Board Gangplank 59832				172	Sailing: Lunar Isle
2411 3781 0	2193 2319 0	Board Gangplank 59832				845	Sailing: Sunbleak Island
2411 3781 0	1201 2733 0	Board Gangplank 59832				911	Sailing: Laguna Aurorae
2411 3781 0	2220 3466 0	Board Gangplank 59832				227	Sailing: Ynysdail
2411 3781 0	2282 2821 0	Board Gangplank 59832				646	Sailing: 2282,2821
2411 3781 0	3353 2215 0	Board Gangplank 59832				1229	Sailing: The Little Pearl
2411 3781 0	2344 2268 0	Board Gangplank 59832				906	Sailing: Rainbow's End
2411 3781 0	2320 2774 0	Board Gangplank 59832				666	Sailing: Tear of the Soul
2411 3781 0	2305 3689 0	Board Gangplank 59832				96	Sailing: Piscatoris bank
2411 3781 0	2310 3781 0	Board Gangplank 59832				74	Sailing: Neitiznot
2411 3781 0	2467 2718 0	Board Gangplank 59832				709	Sailing: Anglers' Retreat
2411 3781 0	1451 2969 0	Board Gangplank 59832				774	Sailing: Aldarin
2411 3781 0	2532 2531 0	Board Gangplank 59832				823	Sailing: Isle of Bones
2411 3781 0	1513 2973 0	Board Gangplank 59832				745	Sailing: Sunset Coast
2411 3781 0	1506 3402 0	Board Gangplank 59832				552	Sailing: Lands End
2411 3781 0	2542 3764 0	Board Gangplank 59832				89	Sailing: Waterbirth Island
2411 3781 0	2579 2843 0	Board Gangplank 59832				719	Sailing: Corsair Cove
2411 3781 0	2612 3841 0	Board Gangplank 59832				133	Sailing: Etceteria
2411 3781 0	2660 2392 0	Board Gangplank 59832				912	Sailing: Charred Island
2411 3781 0	2651 2677 0	Board Gangplank 59832				783	Sailing: Void Knights' Outpost
2411 3781 0	2685 3161 0	Board Gangplank 59832				905	Sailing: Port Khazard
2411 3781 0	2670 3266 0	Board Gangplank 59832				957	Sailing: Necromancer Tower
2411 3781 0	2629 3704 0	Board Gangplank 59832				145	Sailing: Fremensund
2411 3781 0	2751 2951 0	Board Gangplank 59832				826	Sailing: Cairn Isle
2411 3781 0	2746 3304 0	Board Gangplank 59832				989	Sailing: Witchaven church
2411 3781 0	1726 3453 0	Board Gangplank 59832				438	Sailing: Charcoal Burners
2411 3781 0	1758 2655 0	Board Gangplank 59832				722	Sailing: The Crown Jewel
2411 3781 0	1776 3141 0	Board Gangplank 59832				493	Sailing: Fortis Cothon
2411 3781 0	2759 3229 0	Board Gangplank 59832				982	Sailing: North Brimhaven mine
2411 3781 0	2796 3413 0	Board Gangplank 59832				1053	Sailing: Keep Le Faye
2411 3781 0	2878 3335 0	Board Gangplank 59832				1053	Sailing: Entrana church
2411 3781 0	1844 3688 0	Board Gangplank 59832				323	Sailing: Port Piscarilius
2411 3781 0	2860 3970 0	Board Gangplank 59832				284	Sailing: Weiss
2411 3781 0	1873 2983 0	Board Gangplank 59832				537	Sailing: Vatrachos Island
2411 3781 0	2907 3225 0	Board Gangplank 59832				1055	Sailing: Lone oak island
2411 3781 0	1892 3428 0	Board Gangplank 59832				352	Sailing: Chinchompa Island
2411 3781 0	2927 4055 0	Board Gangplank 59832				335	Sailing: Grimstone
2411 3781 0	2996 2287 0	Board Gangplank 59832				1044	Sailing: The Onyx Crest
2411 3781 0	2965 2608 0	Board Gangplank 59832				961	Sailing: 2965,2608
2411 3781 0	1958 3113 0	Board Gangplank 59832				454	Sailing: Minotaurs' Rest
2411 3781 0	2960 3146 0	Board Gangplank 59832				1060	Sailing: Mudskipper Point
2411 3781 0	1953 4056 0	Board Gangplank 59832				310	Sailing: Brittle Isle
2411 3781 0	3069 2986 0	Board Gangplank 59832				993	Sailing: The Pandemonium (ship)
2411 3781 0	3050 3192 0	Board Gangplank 59832				1091	Sailing: Bay of Sarim
2467 2718 0	2059 2605 0	Board Mooring point 59834				250	Sailing: Wintumber Island
2467 2718 0	2095 3188 0	Board Mooring point 59834				348	Sailing: Lledrith Island
2467 2718 0	2079 3689 0	Board Mooring point 59834				615	Sailing: Buccaneers' Haven
2467 2718 0	3173 2368 0	Board Mooring point 59834				450	Sailing: The Summer Shore
2467 2718 0	3145 2824 0	Board Mooring point 59834				381	Sailing: Sea Spirit Dock
2467 2718 0	2143 3121 0	Board Mooring point 59834				305	Sailing: Port Tyras
2467 2718 0	2157 3325 0	Board Mooring point 59834				410	Sailing: Tirannwn Bight
2467 2718 0	2148 3531 0	Board Mooring point 59834				521	Sailing: Drumstick Isle
2467 2718 0	2151 3880 0	Board Mooring point 59834				706	Sailing: Lunar Isle
2467 2718 0	2193 2319 0	Board Mooring point 59834				274	Sailing: Sunbleak Island
2467 2718 0	1201 2733 0	Board Mooring point 59834				660	Sailing: Laguna Aurorae
2467 2718 0	2220 3466 0	Board Mooring point 59834				525	Sailing: Ynysdail
2467 2718 0	2282 2821 0	Board Mooring point 59834				133	Sailing: 2282,2821
2467 2718 0	3353 2215 0	Board Mooring point 59834				571	Sailing: The Little Pearl
2467 2718 0	2344 2268 0	Board Mooring point 59834				271	Sailing: Rainbow's End
2467 2718 0	2320 2774 0	Board Mooring point 59834				107	Sailing: Tear of the Soul
2467 2718 0	2305 3689 0	Board Mooring point 59834				633	Sailing: Piscatoris bank
2467 2718 0	2310 3781 0	Board Mooring point 59834				680	Sailing: Neitiznot
2467 2718 0	2411 3781 0	Board Mooring point 59834				709	Sailing: Jatizso
2467 2718 0	1451 2969 0	Board Mooring point 59834				579	Sailing: Aldarin
2467 2718 0	2532 2531 0	Board Mooring point 59834				136	Sailing: Isle of Bones
2467 2718 0	1513 2973 0	Board Mooring point 59834				550	Sailing: Sunset Coast
2467 2718 0	1506 3402 0	Board Mooring point 59834				667	Sailing: Lands End
2467 2718 0	2542 3764 0	Board Mooring point 59834				774	Sailing: Waterbirth Island
2467 2718 0	2579 2843 0	Board Mooring point 59834				106	Sailing: Corsair Cove
2467 2718 0	2612 3841 0	Board Mooring point 59834				821	Sailing: Etceteria
2467 2718 0	2660 2392 0	Board Mooring point 59834				225	Sailing: Charred Island
2467 2718 0	2651 2677 0	Board Mooring point 59834				125	Sailing: Void Knights' Outpost
2467 2718 0	2685 3161 0	Board Mooring point 59834				289	Sailing: Port Khazard
2467 2718 0	2670 3266 0	Board Mooring point 59834				341	Sailing: Necromancer Tower
2467 2718 0	2629 3704 0	Board Mooring point 59834				802	Sailing: Fremensund
2467 2718 0	2751 2951 0	Board Mooring point 59834				210	Sailing: Cairn Isle
2467 2718 0	2746 3304 0	Board Mooring point 59834				373	Sailing: Witchaven church
2467 2718 0	1726 3453 0	Board Mooring point 59834				572	Sailing: Charcoal Burners
2467 2718 0	1758 2655 0	Board Mooring point 59834				383	Sailing: The Crown Jewel
2467 2718 0	1776 3141 0	Board Mooring point 59834				515	Sailing: Fortis Cothon
2467 2718 0	2759 3229 0	Board Mooring point 59834				366	Sailing: North Brimhaven mine
2467 2718 0	2796 3413 0	Board Mooring point 59834				437	Sailing: Keep Le Faye
2467 2718 0	2878 3335 0	Board Mooring point 59834				437	Sailing: Entrana church
2467 2718 0	1844 3688 0	Board Mooring point 59834				650	Sailing: Port Piscarilius
2467 2718 0	2860 3970 0	Board Mooring point 59834				972	Sailing: Weiss
2467 2718 0	1873 2983 0	Board Mooring point 59834				374	Sailing: Vatrachos Island
2467 2718 0	2907 3225 0	Board Mooring point 59834				439	Sailing: Lone oak island
2467 2718 0	1892 3428 0	Board Mooring point 59834				511	Sailing: Chinchompa Island
2467 2718 0	2927 4055 0	Board Mooring point 59834				1023	Sailing: Grimstone
2467 2718 0	2996 2287 0	Board Mooring point 59834				381	Sailing: The Onyx Crest
2467 2718 0	2965 2608 0	Board Mooring point 59834				303	Sailing: 2965,2608
2467 2718 0	1958 3113 0	Board Mooring point 59834				386	Sailing: Minotaurs' Rest
2467 2718 0	2960 3146 0	Board Mooring point 59834				445	Sailing: Mudskipper Point
2467 2718 0	1953 4056 0	Board Mooring point 59834				812	Sailing: Brittle Isle
2467 2718 0	3069 2986 0	Board Mooring point 59834				378	Sailing: The Pandemonium (ship)
2467 2718 0	3050 3192 0	Board Mooring point 59834				475	Sailing: Bay of Sarim
1451 2969 0	2059 2605 0	Board Gangplank 59832				398	Sailing: Wintumber Island
1451 2969 0	2095 3188 0	Board Gangplank 59832				431	Sailing: Lledrith Island
1451 2969 0	2079 3689 0	Board Gangplank 59832				677	Sailing: Buccaneers' Haven
1451 2969 0	3173 2368 0	Board Gangplank 59832				1005	Sailing: The Summer Shore
1451 2969 0	3145 2824 0	Board Gangplank 59832				920	Sailing: Sea Spirit Dock
1451 2969 0	2143 3121 0	Board Gangplank 59832				435	Sailing: Port Tyras
1451 2969 0	2157 3325 0	Board Gangplank 59832				486	Sailing: Tirannwn Bight
1451 2969 0	2148 3531 0	Board Gangplank 59832				587	Sailing: Drumstick Isle
1451 2969 0	2151 3880 0	Board Gangplank 59832				771	Sailing: Lunar Isle
1451 2969 0	2193 2319 0	Board Gangplank 59832				521	Sailing: Sunbleak Island
1451 2969 0	1201 2733 0	Board Gangplank 59832				242	Sailing: Laguna Aurorae
1451 2969 0	2220 3466 0	Board Gangplank 59832				590	Sailing: Ynysdail
1451 2969 0	2282 2821 0	Board Gangplank 59832				513	Sailing: 2282,2821
1451 2969 0	3353 2215 0	Board Gangplank 59832				1126	Sailing: The Little Pearl
1451 2969 0	2344 2268 0	Board Gangplank 59832				614	Sailing: Rainbow's End
1451 2969 0	2320 2774 0	Board Gangplank 59832				497	Sailing: Tear of the Soul
1451 2969 0	2305 3689 0	Board Gangplank 59832				698	Sailing: Piscatoris bank
1451 2969 0	2310 3781 0	Board Gangplank 59832				746	Sailing: Neitiznot
1451 2969 0	2411 3781 0	Board Gangplank 59832				774	Sailing: Jatizso
1451 2969 0	2467 2718 0	Board Gangplank 59832				579	Sailing: Anglers' Retreat
1451 2969 0	2532 2531 0	Board Gangplank 59832				661	Sailing: Isle of Bones
1451 2969 0	1513 2973 0	Board Gangplank 59832				51	Sailing: Sunset Coast
1451 2969 0	1506 3402 0	Board Gangplank 59832				576	Sailing: Lands End
1451 2969 0	2542 3764 0	Board Gangplank 59832				839	Sailing: Waterbirth Island
1451 2969 0	2579 2843 0	Board Gangplank 59832				642	Sailing: Corsair Cove
1451 2969 0	2612 3841 0	Board Gangplank 59832				887	Sailing: Etceteria
1451 2969 0	2660 2392 0	Board Gangplank 59832				752	Sailing: Charred Island
1451 2969 0	2651 2677 0	Board Gangplank 59832				680	Sailing: Void Knights' Outpost
1451 2969 0	2685 3161 0	Board Gangplank 59832				828	Sailing: Port Khazard
1451 2969 0	2670 3266 0	Board Gangplank 59832				881	Sailing: Necromancer Tower
1451 2969 0	2629 3704 0	Board Gangplank 59832				868	Sailing: Fremensund
1451 2969 0	2751 2951 0	Board Gangplank 59832				749	Sailing: Cairn Isle
1451 2969 0	2746 3304 0	Board Gangplank 59832				912	Sailing: Witchaven church
1451 2969 0	1726 3453 0	Board Gangplank 59832				520	Sailing: Charcoal Burners
1451 2969 0	1758 2655 0	Board Gangplank 59832				248	Sailing: The Crown Jewel
1451 2969 0	1776 3141 0	Board Gangplank 59832				424	Sailing: Fortis Cothon
1451 2969 0	2759 3229 0	Board Gangplank 59832				905	Sailing: North Brimhaven mine
1451 2969 0	2796 3413 0	Board Gangplank 59832				976	Sailing: Keep Le Faye
1451 2969 0	2878 3335 0	Board Gangplank 59832				976	Sailing: Entrana church
1451 2969 0	1844 3688 0	Board Gangplank 59832				620	Sailing: Port Piscarilius
1451 2969 0	2860 3970 0	Board Gangplank 59832				1037	Sailing: Weiss
1451 2969 0	1873 2983 0	Board Gangplank 59832				271	Sailing: Vatrachos Island
1451 2969 0	2907 3225 0	Board Gangplank 59832				978	Sailing: Lone oak island
1451 2969 0	1892 3428 0	Board Gangplank 59832				485	Sailing: Chinchompa Island
1451 2969 0	2927 4055 0	Board Gangplank 59832				1088	Sailing: Grimstone
1451 2969 0	2996 2287 0	Board Gangplank 59832				932	Sailing: The Onyx Crest
1451 2969 0	2965 2608 0	Board Gangplank 59832				858	Sailing: 2965,2608
1451 2969 0	1958 3113 0	Board Gangplank 59832				341	Sailing: Minotaurs' Rest
1451 2969 0	2960 3146 0	Board Gangplank 59832				984	Sailing: Mudskipper Point
1451 2969 0	1953 4056 0	Board Gangplank 59832				809	Sailing: Brittle Isle
1451 2969 0	3069 2986 0	Board Gangplank 59832				917	Sailing: The Pandemonium (ship)
1451 2969 0	3050 3192 0	Board Gangplank 59832				1014	Sailing: Bay of Sarim
2532 2531 0	2059 2605 0	Board Mooring point 59834				285	Sailing: Wintumber Island
2532 2531 0	2095 3188 0	Board Mooring point 59834				462	Sailing: Lledrith Island
2532 2531 0	2079 3689 0	Board Mooring point 59834				729	Sailing: Buccaneers' Haven
2532 2531 0	3173 2368 0	Board Mooring point 59834				374	Sailing: The Summer Shore
2532 2531 0	3145 2824 0	Board Mooring point 59834				386	Sailing: Sea Spirit Dock
2532 2531 0	2143 3121 0	Board Mooring point 59834				419	Sailing: Port Tyras
2532 2531 0	2157 3325 0	Board Mooring point 59834				525	Sailing: Tirannwn Bight
2532 2531 0	2148 3531 0	Board Mooring point 59834				635	Sailing: Drumstick Isle
2532 2531 0	2151 3880 0	Board Mooring point 59834				820	Sailing: Lunar Isle
2532 2531 0	2193 2319 0	Board Mooring point 59834				242	Sailing: Sunbleak Island
2532 2531 0	1201 2733 0	Board Mooring point 59834				738	Sailing: Laguna Aurorae
2532 2531 0	2220 3466 0	Board Mooring point 59834				639	Sailing: Ynysdail
2532 2531 0	2282 2821 0	Board Mooring point 59834				224	Sailing: 2282,2821
2532 2531 0	3353 2215 0	Board Mooring point 59834				495	Sailing: The Little Pearl
2532 2531 0	2344 2268 0	Board Mooring point 59834				191	Sailing: Rainbow's End
2532 2531 0	2320 2774 0	Board Mooring point 59834				192	Sailing: Tear of the Soul
2532 2531 0	2305 3689 0	Board Mooring point 59834				747	Sailing: Piscatoris bank
2532 2531 0	2310 3781 0	Board Mooring point 59834				794	Sailing: Neitiznot
2532 2531 0	2411 3781 0	Board Mooring point 59834				823	Sailing: Jatizso
2532 2531 0	2467 2718 0	Board Mooring point 59834				136	Sailing: Anglers' Retreat
2532 2531 0	1451 2969 0	Board Mooring point 59834				661	Sailing: Aldarin
2532 2531 0	1513 2973 0	Board Mooring point 59834				632	Sailing: Sunset Coast
2532 2531 0	1506 3402 0	Board Mooring point 59834				749	Sailing: Lands End
2532 2531 0	2542 3764 0	Board Mooring point 59834				888	Sailing: Waterbirth Island
2532 2531 0	2579 2843 0	Board Mooring point 59834				188	Sailing: Corsair Cove
2532 2531 0	2612 3841 0	Board Mooring point 59834				936	Sailing: Etceteria
2532 2531 0	2660 2392 0	Board Mooring point 59834				122	Sailing: Charred Island
2532 2531 0	2651 2677 0	Board Mooring point 59834				122	Sailing: Void Knights' Outpost
2532 2531 0	2685 3161 0	Board Mooring point 59834				368	Sailing: Port Khazard
2532 2531 0	2670 3266 0	Board Mooring point 59834				421	Sailing: Necromancer Tower
2532 2531 0	2629 3704 0	Board Mooring point 59834				916	Sailing: Fremensund
2532 2531 0	2751 2951 0	Board Mooring point 59834				277	Sailing: Cairn Isle
2532 2531 0	2746 3304 0	Board Mooring point 59834				453	Sailing: Witchaven church
2532 2531 0	1726 3453 0	Board Mooring point 59834				686	Sailing: Charcoal Burners
2532 2531 0	1758 2655 0	Board Mooring point 59834				441	Sailing: The Crown Jewel
2532 2531 0	1776 3141 0	Board Mooring point 59834				597	Sailing: Fortis Cothon
2532 2531 0	2759 3229 0	Board Mooring point 59834				446	Sailing: North Brimhaven mine
2532 2531 0	2796 3413 0	Board Mooring point 59834				516	Sailing: Keep Le Faye
2532 2531 0	2878 3335 0	Board Mooring point 59834				517	Sailing: Entrana church
2532 2531 0	1844 3688 0	Board Mooring point 59834				764	Sailing: Port Piscarilius
2532 2531 0	2860 3970 0	Board Mooring point 59834				1086	Sailing: Weiss
2532 2531 0	1873 2983 0	Board Mooring point 59834				456	Sailing: Vatrachos Island
2532 2531 0	2907 3225 0	Board Mooring point 59834				514	Sailing: Lone oak island
2532 2531 0	1892 3428 0	Board Mooring point 59834				625	Sailing: Chinchompa Island
2532 2531 0	2927 4055 0	Board Mooring point 59834				1137	Sailing: Grimstone
2532 2531 0	2996 2287 0	Board Mooring point 59834				301	Sailing: The Onyx Crest
2532 2531 0	2965 2608 0	Board Mooring point 59834				255	Sailing: 2965,2608
2532 2531 0	1958 3113 0	Board Mooring point 59834				480	Sailing: Minotaurs' Rest
2532 2531 0	2960 3146 0	Board Mooring point 59834				463	Sailing: Mudskipper Point
2532 2531 0	1953 4056 0	Board Mooring point 59834				926	Sailing: Brittle Isle
2532 2531 0	3069 2986 0	Board Mooring point 59834				394	Sailing: The Pandemonium (ship)
2532 2531 0	3050 3192 0	Board Mooring point 59834				494	Sailing: Bay of Sarim
1513 2973 0	2059 2605 0	Board Gangplank 59832				369	Sailing: Wintumber Island
1513 2973 0	2095 3188 0	Board Gangplank 59832				401	Sailing: Lledrith Island
1513 2973 0	2079 3689 0	Board Gangplank 59832				647	Sailing: Buccaneers' Haven
1513 2973 0	3173 2368 0	Board Gangplank 59832				976	Sailing: The Summer Shore
1513 2973 0	3145 2824 0	Board Gangplank 59832				891	Sailing: Sea Spirit Dock
1513 2973 0	2143 3121 0	Board Gangplank 59832				405	Sailing: Port Tyras
1513 2973 0	2157 3325 0	Board Gangplank 59832				457	Sailing: Tirannwn Bight
1513 2973 0	2148 3531 0	Board Gangplank 59832				557	Sailing: Drumstick Isle
1513 2973 0	2151 3880 0	Board Gangplank 59832				742	Sailing: Lunar Isle
1513 2973 0	2193 2319 0	Board Gangplank 59832				492	Sailing: Sunbleak Island
1513 2973 0	1201 2733 0	Board Gangplank 59832				242	Sailing: Laguna Aurorae
1513 2973 0	2220 3466 0	Board Gangplank 59832				561	Sailing: Ynysdail
1513 2973 0	2282 2821 0	Board Gangplank 59832				484	Sailing: 2282,2821
1513 2973 0	3353 2215 0	Board Gangplank 59832				1096	Sailing: The Little Pearl
1513 2973 0	2344 2268 0	Board Gangplank 59832				585	Sailing: Rainbow's End
1513 2973 0	2320 2774 0	Board Gangplank 59832				468	Sailing: Tear of the Soul
1513 2973 0	2305 3689 0	Board Gangplank 59832				669	Sailing: Piscatoris bank
1513 2973 0	2310 3781 0	Board Gangplank 59832				717	Sailing: Neitiznot
1513 2973 0	2411 3781 0	Board Gangplank 59832				745	Sailing: Jatizso
1513 2973 0	2467 2718 0	Board Gangplank 59832				550	Sailing: Anglers' Retreat
1513 2973 0	1451 2969 0	Board Gangplank 59832				51	Sailing: Aldarin
1513 2973 0	2532 2531 0	Board Gangplank 59832				632	Sailing: Isle of Bones
1513 2973 0	1506 3402 0	Board Gangplank 59832				547	Sailing: Lands End
1513 2973 0	2542 3764 0	Board Gangplank 59832				810	Sailing: Waterbirth Island
1513 2973 0	2579 2843 0	Board Gangplank 59832				613	Sailing: Corsair Cove
1513 2973 0	2612 3841 0	Board Gangplank 59832				858	Sailing: Etceteria
1513 2973 0	2660 2392 0	Board Gangplank 59832				723	Sailing: Charred Island
1513 2973 0	2651 2677 0	Board Gangplank 59832				651	Sailing: Void Knights' Outpost
1513 2973 0	2685 3161 0	Board Gangplank 59832				799	Sailing: Port Khazard
1513 2973 0	2670 3266 0	Board Gangplank 59832				851	Sailing: Necromancer Tower
1513 2973 0	2629 3704 0	Board Gangplank 59832				839	Sailing: Fremensund
1513 2973 0	2751 2951 0	Board Gangplank 59832				720	Sailing: Cairn Isle
1513 2973 0	2746 3304 0	Board Gangplank 59832				883	Sailing: Witchaven church
1513 2973 0	1726 3453 0	Board Gangplank 59832				491	Sailing: Charcoal Burners
1513 2973 0	1758 2655 0	Board Gangplank 59832				231	Sailing: The Crown Jewel
1513 2973 0	1776 3141 0	Board Gangplank 59832				395	Sailing: Fortis Cothon
1513 2973 0	2759 3229 0	Board Gangplank 59832				876	Sailing: North Brimhaven mine
1513 2973 0	2796 3413 0	Board Gangplank 59832				947	Sailing: Keep Le Faye
1513 2973 0	2878 3335 0	Board Gangplank 59832				947	Sailing: Entrana church
1513 2973 0	1844 3688 0	Board Gangplank 59832				591	Sailing: Port Piscarilius
1513 2973 0	2860 3970 0	Board Gangplank 59832				1008	Sailing: Weiss
1513 2973 0	1873 2983 0	Board Gangplank 59832				241	Sailing: Vatrachos Island
1513 2973 0	2907 3225 0	Board Gangplank 59832				949	Sailing: Lone oak island
1513 2973 0	1892 3428 0	Board Gangplank 59832				456	Sailing: Chinchompa Island
1513 2973 0	2927 4055 0	Board Gangplank 59832				1059	Sailing: Grimstone
1513 2973 0	2996 2287 0	Board Gangplank 59832				903	Sailing: The Onyx Crest
1513 2973 0	2965 2608 0	Board Gangplank 59832				828	Sailing: 2965,2608
1513 2973 0	1958 3113 0	Board Gangplank 59832				312	Sailing: Minotaurs' Rest
1513 2973 0	2960 3146 0	Board Gangplank 59832				954	Sailing: Mudskipper Point
1513 2973 0	1953 4056 0	Board Gangplank 59832				780	Sailing: Brittle Isle
1513 2973 0	3069 2986 0	Board Gangplank 59832				887	Sailing: The Pandemonium (ship)
1513 2973 0	3050 3192 0	Board Gangplank 59832				985	Sailing: Bay of Sarim
1506 3402 0	2059 2605 0	Board Gangplank 59832				568	Sailing: Wintumber Island
1506 3402 0	2095 3188 0	Board Gangplank 59832				361	Sailing: Lledrith Island
1506 3402 0	2079 3689 0	Board Gangplank 59832				398	Sailing: Buccaneers' Haven
1506 3402 0	3173 2368 0	Board Gangplank 59832				1069	Sailing: The Summer Shore
1506 3402 0	3145 2824 0	Board Gangplank 59832				963	Sailing: Sea Spirit Dock
1506 3402 0	2143 3121 0	Board Gangplank 59832				397	Sailing: Port Tyras
1506 3402 0	2157 3325 0	Board Gangplank 59832				362	Sailing: Tirannwn Bight
1506 3402 0	2148 3531 0	Board Gangplank 59832				369	Sailing: Drumstick Isle
1506 3402 0	2151 3880 0	Board Gangplank 59832				491	Sailing: Lunar Isle
1506 3402 0	2193 2319 0	Board Gangplank 59832				734	Sailing: Sunbleak Island
1506 3402 0	1201 2733 0	Board Gangplank 59832				712	Sailing: Laguna Aurorae
1506 3402 0	2220 3466 0	Board Gangplank 59832				392	Sailing: Ynysdail
1506 3402 0	2282 2821 0	Board Gangplank 59832				601	Sailing: 2282,2821
1506 3402 0	3353 2215 0	Board Gangplank 59832				1189	Sailing: The Little Pearl
1506 3402 0	2344 2268 0	Board Gangplank 59832				796	Sailing: Rainbow's End
1506 3402 0	2320 2774 0	Board Gangplank 59832				585	Sailing: Tear of the Soul
1506 3402 0	2305 3689 0	Board Gangplank 59832				479	Sailing: Piscatoris bank
1506 3402 0	2310 3781 0	Board Gangplank 59832				500	Sailing: Neitiznot
1506 3402 0	2411 3781 0	Board Gangplank 59832				552	Sailing: Jatizso
1506 3402 0	2467 2718 0	Board Gangplank 59832				667	Sailing: Anglers' Retreat
1506 3402 0	1451 2969 0	Board Gangplank 59832				576	Sailing: Aldarin
1506 3402 0	2532 2531 0	Board Gangplank 59832				749	Sailing: Isle of Bones
1506 3402 0	1513 2973 0	Board Gangplank 59832				547	Sailing: Sunset Coast
1506 3402 0	2542 3764 0	Board Gangplank 59832				617	Sailing: Waterbirth Island
1506 3402 0	2579 2843 0	Board Gangplank 59832				680	Sailing: Corsair Cove
1506 3402 0	2612 3841 0	Board Gangplank 59832				664	Sailing: Etceteria
1506 3402 0	2660 2392 0	Board Gangplank 59832				840	Sailing: Charred Island
1506 3402 0	2651 2677 0	Board Gangplank 59832				744	Sailing: Void Knights' Outpost
1506 3402 0	2685 3161 0	Board Gangplank 59832				866	Sailing: Port Khazard
1506 3402 0	2670 3266 0	Board Gangplank 59832				918	Sailing: Necromancer Tower
1506 3402 0	2629 3704 0	Board Gangplank 59832				645	Sailing: Fremensund
1506 3402 0	2751 2951 0	Board Gangplank 59832				787	Sailing: Cairn Isle
1506 3402 0	2746 3304 0	Board Gangplank 59832				950	Sailing: Witchaven church
1506 3402 0	1726 3453 0	Board Gangplank 59832				140	Sailing: Charcoal Burners
1506 3402 0	1758 2655 0	Board Gangplank 59832				524	Sailing: The Crown Jewel
1506 3402 0	1776 3141 0	Board Gangplank 59832				241	Sailing: Fortis Cothon
1506 3402 0	2759 3229 0	Board Gangplank 59832				943	Sailing: North Brimhaven mine
1506 3402 0	2796 3413 0	Board Gangplank 59832				1014	Sailing: Keep Le Faye
1506 3402 0	2878 3335 0	Board Gangplank 59832				1014	Sailing: Entrana church
1506 3402 0	1844 3688 0	Board Gangplank 59832				339	Sailing: Port Piscarilius
1506 3402 0	2860 3970 0	Board Gangplank 59832				815	Sailing: Weiss
1506 3402 0	1873 2983 0	Board Gangplank 59832				340	Sailing: Vatrachos Island
1506 3402 0	2907 3225 0	Board Gangplank 59832				1016	Sailing: Lone oak island
1506 3402 0	1892 3428 0	Board Gangplank 59832				224	Sailing: Chinchompa Island
1506 3402 0	2927 4055 0	Board Gangplank 59832				866	Sailing: Grimstone
1506 3402 0	2996 2287 0	Board Gangplank 59832				1005	Sailing: The Onyx Crest
1506 3402 0	2965 2608 0	Board Gangplank 59832				921	Sailing: 2965,2608
1506 3402 0	1958 3113 0	Board Gangplank 59832				305	Sailing: Minotaurs' Rest
1506 3402 0	2960 3146 0	Board Gangplank 59832				1021	Sailing: Mudskipper Point
1506 3402 0	1953 4056 0	Board Gangplank 59832				529	Sailing: Brittle Isle
1506 3402 0	3069 2986 0	Board Gangplank 59832				954	Sailing: The Pandemonium (ship)
1506 3402 0	3050 3192 0	Board Gangplank 59832				1052	Sailing: Bay of Sarim
2542 3764 0	2059 2605 0	Board Mooring point 59834				757	Sailing: Wintumber Island
2542 3764 0	2095 3188 0	Board Mooring point 59834				455	Sailing: Lledrith Island
2542 3764 0	2079 3689 0	Board Mooring point 59834				270	Sailing: Buccaneers' Haven
2542 3764 0	3173 2368 0	Board Mooring point 59834				1173	Sailing: The Summer Shore
2542 3764 0	3145 2824 0	Board Mooring point 59834				1067	Sailing: Sea Spirit Dock
2542 3764 0	2143 3121 0	Board Mooring point 59834				489	Sailing: Port Tyras
2542 3764 0	2157 3325 0	Board Mooring point 59834				390	Sailing: Tirannwn Bight
2542 3764 0	2148 3531 0	Board Mooring point 59834				281	Sailing: Drumstick Isle
2542 3764 0	2151 3880 0	Board Mooring point 59834				240	Sailing: Lunar Isle
2542 3764 0	2193 2319 0	Board Mooring point 59834				910	Sailing: Sunbleak Island
2542 3764 0	1201 2733 0	Board Mooring point 59834				976	Sailing: Laguna Aurorae
2542 3764 0	2220 3466 0	Board Mooring point 59834				292	Sailing: Ynysdail
2542 3764 0	2282 2821 0	Board Mooring point 59834				711	Sailing: 2282,2821
2542 3764 0	3353 2215 0	Board Mooring point 59834				1294	Sailing: The Little Pearl
2542 3764 0	2344 2268 0	Board Mooring point 59834				971	Sailing: Rainbow's End
2542 3764 0	2320 2774 0	Board Mooring point 59834				731	Sailing: Tear of the Soul
2542 3764 0	2305 3689 0	Board Mooring point 59834				161	Sailing: Piscatoris bank
2542 3764 0	2310 3781 0	Board Mooring point 59834				141	Sailing: Neitiznot
2542 3764 0	2411 3781 0	Board Mooring point 59834				89	Sailing: Jatizso
2542 3764 0	2467 2718 0	Board Mooring point 59834				774	Sailing: Anglers' Retreat
2542 3764 0	1451 2969 0	Board Mooring point 59834				839	Sailing: Aldarin
2542 3764 0	2532 2531 0	Board Mooring point 59834				888	Sailing: Isle of Bones
2542 3764 0	1513 2973 0	Board Mooring point 59834				810	Sailing: Sunset Coast
2542 3764 0	1506 3402 0	Board Mooring point 59834				617	Sailing: Lands End
2542 3764 0	2579 2843 0	Board Mooring point 59834				784	Sailing: Corsair Cove
2542 3764 0	2612 3841 0	Board Mooring point 59834				72	Sailing: Etceteria
2542 3764 0	2660 2392 0	Board Mooring point 59834				977	Sailing: Charred Island
2542 3764 0	2651 2677 0	Board Mooring point 59834				848	Sailing: Void Knights' Outpost
2542 3764 0	2685 3161 0	Board Mooring point 59834				970	Sailing: Port Khazard
2542 3764 0	2670 3266 0	Board Mooring point 59834				1022	Sailing: Necromancer Tower
2542 3764 0	2629 3704 0	Board Mooring point 59834				77	Sailing: Fremensund
2542 3764 0	2751 2951 0	Board Mooring point 59834				891	Sailing: Cairn Isle
2542 3764 0	2746 3304 0	Board Mooring point 59834				1054	Sailing: Witchaven church
2542 3764 0	1726 3453 0	Board Mooring point 59834				503	Sailing: Charcoal Burners
2542 3764 0	1758 2655 0	Board Mooring point 59834				787	Sailing: The Crown Jewel
2542 3764 0	1776 3141 0	Board Mooring point 59834				558	Sailing: Fortis Cothon
2542 3764 0	2759 3229 0	Board Mooring point 59834				1047	Sailing: North Brimhaven mine
2542 3764 0	2796 3413 0	Board Mooring point 59834				1118	Sailing: Keep Le Faye
2542 3764 0	2878 3335 0	Board Mooring point 59834				1118	Sailing: Entrana church
2542 3764 0	1844 3688 0	Board Mooring point 59834				388	Sailing: Port Piscarilius
2542 3764 0	2860 3970 0	Board Mooring point 59834				221	Sailing: Weiss
2542 3764 0	1873 2983 0	Board Mooring point 59834				603	Sailing: Vatrachos Island
2542 3764 0	2907 3225 0	Board Mooring point 59834				1120	Sailing: Lone oak island
2542 3764 0	1892 3428 0	Board Mooring point 59834				417	Sailing: Chinchompa Island
2542 3764 0	2927 4055 0	Board Mooring point 59834				272	Sailing: Grimstone
2542 3764 0	2996 2287 0	Board Mooring point 59834				1109	Sailing: The Onyx Crest
2542 3764 0	2965 2608 0	Board Mooring point 59834				1026	Sailing: 2965,2608
2542 3764 0	1958 3113 0	Board Mooring point 59834				519	Sailing: Minotaurs' Rest
2542 3764 0	2960 3146 0	Board Mooring point 59834				1125	Sailing: Mudskipper Point
2542 3764 0	1953 4056 0	Board Mooring point 59834				374	Sailing: Brittle Isle
2542 3764 0	3069 2986 0	Board Mooring point 59834				1058	Sailing: The Pandemonium (ship)
2542 3764 0	3050 3192 0	Board Mooring point 59834				1156	Sailing: Bay of Sarim
2579 2843 0	2059 2605 0	Board Gangplank 59832				333	Sailing: Wintumber Island
2579 2843 0	2095 3188 0	Board Gangplank 59832				358	Sailing: Lledrith Island
2579 2843 0	2079 3689 0	Board Gangplank 59832				626	Sailing: Buccaneers' Haven
2579 2843 0	3173 2368 0	Board Gangplank 59832				423	Sailing: The Summer Shore
2579 2843 0	3145 2824 0	Board Gangplank 59832				309	Sailing: Sea Spirit Dock
2579 2843 0	2143 3121 0	Board Gangplank 59832				316	Sailing: Port Tyras
2579 2843 0	2157 3325 0	Board Gangplank 59832				421	Sailing: Tirannwn Bight
2579 2843 0	2148 3531 0	Board Gangplank 59832				532	Sailing: Drumstick Isle
2579 2843 0	2151 3880 0	Board Gangplank 59832				716	Sailing: Lunar Isle
2579 2843 0	2193 2319 0	Board Gangplank 59832				360	Sailing: Sunbleak Island
2579 2843 0	1201 2733 0	Board Gangplank 59832				732	Sailing: Laguna Aurorae
2579 2843 0	2220 3466 0	Board Gangplank 59832				535	Sailing: Ynysdail
2579 2843 0	2282 2821 0	Board Gangplank 59832				176	Sailing: 2282,2821
2579 2843 0	3353 2215 0	Board Gangplank 59832				543	Sailing: The Little Pearl
2579 2843 0	2344 2268 0	Board Gangplank 59832				357	Sailing: Rainbow's End
2579 2843 0	2320 2774 0	Board Gangplank 59832				175	Sailing: Tear of the Soul
2579 2843 0	2305 3689 0	Board Gangplank 59832				643	Sailing: Piscatoris bank
2579 2843 0	2310 3781 0	Board Gangplank 59832				691	Sailing: Neitiznot
2579 2843 0	2411 3781 0	Board Gangplank 59832				719	Sailing: Jatizso
2579 2843 0	2467 2718 0	Board Gangplank 59832				106	Sailing: Anglers' Retreat
2579 2843 0	1451 2969 0	Board Gangplank 59832				642	Sailing: Aldarin
2579 2843 0	2532 2531 0	Board Gangplank 59832				188	Sailing: Isle of Bones
2579 2843 0	1513 2973 0	Board Gangplank 59832				613	Sailing: Sunset Coast
2579 2843 0	1506 3402 0	Board Gangplank 59832				680	Sailing: Lands End
2579 2843 0	2542 3764 0	Board Gangplank 59832				784	Sailing: Waterbirth Island
2579 2843 0	2612 3841 0	Board Gangplank 59832				832	Sailing: Etceteria
2579 2843 0	2660 2392 0	Board Gangplank 59832				263	Sailing: Charred Island
2579 2843 0	2651 2677 0	Board Gangplank 59832				118	Sailing: Void Knights' Outpost
2579 2843 0	2685 3161 0	Board Gangplank 59832				206	Sailing: Port Khazard
2579 2843 0	2670 3266 0	Board Gangplank 59832				259	Sailing: Necromancer Tower
2579 2843 0	2629 3704 0	Board Gangplank 59832				813	Sailing: Fremensund
2579 2843 0	2751 2951 0	Board Gangplank 59832				128	Sailing: Cairn Isle
2579 2843 0	2746 3304 0	Board Gangplank 59832				291	Sailing: Witchaven church
2579 2843 0	1726 3453 0	Board Gangplank 59832				583	Sailing: Charcoal Burners
2579 2843 0	1758 2655 0	Board Gangplank 59832				466	Sailing: The Crown Jewel
2579 2843 0	1776 3141 0	Board Gangplank 59832				537	Sailing: Fortis Cothon
2579 2843 0	2759 3229 0	Board Gangplank 59832				283	Sailing: North Brimhaven mine
2579 2843 0	2796 3413 0	Board Gangplank 59832				354	Sailing: Keep Le Faye
2579 2843 0	2878 3335 0	Board Gangplank 59832				355	Sailing: Entrana church
2579 2843 0	1844 3688 0	Board Gangplank 59832				660	Sailing: Port Piscarilius
2579 2843 0	2860 3970 0	Board Gangplank 59832				982	Sailing: Weiss
2579 2843 0	1873 2983 0	Board Gangplank 59832				421	Sailing: Vatrachos Island
2579 2843 0	2907 3225 0	Board Gangplank 59832				356	Sailing: Lone oak island
2579 2843 0	1892 3428 0	Board Gangplank 59832				522	Sailing: Chinchompa Island
2579 2843 0	2927 4055 0	Board Gangplank 59832				1033	Sailing: Grimstone
2579 2843 0	2996 2287 0	Board Gangplank 59832				383	Sailing: The Onyx Crest
2579 2843 0	2965 2608 0	Board Gangplank 59832				275	Sailing: 2965,2608
2579 2843 0	1958 3113 0	Board Gangplank 59832				396	Sailing: Minotaurs' Rest
2579 2843 0	2960 3146 0	Board Gangplank 59832				362	Sailing: Mudskipper Point
2579 2843 0	1953 4056 0	Board Gangplank 59832				822	Sailing: Brittle Isle
2579 2843 0	3069 2986 0	Board Gangplank 59832				295	Sailing: The Pandemonium (ship)
2579 2843 0	3050 3192 0	Board Gangplank 59832				392	Sailing: Bay of Sarim
2612 3841 0	2059 2605 0	Board Gangplank 59832				805	Sailing: Wintumber Island
2612 3841 0	2095 3188 0	Board Gangplank 59832				502	Sailing: Lledrith Island
2612 3841 0	2079 3689 0	Board Gangplank 59832				318	Sailing: Buccaneers' Haven
2612 3841 0	3173 2368 0	Board Gangplank 59832				1221	Sailing: The Summer Shore
2612 3841 0	3145 2824 0	Board Gangplank 59832				1115	Sailing: Sea Spirit Dock
2612 3841 0	2143 3121 0	Board Gangplank 59832				537	Sailing: Port Tyras
2612 3841 0	2157 3325 0	Board Gangplank 59832				438	Sailing: Tirannwn Bight
2612 3841 0	2148 3531 0	Board Gangplank 59832				329	Sailing: Drumstick Isle
2612 3841 0	2151 3880 0	Board Gangplank 59832				261	Sailing: Lunar Isle
2612 3841 0	2193 2319 0	Board Gangplank 59832				958	Sailing: Sunbleak Island
2612 3841 0	1201 2733 0	Board Gangplank 59832				1023	Sailing: Laguna Aurorae
2612 3841 0	2220 3466 0	Board Gangplank 59832				339	Sailing: Ynysdail
2612 3841 0	2282 2821 0	Board Gangplank 59832				759	Sailing: 2282,2821
2612 3841 0	3353 2215 0	Board Gangplank 59832				1341	Sailing: The Little Pearl
2612 3841 0	2344 2268 0	Board Gangplank 59832				1019	Sailing: Rainbow's End
2612 3841 0	2320 2774 0	Board Gangplank 59832				779	Sailing: Tear of the Soul
2612 3841 0	2305 3689 0	Board Gangplank 59832				209	Sailing: Piscatoris bank
2612 3841 0	2310 3781 0	Board Gangplank 59832				186	Sailing: Neitiznot
2612 3841 0	2411 3781 0	Board Gangplank 59832				133	Sailing: Jatizso
2612 3841 0	2467 2718 0	Board Gangplank 59832				821	Sailing: Anglers' Retreat
2612 3841 0	1451 2969 0	Board Gangplank 59832				887	Sailing: Aldarin
2612 3841 0	2532 2531 0	Board Gangplank 59832				936	Sailing: Isle of Bones
2612 3841 0	1513 2973 0	Board Gangplank 59832				858	Sailing: Sunset Coast
2612 3841 0	1506 3402 0	Board Gangplank 59832				664	Sailing: Lands End
2612 3841 0	2542 3764 0	Board Gangplank 59832				72	Sailing: Waterbirth Island
2612 3841 0	2579 2843 0	Board Gangplank 59832				832	Sailing: Corsair Cove
2612 3841 0	2660 2392 0	Board Gangplank 59832				1025	Sailing: Charred Island
2612 3841 0	2651 2677 0	Board Gangplank 59832				896	Sailing: Void Knights' Outpost
2612 3841 0	2685 3161 0	Board Gangplank 59832				1018	Sailing: Port Khazard
2612 3841 0	2670 3266 0	Board Gangplank 59832				1070	Sailing: Necromancer Tower
2612 3841 0	2629 3704 0	Board Gangplank 59832				91	Sailing: Fremensund
2612 3841 0	2751 2951 0	Board Gangplank 59832				939	Sailing: Cairn Isle
2612 3841 0	2746 3304 0	Board Gangplank 59832				1102	Sailing: Witchaven church
2612 3841 0	1726 3453 0	Board Gangplank 59832				551	Sailing: Charcoal Burners
2612 3841 0	1758 2655 0	Board Gangplank 59832				835	Sailing: The Crown Jewel
2612 3841 0	1776 3141 0	Board Gangplank 59832				606	Sailing: Fortis Cothon
2612 3841 0	2759 3229 0	Board Gangplank 59832				1095	Sailing: North Brimhaven mine
2612 3841 0	2796 3413 0	Board Gangplank 59832				1165	Sailing: Keep Le Faye
2612 3841 0	2878 3335 0	Board Gangplank 59832				1166	Sailing: Entrana church
2612 3841 0	1844 3688 0	Board Gangplank 59832				436	Sailing: Port Piscarilius
2612 3841 0	2860 3970 0	Board Gangplank 59832				171	Sailing: Weiss
2612 3841 0	1873 2983 0	Board Gangplank 59832				650	Sailing: Vatrachos Island
2612 3841 0	2907 3225 0	Board Gangplank 59832				1167	Sailing: Lone oak island
2612 3841 0	1892 3428 0	Board Gangplank 59832				465	Sailing: Chinchompa Island
2612 3841 0	2927 4055 0	Board Gangplank 59832				222	Sailing: Grimstone
2612 3841 0	2996 2287 0	Board Gangplank 59832				1156	Sailing: The Onyx Crest
2612 3841 0	2965 2608 0	Board Gangplank 59832				1073	Sailing: 2965,2608
2612 3841 0	1958 3113 0	Board Gangplank 59832				567	Sailing: Minotaurs' Rest
2612 3841 0	2960 3146 0	Board Gangplank 59832				1173	Sailing: Mudskipper Point
2612 3841 0	1953 4056 0	Board Gangplank 59832				396	Sailing: Brittle Isle
2612 3841 0	3069 2986 0	Board Gangplank 59832				1106	Sailing: The Pandemonium (ship)
2612 3841 0	3050 3192 0	Board Gangplank 59832				1204	Sailing: Bay of Sarim
2660 2392 0	2059 2605 0	Board Mooring point 59834				376	Sailing: Wintumber Island
2660 2392 0	2095 3188 0	Board Mooring point 59834				552	Sailing: Lledrith Island
2660 2392 0	2079 3689 0	Board Mooring point 59834				819	Sailing: Buccaneers' Haven
2660 2392 0	3173 2368 0	Board Mooring point 59834				283	Sailing: The Summer Shore
2660 2392 0	3145 2824 0	Board Mooring point 59834				351	Sailing: Sea Spirit Dock
2660 2392 0	2143 3121 0	Board Mooring point 59834				509	Sailing: Port Tyras
2660 2392 0	2157 3325 0	Board Mooring point 59834				614	Sailing: Tirannwn Bight
2660 2392 0	2148 3531 0	Board Mooring point 59834				725	Sailing: Drumstick Isle
2660 2392 0	2151 3880 0	Board Mooring point 59834				909	Sailing: Lunar Isle
2660 2392 0	2193 2319 0	Board Mooring point 59834				277	Sailing: Sunbleak Island
2660 2392 0	1201 2733 0	Board Mooring point 59834				828	Sailing: Laguna Aurorae
2660 2392 0	2220 3466 0	Board Mooring point 59834				728	Sailing: Ynysdail
2660 2392 0	2282 2821 0	Board Mooring point 59834				313	Sailing: 2282,2821
2660 2392 0	3353 2215 0	Board Mooring point 59834				404	Sailing: The Little Pearl
2660 2392 0	2344 2268 0	Board Mooring point 59834				209	Sailing: Rainbow's End
2660 2392 0	2320 2774 0	Board Mooring point 59834				281	Sailing: Tear of the Soul
2660 2392 0	2305 3689 0	Board Mooring point 59834				836	Sailing: Piscatoris bank
2660 2392 0	2310 3781 0	Board Mooring point 59834				884	Sailing: Neitiznot
2660 2392 0	2411 3781 0	Board Mooring point 59834				912	Sailing: Jatizso
2660 2392 0	2467 2718 0	Board Mooring point 59834				225	Sailing: Anglers' Retreat
2660 2392 0	1451 2969 0	Board Mooring point 59834				752	Sailing: Aldarin
2660 2392 0	2532 2531 0	Board Mooring point 59834				122	Sailing: Isle of Bones
2660 2392 0	1513 2973 0	Board Mooring point 59834				723	Sailing: Sunset Coast
2660 2392 0	1506 3402 0	Board Mooring point 59834				840	Sailing: Lands End
2660 2392 0	2542 3764 0	Board Mooring point 59834				977	Sailing: Waterbirth Island
2660 2392 0	2579 2843 0	Board Mooring point 59834				263	Sailing: Corsair Cove
2660 2392 0	2612 3841 0	Board Mooring point 59834				1025	Sailing: Etceteria
2660 2392 0	2651 2677 0	Board Mooring point 59834				179	Sailing: Void Knights' Outpost
2660 2392 0	2685 3161 0	Board Mooring point 59834				410	Sailing: Port Khazard
2660 2392 0	2670 3266 0	Board Mooring point 59834				465	Sailing: Necromancer Tower
2660 2392 0	2629 3704 0	Board Mooring point 59834				1006	Sailing: Fremensund
2660 2392 0	2751 2951 0	Board Mooring point 59834				317	Sailing: Cairn Isle
2660 2392 0	2746 3304 0	Board Mooring point 59834				494	Sailing: Witchaven church
2660 2392 0	1726 3453 0	Board Mooring point 59834				776	Sailing: Charcoal Burners
2660 2392 0	1758 2655 0	Board Mooring point 59834				531	Sailing: The Crown Jewel
2660 2392 0	1776 3141 0	Board Mooring point 59834				688	Sailing: Fortis Cothon
2660 2392 0	2759 3229 0	Board Mooring point 59834				487	Sailing: North Brimhaven mine
2660 2392 0	2796 3413 0	Board Mooring point 59834				557	Sailing: Keep Le Faye
2660 2392 0	2878 3335 0	Board Mooring point 59834				558	Sailing: Entrana church
2660 2392 0	1844 3688 0	Board Mooring point 59834				853	Sailing: Port Piscarilius
2660 2392 0	2860 3970 0	Board Mooring point 59834				1175	Sailing: Weiss
2660 2392 0	1873 2983 0	Board Mooring point 59834				547	Sailing: Vatrachos Island
2660 2392 0	2907 3225 0	Board Mooring point 59834				520	Sailing: Lone oak island
2660 2392 0	1892 3428 0	Board Mooring point 59834				715	Sailing: Chinchompa Island
2660 2392 0	2927 4055 0	Board Mooring point 59834				1226	Sailing: Grimstone
2660 2392 0	2996 2287 0	Board Mooring point 59834				210	Sailing: The Onyx Crest
2660 2392 0	2965 2608 0	Board Mooring point 59834				219	Sailing: 2965,2608
2660 2392 0	1958 3113 0	Board Mooring point 59834				571	Sailing: Minotaurs' Rest
2660 2392 0	2960 3146 0	Board Mooring point 59834				469	Sailing: Mudskipper Point
2660 2392 0	1953 4056 0	Board Mooring point 59834				1015	Sailing: Brittle Isle
2660 2392 0	3069 2986 0	Board Mooring point 59834				401	Sailing: The Pandemonium (ship)
2660 2392 0	3050 3192 0	Board Mooring point 59834				500	Sailing: Bay of Sarim
2651 2677 0	2059 2605 0	Board Gangplank 59832				334	Sailing: Wintumber Island
2651 2677 0	2095 3188 0	Board Gangplank 59832				422	Sailing: Lledrith Island
2651 2677 0	2079 3689 0	Board Gangplank 59832				689	Sailing: Buccaneers' Haven
2651 2677 0	3173 2368 0	Board Gangplank 59832				346	Sailing: The Summer Shore
2651 2677 0	3145 2824 0	Board Gangplank 59832				297	Sailing: Sea Spirit Dock
2651 2677 0	2143 3121 0	Board Gangplank 59832				379	Sailing: Port Tyras
2651 2677 0	2157 3325 0	Board Gangplank 59832				485	Sailing: Tirannwn Bight
2651 2677 0	2148 3531 0	Board Gangplank 59832				595	Sailing: Drumstick Isle
2651 2677 0	2151 3880 0	Board Gangplank 59832				780	Sailing: Lunar Isle
2651 2677 0	2193 2319 0	Board Gangplank 59832				326	Sailing: Sunbleak Island
2651 2677 0	1201 2733 0	Board Gangplank 59832				756	Sailing: Laguna Aurorae
2651 2677 0	2220 3466 0	Board Gangplank 59832				599	Sailing: Ynysdail
2651 2677 0	2282 2821 0	Board Gangplank 59832				234	Sailing: 2282,2821
2651 2677 0	3353 2215 0	Board Gangplank 59832				466	Sailing: The Little Pearl
2651 2677 0	2344 2268 0	Board Gangplank 59832				291	Sailing: Rainbow's End
2651 2677 0	2320 2774 0	Board Gangplank 59832				208	Sailing: Tear of the Soul
2651 2677 0	2305 3689 0	Board Gangplank 59832				707	Sailing: Piscatoris bank
2651 2677 0	2310 3781 0	Board Gangplank 59832				754	Sailing: Neitiznot
2651 2677 0	2411 3781 0	Board Gangplank 59832				783	Sailing: Jatizso
2651 2677 0	2467 2718 0	Board Gangplank 59832				125	Sailing: Anglers' Retreat
2651 2677 0	1451 2969 0	Board Gangplank 59832				680	Sailing: Aldarin
2651 2677 0	2532 2531 0	Board Gangplank 59832				122	Sailing: Isle of Bones
2651 2677 0	1513 2973 0	Board Gangplank 59832				651	Sailing: Sunset Coast
2651 2677 0	1506 3402 0	Board Gangplank 59832				744	Sailing: Lands End
2651 2677 0	2542 3764 0	Board Gangplank 59832				848	Sailing: Waterbirth Island
2651 2677 0	2579 2843 0	Board Gangplank 59832				118	Sailing: Corsair Cove
2651 2677 0	2612 3841 0	Board Gangplank 59832				896	Sailing: Etceteria
2651 2677 0	2660 2392 0	Board Gangplank 59832				179	Sailing: Charred Island
2651 2677 0	2685 3161 0	Board Gangplank 59832				270	Sailing: Port Khazard
2651 2677 0	2670 3266 0	Board Gangplank 59832				322	Sailing: Necromancer Tower
2651 2677 0	2629 3704 0	Board Gangplank 59832				876	Sailing: Fremensund
2651 2677 0	2751 2951 0	Board Gangplank 59832				178	Sailing: Cairn Isle
2651 2677 0	2746 3304 0	Board Gangplank 59832				354	Sailing: Witchaven church
2651 2677 0	1726 3453 0	Board Gangplank 59832				647	Sailing: Charcoal Burners
2651 2677 0	1758 2655 0	Board Gangplank 59832				467	Sailing: The Crown Jewel
2651 2677 0	1776 3141 0	Board Gangplank 59832				601	Sailing: Fortis Cothon
2651 2677 0	2759 3229 0	Board Gangplank 59832				347	Sailing: North Brimhaven mine
2651 2677 0	2796 3413 0	Board Gangplank 59832				418	Sailing: Keep Le Faye
2651 2677 0	2878 3335 0	Board Gangplank 59832				418	Sailing: Entrana church
2651 2677 0	1844 3688 0	Board Gangplank 59832				724	Sailing: Port Piscarilius
2651 2677 0	2860 3970 0	Board Gangplank 59832				1046	Sailing: Weiss
2651 2677 0	1873 2983 0	Board Gangplank 59832				475	Sailing: Vatrachos Island
2651 2677 0	2907 3225 0	Board Gangplank 59832				419	Sailing: Lone oak island
2651 2677 0	1892 3428 0	Board Gangplank 59832				585	Sailing: Chinchompa Island
2651 2677 0	2927 4055 0	Board Gangplank 59832				1097	Sailing: Grimstone
2651 2677 0	2996 2287 0	Board Gangplank 59832				293	Sailing: The Onyx Crest
2651 2677 0	2965 2608 0	Board Gangplank 59832				198	Sailing: 2965,2608
2651 2677 0	1958 3113 0	Board Gangplank 59832				460	Sailing: Minotaurs' Rest
2651 2677 0	2960 3146 0	Board Gangplank 59832				374	Sailing: Mudskipper Point
2651 2677 0	1953 4056 0	Board Gangplank 59832				886	Sailing: Brittle Isle
2651 2677 0	3069 2986 0	Board Gangplank 59832				305	Sailing: The Pandemonium (ship)
2651 2677 0	3050 3192 0	Board Gangplank 59832				404	Sailing: Bay of Sarim
2685 3161 0	2059 2605 0	Board Gangplank 59832				519	Sailing: Wintumber Island
2685 3161 0	2095 3188 0	Board Gangplank 59832				544	Sailing: Lledrith Island
2685 3161 0	2079 3689 0	Board Gangplank 59832				811	Sailing: Buccaneers' Haven
2685 3161 0	3173 2368 0	Board Gangplank 59832				534	Sailing: The Summer Shore
2685 3161 0	3145 2824 0	Board Gangplank 59832				376	Sailing: Sea Spirit Dock
2685 3161 0	2143 3121 0	Board Gangplank 59832				501	Sailing: Port Tyras
2685 3161 0	2157 3325 0	Board Gangplank 59832				607	Sailing: Tirannwn Bight
2685 3161 0	2148 3531 0	Board Gangplank 59832				717	Sailing: Drumstick Isle
2685 3161 0	2151 3880 0	Board Gangplank 59832				902	Sailing: Lunar Isle
2685 3161 0	2193 2319 0	Board Gangplank 59832				540	Sailing: Sunbleak Island
2685 3161 0	1201 2733 0	Board Gangplank 59832				918	Sailing: Laguna Aurorae
2685 3161 0	2220 3466 0	Board Gangplank 59832				721	Sailing: Ynysdail
2685 3161 0	2282 2821 0	Board Gangplank 59832				362	Sailing: 2282,2821
2685 3161 0	3353 2215 0	Board Gangplank 59832				654	Sailing: The Little Pearl
2685 3161 0	2344 2268 0	Board Gangplank 59832				537	Sailing: Rainbow's End
2685 3161 0	2320 2774 0	Board Gangplank 59832				361	Sailing: Tear of the Soul
2685 3161 0	2305 3689 0	Board Gangplank 59832				829	Sailing: Piscatoris bank
2685 3161 0	2310 3781 0	Board Gangplank 59832				876	Sailing: Neitiznot
2685 3161 0	2411 3781 0	Board Gangplank 59832				905	Sailing: Jatizso
2685 3161 0	2467 2718 0	Board Gangplank 59832				289	Sailing: Anglers' Retreat
2685 3161 0	1451 2969 0	Board Gangplank 59832				828	Sailing: Aldarin
2685 3161 0	2532 2531 0	Board Gangplank 59832				368	Sailing: Isle of Bones
2685 3161 0	1513 2973 0	Board Gangplank 59832				799	Sailing: Sunset Coast
2685 3161 0	1506 3402 0	Board Gangplank 59832				866	Sailing: Lands End
2685 3161 0	2542 3764 0	Board Gangplank 59832				970	Sailing: Waterbirth Island
2685 3161 0	2579 2843 0	Board Gangplank 59832				206	Sailing: Corsair Cove
2685 3161 0	2612 3841 0	Board Gangplank 59832				1018	Sailing: Etceteria
2685 3161 0	2660 2392 0	Board Gangplank 59832				410	Sailing: Charred Island
2685 3161 0	2651 2677 0	Board Gangplank 59832				270	Sailing: Void Knights' Outpost
2685 3161 0	2670 3266 0	Board Gangplank 59832				75	Sailing: Necromancer Tower
2685 3161 0	2629 3704 0	Board Gangplank 59832				998	Sailing: Fremensund
2685 3161 0	2751 2951 0	Board Gangplank 59832				139	Sailing: Cairn Isle
2685 3161 0	2746 3304 0	Board Gangplank 59832				105	Sailing: Witchaven church
2685 3161 0	1726 3453 0	Board Gangplank 59832				768	Sailing: Charcoal Burners
2685 3161 0	1758 2655 0	Board Gangplank 59832				651	Sailing: The Crown Jewel
2685 3161 0	1776 3141 0	Board Gangplank 59832				723	Sailing: Fortis Cothon
2685 3161 0	2759 3229 0	Board Gangplank 59832				98	Sailing: North Brimhaven mine
2685 3161 0	2796 3413 0	Board Gangplank 59832				168	Sailing: Keep Le Faye
2685 3161 0	2878 3335 0	Board Gangplank 59832				169	Sailing: Entrana church
2685 3161 0	1844 3688 0	Board Gangplank 59832				846	Sailing: Port Piscarilius
2685 3161 0	2860 3970 0	Board Gangplank 59832				1168	Sailing: Weiss
2685 3161 0	1873 2983 0	Board Gangplank 59832				607	Sailing: Vatrachos Island
2685 3161 0	2907 3225 0	Board Gangplank 59832				170	Sailing: Lone oak island
2685 3161 0	1892 3428 0	Board Gangplank 59832				707	Sailing: Chinchompa Island
2685 3161 0	2927 4055 0	Board Gangplank 59832				1219	Sailing: Grimstone
2685 3161 0	2996 2287 0	Board Gangplank 59832				521	Sailing: The Onyx Crest
2685 3161 0	2965 2608 0	Board Gangplank 59832				360	Sailing: 2965,2608
2685 3161 0	1958 3113 0	Board Gangplank 59832				582	Sailing: Minotaurs' Rest
2685 3161 0	2960 3146 0	Board Gangplank 59832				213	Sailing: Mudskipper Point
2685 3161 0	1953 4056 0	Board Gangplank 59832				1008	Sailing: Brittle Isle
2685 3161 0	3069 2986 0	Board Gangplank 59832				315	Sailing: The Pandemonium (ship)
2685 3161 0	3050 3192 0	Board Gangplank 59832				302	Sailing: Bay of Sarim
2670 3266 0	2059 2605 0	Board Gangplank 59832				571	Sailing: Wintumber Island
2670 3266 0	2095 3188 0	Board Gangplank 59832				597	Sailing: Lledrith Island
2670 3266 0	2079 3689 0	Board Gangplank 59832				864	Sailing: Buccaneers' Haven
2670 3266 0	3173 2368 0	Board Gangplank 59832				589	Sailing: The Summer Shore
2670 3266 0	3145 2824 0	Board Gangplank 59832				388	Sailing: Sea Spirit Dock
2670 3266 0	2143 3121 0	Board Gangplank 59832				554	Sailing: Port Tyras
2670 3266 0	2157 3325 0	Board Gangplank 59832				659	Sailing: Tirannwn Bight
2670 3266 0	2148 3531 0	Board Gangplank 59832				770	Sailing: Drumstick Isle
2670 3266 0	2151 3880 0	Board Gangplank 59832				955	Sailing: Lunar Isle
2670 3266 0	2193 2319 0	Board Gangplank 59832				593	Sailing: Sunbleak Island
2670 3266 0	1201 2733 0	Board Gangplank 59832				971	Sailing: Laguna Aurorae
2670 3266 0	2220 3466 0	Board Gangplank 59832				774	Sailing: Ynysdail
2670 3266 0	2282 2821 0	Board Gangplank 59832				415	Sailing: 2282,2821
2670 3266 0	3353 2215 0	Board Gangplank 59832				709	Sailing: The Little Pearl
2670 3266 0	2344 2268 0	Board Gangplank 59832				590	Sailing: Rainbow's End
2670 3266 0	2320 2774 0	Board Gangplank 59832				413	Sailing: Tear of the Soul
2670 3266 0	2305 3689 0	Board Gangplank 59832				881	Sailing: Piscatoris bank
2670 3266 0	2310 3781 0	Board Gangplank 59832				929	Sailing: Neitiznot
2670 3266 0	2411 3781 0	Board Gangplank 59832				957	Sailing: Jatizso
2670 3266 0	2467 2718 0	Board Gangplank 59832				341	Sailing: Anglers' Retreat
2670 3266 0	1451 2969 0	Board Gangplank 59832				881	Sailing: Aldarin
2670 3266 0	2532 2531 0	Board Gangplank 59832				421	Sailing: Isle of Bones
2670 3266 0	1513 2973 0	Board Gangplank 59832				851	Sailing: Sunset Coast
2670 3266 0	1506 3402 0	Board Gangplank 59832				918	Sailing: Lands End
2670 3266 0	2542 3764 0	Board Gangplank 59832				1022	Sailing: Waterbirth Island
2670 3266 0	2579 2843 0	Board Gangplank 59832				259	Sailing: Corsair Cove
2670 3266 0	2612 3841 0	Board Gangplank 59832				1070	Sailing: Etceteria
2670 3266 0	2660 2392 0	Board Gangplank 59832				465	Sailing: Charred Island
2670 3266 0	2651 2677 0	Board Gangplank 59832				322	Sailing: Void Knights' Outpost
2670 3266 0	2685 3161 0	Board Gangplank 59832				75	Sailing: Port Khazard
2670 3266 0	2629 3704 0	Board Gangplank 59832				1051	Sailing: Fremensund
2670 3266 0	2751 2951 0	Board Gangplank 59832				193	Sailing: Cairn Isle
2670 3266 0	2746 3304 0	Board Gangplank 59832				76	Sailing: Witchaven church
2670 3266 0	1726 3453 0	Board Gangplank 59832				821	Sailing: Charcoal Burners
2670 3266 0	1758 2655 0	Board Gangplank 59832				704	Sailing: The Crown Jewel
2670 3266 0	1776 3141 0	Board Gangplank 59832				776	Sailing: Fortis Cothon
2670 3266 0	2759 3229 0	Board Gangplank 59832				74	Sailing: North Brimhaven mine
2670 3266 0	2796 3413 0	Board Gangplank 59832				140	Sailing: Keep Le Faye
2670 3266 0	2878 3335 0	Board Gangplank 59832				140	Sailing: Entrana church
2670 3266 0	1844 3688 0	Board Gangplank 59832				899	Sailing: Port Piscarilius
2670 3266 0	2860 3970 0	Board Gangplank 59832				1221	Sailing: Weiss
2670 3266 0	1873 2983 0	Board Gangplank 59832				660	Sailing: Vatrachos Island
2670 3266 0	2907 3225 0	Board Gangplank 59832				147	Sailing: Lone oak island
2670 3266 0	1892 3428 0	Board Gangplank 59832				760	Sailing: Chinchompa Island
2670 3266 0	2927 4055 0	Board Gangplank 59832				1272	Sailing: Grimstone
2670 3266 0	2996 2287 0	Board Gangplank 59832				575	Sailing: The Onyx Crest
2670 3266 0	2965 2608 0	Board Gangplank 59832				414	Sailing: 2965,2608
2670 3266 0	1958 3113 0	Board Gangplank 59832				635	Sailing: Minotaurs' Rest
2670 3266 0	2960 3146 0	Board Gangplank 59832				190	Sailing: Mudskipper Point
2670 3266 0	1953 4056 0	Board Gangplank 59832				1060	Sailing: Brittle Isle
2670 3266 0	3069 2986 0	Board Gangplank 59832				291	Sailing: The Pandemonium (ship)
2670 3266 0	3050 3192 0	Board Gangplank 59832				279	Sailing: Bay of Sarim
2629 3704 0	2059 2605 0	Board Gangplank 59832				786	Sailing: Wintumber Island
2629 3704 0	2095 3188 0	Board Gangplank 59832				483	Sailing: Lledrith Island
2629 3704 0	2079 3689 0	Board Gangplank 59832				298	Sailing: Buccaneers' Haven
2629 3704 0	3173 2368 0	Board Gangplank 59832				1202	Sailing: The Summer Shore
2629 3704 0	3145 2824 0	Board Gangplank 59832				1096	Sailing: Sea Spirit Dock
2629 3704 0	2143 3121 0	Board Gangplank 59832				518	Sailing: Port Tyras
2629 3704 0	2157 3325 0	Board Gangplank 59832				418	Sailing: Tirannwn Bight
2629 3704 0	2148 3531 0	Board Gangplank 59832				310	Sailing: Drumstick Isle
2629 3704 0	2151 3880 0	Board Gangplank 59832				296	Sailing: Lunar Isle
2629 3704 0	2193 2319 0	Board Gangplank 59832				939	Sailing: Sunbleak Island
2629 3704 0	1201 2733 0	Board Gangplank 59832				1004	Sailing: Laguna Aurorae
2629 3704 0	2220 3466 0	Board Gangplank 59832				320	Sailing: Ynysdail
2629 3704 0	2282 2821 0	Board Gangplank 59832				740	Sailing: 2282,2821
2629 3704 0	3353 2215 0	Board Gangplank 59832				1322	Sailing: The Little Pearl
2629 3704 0	2344 2268 0	Board Gangplank 59832				1000	Sailing: Rainbow's End
2629 3704 0	2320 2774 0	Board Gangplank 59832				760	Sailing: Tear of the Soul
2629 3704 0	2305 3689 0	Board Gangplank 59832				190	Sailing: Piscatoris bank
2629 3704 0	2310 3781 0	Board Gangplank 59832				197	Sailing: Neitiznot
2629 3704 0	2411 3781 0	Board Gangplank 59832				145	Sailing: Jatizso
2629 3704 0	2467 2718 0	Board Gangplank 59832				802	Sailing: Anglers' Retreat
2629 3704 0	1451 2969 0	Board Gangplank 59832				868	Sailing: Aldarin
2629 3704 0	2532 2531 0	Board Gangplank 59832				916	Sailing: Isle of Bones
2629 3704 0	1513 2973 0	Board Gangplank 59832				839	Sailing: Sunset Coast
2629 3704 0	1506 3402 0	Board Gangplank 59832				645	Sailing: Lands End
2629 3704 0	2542 3764 0	Board Gangplank 59832				77	Sailing: Waterbirth Island
2629 3704 0	2579 2843 0	Board Gangplank 59832				813	Sailing: Corsair Cove
2629 3704 0	2612 3841 0	Board Gangplank 59832				91	Sailing: Etceteria
2629 3704 0	2660 2392 0	Board Gangplank 59832				1006	Sailing: Charred Island
2629 3704 0	2651 2677 0	Board Gangplank 59832				876	Sailing: Void Knights' Outpost
2629 3704 0	2685 3161 0	Board Gangplank 59832				998	Sailing: Port Khazard
2629 3704 0	2670 3266 0	Board Gangplank 59832				1051	Sailing: Necromancer Tower
2629 3704 0	2751 2951 0	Board Gangplank 59832				920	Sailing: Cairn Isle
2629 3704 0	2746 3304 0	Board Gangplank 59832				1083	Sailing: Witchaven church
2629 3704 0	1726 3453 0	Board Gangplank 59832				532	Sailing: Charcoal Burners
2629 3704 0	1758 2655 0	Board Gangplank 59832				816	Sailing: The Crown Jewel
2629 3704 0	1776 3141 0	Board Gangplank 59832				587	Sailing: Fortis Cothon
2629 3704 0	2759 3229 0	Board Gangplank 59832				1076	Sailing: North Brimhaven mine
2629 3704 0	2796 3413 0	Board Gangplank 59832				1146	Sailing: Keep Le Faye
2629 3704 0	2878 3335 0	Board Gangplank 59832				1147	Sailing: Entrana church
2629 3704 0	1844 3688 0	Board Gangplank 59832				419	Sailing: Port Piscarilius
2629 3704 0	2860 3970 0	Board Gangplank 59832				210	Sailing: Weiss
2629 3704 0	1873 2983 0	Board Gangplank 59832				631	Sailing: Vatrachos Island
2629 3704 0	2907 3225 0	Board Gangplank 59832				1148	Sailing: Lone oak island
2629 3704 0	1892 3428 0	Board Gangplank 59832				446	Sailing: Chinchompa Island
2629 3704 0	2927 4055 0	Board Gangplank 59832				261	Sailing: Grimstone
2629 3704 0	2996 2287 0	Board Gangplank 59832				1137	Sailing: The Onyx Crest
2629 3704 0	2965 2608 0	Board Gangplank 59832				1054	Sailing: 2965,2608
2629 3704 0	1958 3113 0	Board Gangplank 59832				547	Sailing: Minotaurs' Rest
2629 3704 0	2960 3146 0	Board Gangplank 59832				1154	Sailing: Mudskipper Point
2629 3704 0	1953 4056 0	Board Gangplank 59832				430	Sailing: Brittle Isle
2629 3704 0	3069 2986 0	Board Gangplank 59832				1087	Sailing: The Pandemonium (ship)
2629 3704 0	3050 3192 0	Board Gangplank 59832				1185	Sailing: Bay of Sarim
2751 2951 0	2059 2605 0	Board Gangplank 59832				440	Sailing: Wintumber Island
2751 2951 0	2095 3188 0	Board Gangplank 59832				466	Sailing: Lledrith Island
2751 2951 0	2079 3689 0	Board Gangplank 59832				733	Sailing: Buccaneers' Haven
2751 2951 0	3173 2368 0	Board Gangplank 59832				416	Sailing: The Summer Shore
2751 2951 0	3145 2824 0	Board Gangplank 59832				258	Sailing: Sea Spirit Dock
2751 2951 0	2143 3121 0	Board Gangplank 59832				423	Sailing: Port Tyras
2751 2951 0	2157 3325 0	Board Gangplank 59832				528	Sailing: Tirannwn Bight
2751 2951 0	2148 3531 0	Board Gangplank 59832				639	Sailing: Drumstick Isle
2751 2951 0	2151 3880 0	Board Gangplank 59832				824	Sailing: Lunar Isle
2751 2951 0	2193 2319 0	Board Gangplank 59832				449	Sailing: Sunbleak Island
2751 2951 0	1201 2733 0	Board Gangplank 59832				840	Sailing: Laguna Aurorae
2751 2951 0	2220 3466 0	Board Gangplank 59832				642	Sailing: Ynysdail
2751 2951 0	2282 2821 0	Board Gangplank 59832				284	Sailing: 2282,2821
2751 2951 0	3353 2215 0	Board Gangplank 59832				536	Sailing: The Little Pearl
2751 2951 0	2344 2268 0	Board Gangplank 59832				446	Sailing: Rainbow's End
2751 2951 0	2320 2774 0	Board Gangplank 59832				282	Sailing: Tear of the Soul
2751 2951 0	2305 3689 0	Board Gangplank 59832				750	Sailing: Piscatoris bank
2751 2951 0	2310 3781 0	Board Gangplank 59832				798	Sailing: Neitiznot
2751 2951 0	2411 3781 0	Board Gangplank 59832				826	Sailing: Jatizso
2751 2951 0	2467 2718 0	Board Gangplank 59832				210	Sailing: Anglers' Retreat
2751 2951 0	1451 2969 0	Board Gangplank 59832				749	Sailing: Aldarin
2751 2951 0	2532 2531 0	Board Gangplank 59832				277	Sailing: Isle of Bones
2751 2951 0	1513 2973 0	Board Gangplank 59832				720	Sailing: Sunset Coast
2751 2951 0	1506 3402 0	Board Gangplank 59832				787	Sailing: Lands End
2751 2951 0	2542 3764 0	Board Gangplank 59832				891	Sailing: Waterbirth Island
2751 2951 0	2579 2843 0	Board Gangplank 59832				128	Sailing: Corsair Cove
2751 2951 0	2612 3841 0	Board Gangplank 59832				939	Sailing: Etceteria
2751 2951 0	2660 2392 0	Board Gangplank 59832				317	Sailing: Charred Island
2751 2951 0	2651 2677 0	Board Gangplank 59832				178	Sailing: Void Knights' Outpost
2751 2951 0	2685 3161 0	Board Gangplank 59832				139	Sailing: Port Khazard
2751 2951 0	2670 3266 0	Board Gangplank 59832				193	Sailing: Necromancer Tower
2751 2951 0	2629 3704 0	Board Gangplank 59832				920	Sailing: Fremensund
2751 2951 0	2746 3304 0	Board Gangplank 59832				222	Sailing: Witchaven church
2751 2951 0	1726 3453 0	Board Gangplank 59832				690	Sailing: Charcoal Burners
2751 2951 0	1758 2655 0	Board Gangplank 59832				573	Sailing: The Crown Jewel
2751 2951 0	1776 3141 0	Board Gangplank 59832				645	Sailing: Fortis Cothon
2751 2951 0	2759 3229 0	Board Gangplank 59832				215	Sailing: North Brimhaven mine
2751 2951 0	2796 3413 0	Board Gangplank 59832				286	Sailing: Keep Le Faye
2751 2951 0	2878 3335 0	Board Gangplank 59832				286	Sailing: Entrana church
2751 2951 0	1844 3688 0	Board Gangplank 59832				768	Sailing: Port Piscarilius
2751 2951 0	2860 3970 0	Board Gangplank 59832				1090	Sailing: Weiss
2751 2951 0	1873 2983 0	Board Gangplank 59832				528	Sailing: Vatrachos Island
2751 2951 0	2907 3225 0	Board Gangplank 59832				288	Sailing: Lone oak island
2751 2951 0	1892 3428 0	Board Gangplank 59832				629	Sailing: Chinchompa Island
2751 2951 0	2927 4055 0	Board Gangplank 59832				1141	Sailing: Grimstone
2751 2951 0	2996 2287 0	Board Gangplank 59832				402	Sailing: The Onyx Crest
2751 2951 0	2965 2608 0	Board Gangplank 59832				241	Sailing: 2965,2608
2751 2951 0	1958 3113 0	Board Gangplank 59832				504	Sailing: Minotaurs' Rest
2751 2951 0	2960 3146 0	Board Gangplank 59832				299	Sailing: Mudskipper Point
2751 2951 0	1953 4056 0	Board Gangplank 59832				929	Sailing: Brittle Isle
2751 2951 0	3069 2986 0	Board Gangplank 59832				232	Sailing: The Pandemonium (ship)
2751 2951 0	3050 3192 0	Board Gangplank 59832				329	Sailing: Bay of Sarim
2746 3304 0	2059 2605 0	Board Gangplank 59832				603	Sailing: Wintumber Island
2746 3304 0	2095 3188 0	Board Gangplank 59832				629	Sailing: Lledrith Island
2746 3304 0	2079 3689 0	Board Gangplank 59832				896	Sailing: Buccaneers' Haven
2746 3304 0	3173 2368 0	Board Gangplank 59832				609	Sailing: The Summer Shore
2746 3304 0	3145 2824 0	Board Gangplank 59832				358	Sailing: Sea Spirit Dock
2746 3304 0	2143 3121 0	Board Gangplank 59832				586	Sailing: Port Tyras
2746 3304 0	2157 3325 0	Board Gangplank 59832				691	Sailing: Tirannwn Bight
2746 3304 0	2148 3531 0	Board Gangplank 59832				802	Sailing: Drumstick Isle
2746 3304 0	2151 3880 0	Board Gangplank 59832				986	Sailing: Lunar Isle
2746 3304 0	2193 2319 0	Board Gangplank 59832				625	Sailing: Sunbleak Island
2746 3304 0	1201 2733 0	Board Gangplank 59832				1003	Sailing: Laguna Aurorae
2746 3304 0	2220 3466 0	Board Gangplank 59832				805	Sailing: Ynysdail
2746 3304 0	2282 2821 0	Board Gangplank 59832				446	Sailing: 2282,2821
2746 3304 0	3353 2215 0	Board Gangplank 59832				705	Sailing: The Little Pearl
2746 3304 0	2344 2268 0	Board Gangplank 59832				622	Sailing: Rainbow's End
2746 3304 0	2320 2774 0	Board Gangplank 59832				445	Sailing: Tear of the Soul
2746 3304 0	2305 3689 0	Board Gangplank 59832				913	Sailing: Piscatoris bank
2746 3304 0	2310 3781 0	Board Gangplank 59832				961	Sailing: Neitiznot
2746 3304 0	2411 3781 0	Board Gangplank 59832				989	Sailing: Jatizso
2746 3304 0	2467 2718 0	Board Gangplank 59832				373	Sailing: Anglers' Retreat
2746 3304 0	1451 2969 0	Board Gangplank 59832				912	Sailing: Aldarin
2746 3304 0	2532 2531 0	Board Gangplank 59832				453	Sailing: Isle of Bones
2746 3304 0	1513 2973 0	Board Gangplank 59832				883	Sailing: Sunset Coast
2746 3304 0	1506 3402 0	Board Gangplank 59832				950	Sailing: Lands End
2746 3304 0	2542 3764 0	Board Gangplank 59832				1054	Sailing: Waterbirth Island
2746 3304 0	2579 2843 0	Board Gangplank 59832				291	Sailing: Corsair Cove
2746 3304 0	2612 3841 0	Board Gangplank 59832				1102	Sailing: Etceteria
2746 3304 0	2660 2392 0	Board Gangplank 59832				494	Sailing: Charred Island
2746 3304 0	2651 2677 0	Board Gangplank 59832				354	Sailing: Void Knights' Outpost
2746 3304 0	2685 3161 0	Board Gangplank 59832				105	Sailing: Port Khazard
2746 3304 0	2670 3266 0	Board Gangplank 59832				76	Sailing: Necromancer Tower
2746 3304 0	2629 3704 0	Board Gangplank 59832				1083	Sailing: Fremensund
2746 3304 0	2751 2951 0	Board Gangplank 59832				222	Sailing: Cairn Isle
2746 3304 0	1726 3453 0	Board Gangplank 59832				853	Sailing: Charcoal Burners
2746 3304 0	1758 2655 0	Board Gangplank 59832				736	Sailing: The Crown Jewel
2746 3304 0	1776 3141 0	Board Gangplank 59832				808	Sailing: Fortis Cothon
2746 3304 0	2759 3229 0	Board Gangplank 59832				60	Sailing: North Brimhaven mine
2746 3304 0	2796 3413 0	Board Gangplank 59832				84	Sailing: Keep Le Faye
2746 3304 0	2878 3335 0	Board Gangplank 59832				93	Sailing: Entrana church
2746 3304 0	1844 3688 0	Board Gangplank 59832				930	Sailing: Port Piscarilius
2746 3304 0	2860 3970 0	Board Gangplank 59832				1252	Sailing: Weiss
2746 3304 0	1873 2983 0	Board Gangplank 59832				691	Sailing: Vatrachos Island
2746 3304 0	2907 3225 0	Board Gangplank 59832				117	Sailing: Lone oak island
2746 3304 0	1892 3428 0	Board Gangplank 59832				792	Sailing: Chinchompa Island
2746 3304 0	2927 4055 0	Board Gangplank 59832				1303	Sailing: Grimstone
2746 3304 0	2996 2287 0	Board Gangplank 59832				595	Sailing: The Onyx Crest
2746 3304 0	2965 2608 0	Board Gangplank 59832				441	Sailing: 2965,2608
2746 3304 0	1958 3113 0	Board Gangplank 59832				667	Sailing: Minotaurs' Rest
2746 3304 0	2960 3146 0	Board Gangplank 59832				160	Sailing: Mudskipper Point
2746 3304 0	1953 4056 0	Board Gangplank 59832				1092	Sailing: Brittle Isle
2746 3304 0	3069 2986 0	Board Gangplank 59832				262	Sailing: The Pandemonium (ship)
2746 3304 0	3050 3192 0	Board Gangplank 59832				249	Sailing: Bay of Sarim
1726 3453 0	2059 2605 0	Board Gangplank 59832				512	Sailing: Wintumber Island
1726 3453 0	2095 3188 0	Board Gangplank 59832				262	Sailing: Lledrith Island
1726 3453 0	2079 3689 0	Board Gangplank 59832				285	Sailing: Buccaneers' Haven
1726 3453 0	3173 2368 0	Board Gangplank 59832				972	Sailing: The Summer Shore
1726 3453 0	3145 2824 0	Board Gangplank 59832				866	Sailing: Sea Spirit Dock
1726 3453 0	2143 3121 0	Board Gangplank 59832				298	Sailing: Port Tyras
1726 3453 0	2157 3325 0	Board Gangplank 59832				263	Sailing: Tirannwn Bight
1726 3453 0	2148 3531 0	Board Gangplank 59832				256	Sailing: Drumstick Isle
1726 3453 0	2151 3880 0	Board Gangplank 59832				377	Sailing: Lunar Isle
1726 3453 0	2193 2319 0	Board Gangplank 59832				678	Sailing: Sunbleak Island
1726 3453 0	1201 2733 0	Board Gangplank 59832				657	Sailing: Laguna Aurorae
1726 3453 0	2220 3466 0	Board Gangplank 59832				278	Sailing: Ynysdail
1726 3453 0	2282 2821 0	Board Gangplank 59832				510	Sailing: 2282,2821
1726 3453 0	3353 2215 0	Board Gangplank 59832				1092	Sailing: The Little Pearl
1726 3453 0	2344 2268 0	Board Gangplank 59832				740	Sailing: Rainbow's End
1726 3453 0	2320 2774 0	Board Gangplank 59832				529	Sailing: Tear of the Soul
1726 3453 0	2305 3689 0	Board Gangplank 59832				365	Sailing: Piscatoris bank
1726 3453 0	2310 3781 0	Board Gangplank 59832				387	Sailing: Neitiznot
1726 3453 0	2411 3781 0	Board Gangplank 59832				438	Sailing: Jatizso
1726 3453 0	2467 2718 0	Board Gangplank 59832				572	Sailing: Anglers' Retreat
1726 3453 0	1451 2969 0	Board Gangplank 59832				520	Sailing: Aldarin
1726 3453 0	2532 2531 0	Board Gangplank 59832				686	Sailing: Isle of Bones
1726 3453 0	1513 2973 0	Board Gangplank 59832				491	Sailing: Sunset Coast
1726 3453 0	1506 3402 0	Board Gangplank 59832				140	Sailing: Lands End
1726 3453 0	2542 3764 0	Board Gangplank 59832				503	Sailing: Waterbirth Island
1726 3453 0	2579 2843 0	Board Gangplank 59832				583	Sailing: Corsair Cove
1726 3453 0	2612 3841 0	Board Gangplank 59832				551	Sailing: Etceteria
1726 3453 0	2660 2392 0	Board Gangplank 59832				776	Sailing: Charred Island
1726 3453 0	2651 2677 0	Board Gangplank 59832				647	Sailing: Void Knights' Outpost
1726 3453 0	2685 3161 0	Board Gangplank 59832				768	Sailing: Port Khazard
1726 3453 0	2670 3266 0	Board Gangplank 59832				821	Sailing: Necromancer Tower
1726 3453 0	2629 3704 0	Board Gangplank 59832				532	Sailing: Fremensund
1726 3453 0	2751 2951 0	Board Gangplank 59832				690	Sailing: Cairn Isle
1726 3453 0	2746 3304 0	Board Gangplank 59832				853	Sailing: Witchaven church
1726 3453 0	1758 2655 0	Board Gangplank 59832				468	Sailing: The Crown Jewel
1726 3453 0	1776 3141 0	Board Gangplank 59832				186	Sailing: Fortis Cothon
1726 3453 0	2759 3229 0	Board Gangplank 59832				846	Sailing: North Brimhaven mine
1726 3453 0	2796 3413 0	Board Gangplank 59832				916	Sailing: Keep Le Faye
1726 3453 0	2878 3335 0	Board Gangplank 59832				917	Sailing: Entrana church
1726 3453 0	1844 3688 0	Board Gangplank 59832				226	Sailing: Port Piscarilius
1726 3453 0	2860 3970 0	Board Gangplank 59832				701	Sailing: Weiss
1726 3453 0	1873 2983 0	Board Gangplank 59832				284	Sailing: Vatrachos Island
1726 3453 0	2907 3225 0	Board Gangplank 59832				918	Sailing: Lone oak island
1726 3453 0	1892 3428 0	Board Gangplank 59832				116	Sailing: Chinchompa Island
1726 3453 0	2927 4055 0	Board Gangplank 59832				752	Sailing: Grimstone
1726 3453 0	2996 2287 0	Board Gangplank 59832				907	Sailing: The Onyx Crest
1726 3453 0	2965 2608 0	Board Gangplank 59832				824	Sailing: 2965,2608
1726 3453 0	1958 3113 0	Board Gangplank 59832				236	Sailing: Minotaurs' Rest
1726 3453 0	2960 3146 0	Board Gangplank 59832				924	Sailing: Mudskipper Point
1726 3453 0	1953 4056 0	Board Gangplank 59832				415	Sailing: Brittle Isle
1726 3453 0	3069 2986 0	Board Gangplank 59832				857	Sailing: The Pandemonium (ship)
1726 3453 0	3050 3192 0	Board Gangplank 59832				955	Sailing: Bay of Sarim
1758 2655 0	2059 2605 0	Board Mooring point 59834				177	Sailing: Wintumber Island
1758 2655 0	2095 3188 0	Board Mooring point 59834				358	Sailing: Lledrith Island
1758 2655 0	2079 3689 0	Board Mooring point 59834				625	Sailing: Buccaneers' Haven
1758 2655 0	3173 2368 0	Board Mooring point 59834				784	Sailing: The Summer Shore
1758 2655 0	3145 2824 0	Board Mooring point 59834				744	Sailing: Sea Spirit Dock
1758 2655 0	2143 3121 0	Board Mooring point 59834				329	Sailing: Port Tyras
1758 2655 0	2157 3325 0	Board Mooring point 59834				434	Sailing: Tirannwn Bight
1758 2655 0	2148 3531 0	Board Mooring point 59834				535	Sailing: Drumstick Isle
1758 2655 0	2151 3880 0	Board Mooring point 59834				720	Sailing: Lunar Isle
1758 2655 0	2193 2319 0	Board Mooring point 59834				300	Sailing: Sunbleak Island
1758 2655 0	1201 2733 0	Board Mooring point 59834				324	Sailing: Laguna Aurorae
1758 2655 0	2220 3466 0	Board Mooring point 59834				539	Sailing: Ynysdail
1758 2655 0	2282 2821 0	Board Mooring point 59834				337	Sailing: 2282,2821
1758 2655 0	3353 2215 0	Board Mooring point 59834				905	Sailing: The Little Pearl
1758 2655 0	2344 2268 0	Board Mooring point 59834				393	Sailing: Rainbow's End
1758 2655 0	2320 2774 0	Board Mooring point 59834				320	Sailing: Tear of the Soul
1758 2655 0	2305 3689 0	Board Mooring point 59834				646	Sailing: Piscatoris bank
1758 2655 0	2310 3781 0	Board Mooring point 59834				694	Sailing: Neitiznot
1758 2655 0	2411 3781 0	Board Mooring point 59834				722	Sailing: Jatizso
1758 2655 0	2467 2718 0	Board Mooring point 59834				383	Sailing: Anglers' Retreat
1758 2655 0	1451 2969 0	Board Mooring point 59834				248	Sailing: Aldarin
1758 2655 0	2532 2531 0	Board Mooring point 59834				441	Sailing: Isle of Bones
1758 2655 0	1513 2973 0	Board Mooring point 59834				231	Sailing: Sunset Coast
1758 2655 0	1506 3402 0	Board Mooring point 59834				524	Sailing: Lands End
1758 2655 0	2542 3764 0	Board Mooring point 59834				787	Sailing: Waterbirth Island
1758 2655 0	2579 2843 0	Board Mooring point 59834				466	Sailing: Corsair Cove
1758 2655 0	2612 3841 0	Board Mooring point 59834				835	Sailing: Etceteria
1758 2655 0	2660 2392 0	Board Mooring point 59834				531	Sailing: Charred Island
1758 2655 0	2651 2677 0	Board Mooring point 59834				467	Sailing: Void Knights' Outpost
1758 2655 0	2685 3161 0	Board Mooring point 59834				651	Sailing: Port Khazard
1758 2655 0	2670 3266 0	Board Mooring point 59834				704	Sailing: Necromancer Tower
1758 2655 0	2629 3704 0	Board Mooring point 59834				816	Sailing: Fremensund
1758 2655 0	2751 2951 0	Board Mooring point 59834				573	Sailing: Cairn Isle
1758 2655 0	2746 3304 0	Board Mooring point 59834				736	Sailing: Witchaven church
1758 2655 0	1726 3453 0	Board Mooring point 59834				468	Sailing: Charcoal Burners
1758 2655 0	1776 3141 0	Board Mooring point 59834				372	Sailing: Fortis Cothon
1758 2655 0	2759 3229 0	Board Mooring point 59834				729	Sailing: North Brimhaven mine
1758 2655 0	2796 3413 0	Board Mooring point 59834				799	Sailing: Keep Le Faye
1758 2655 0	2878 3335 0	Board Mooring point 59834				800	Sailing: Entrana church
1758 2655 0	1844 3688 0	Board Mooring point 59834				568	Sailing: Port Piscarilius
1758 2655 0	2860 3970 0	Board Mooring point 59834				986	Sailing: Weiss
1758 2655 0	1873 2983 0	Board Mooring point 59834				205	Sailing: Vatrachos Island
1758 2655 0	2907 3225 0	Board Mooring point 59834				801	Sailing: Lone oak island
1758 2655 0	1892 3428 0	Board Mooring point 59834				433	Sailing: Chinchompa Island
1758 2655 0	2927 4055 0	Board Mooring point 59834				1037	Sailing: Grimstone
1758 2655 0	2996 2287 0	Board Mooring point 59834				711	Sailing: The Onyx Crest
1758 2655 0	2965 2608 0	Board Mooring point 59834				637	Sailing: 2965,2608
1758 2655 0	1958 3113 0	Board Mooring point 59834				289	Sailing: Minotaurs' Rest
1758 2655 0	2960 3146 0	Board Mooring point 59834				807	Sailing: Mudskipper Point
1758 2655 0	1953 4056 0	Board Mooring point 59834				758	Sailing: Brittle Isle
1758 2655 0	3069 2986 0	Board Mooring point 59834				740	Sailing: The Pandemonium (ship)
1758 2655 0	3050 3192 0	Board Mooring point 59834				838	Sailing: Bay of Sarim
1776 3141 0	2059 2605 0	Board Gangplank 59832				416	Sailing: Wintumber Island
1776 3141 0	2095 3188 0	Board Gangplank 59832				219	Sailing: Lledrith Island
1776 3141 0	2079 3689 0	Board Gangplank 59832				385	Sailing: Buccaneers' Haven
1776 3141 0	3173 2368 0	Board Gangplank 59832				927	Sailing: The Summer Shore
1776 3141 0	3145 2824 0	Board Gangplank 59832				820	Sailing: Sea Spirit Dock
1776 3141 0	2143 3121 0	Board Gangplank 59832				254	Sailing: Port Tyras
1776 3141 0	2157 3325 0	Board Gangplank 59832				271	Sailing: Tirannwn Bight
1776 3141 0	2148 3531 0	Board Gangplank 59832				309	Sailing: Drumstick Isle
1776 3141 0	2151 3880 0	Board Gangplank 59832				480	Sailing: Lunar Isle
1776 3141 0	2193 2319 0	Board Gangplank 59832				582	Sailing: Sunbleak Island
1776 3141 0	1201 2733 0	Board Gangplank 59832				561	Sailing: Laguna Aurorae
1776 3141 0	2220 3466 0	Board Gangplank 59832				332	Sailing: Ynysdail
1776 3141 0	2282 2821 0	Board Gangplank 59832				449	Sailing: 2282,2821
1776 3141 0	3353 2215 0	Board Gangplank 59832				1047	Sailing: The Little Pearl
1776 3141 0	2344 2268 0	Board Gangplank 59832				644	Sailing: Rainbow's End
1776 3141 0	2320 2774 0	Board Gangplank 59832				433	Sailing: Tear of the Soul
1776 3141 0	2305 3689 0	Board Gangplank 59832				421	Sailing: Piscatoris bank
1776 3141 0	2310 3781 0	Board Gangplank 59832				454	Sailing: Neitiznot
1776 3141 0	2411 3781 0	Board Gangplank 59832				493	Sailing: Jatizso
1776 3141 0	2467 2718 0	Board Gangplank 59832				515	Sailing: Anglers' Retreat
1776 3141 0	1451 2969 0	Board Gangplank 59832				424	Sailing: Aldarin
1776 3141 0	2532 2531 0	Board Gangplank 59832				597	Sailing: Isle of Bones
1776 3141 0	1513 2973 0	Board Gangplank 59832				395	Sailing: Sunset Coast
1776 3141 0	1506 3402 0	Board Gangplank 59832				241	Sailing: Lands End
1776 3141 0	2542 3764 0	Board Gangplank 59832				558	Sailing: Waterbirth Island
1776 3141 0	2579 2843 0	Board Gangplank 59832				537	Sailing: Corsair Cove
1776 3141 0	2612 3841 0	Board Gangplank 59832				606	Sailing: Etceteria
1776 3141 0	2660 2392 0	Board Gangplank 59832				688	Sailing: Charred Island
1776 3141 0	2651 2677 0	Board Gangplank 59832				601	Sailing: Void Knights' Outpost
1776 3141 0	2685 3161 0	Board Gangplank 59832				723	Sailing: Port Khazard
1776 3141 0	2670 3266 0	Board Gangplank 59832				776	Sailing: Necromancer Tower
1776 3141 0	2629 3704 0	Board Gangplank 59832				587	Sailing: Fremensund
1776 3141 0	2751 2951 0	Board Gangplank 59832				645	Sailing: Cairn Isle
1776 3141 0	2746 3304 0	Board Gangplank 59832				808	Sailing: Witchaven church
1776 3141 0	1726 3453 0	Board Gangplank 59832				186	Sailing: Charcoal Burners
1776 3141 0	1758 2655 0	Board Gangplank 59832				372	Sailing: The Crown Jewel
1776 3141 0	2759 3229 0	Board Gangplank 59832				800	Sailing: North Brimhaven mine
1776 3141 0	2796 3413 0	Board Gangplank 59832				871	Sailing: Keep Le Faye
1776 3141 0	2878 3335 0	Board Gangplank 59832				872	Sailing: Entrana church
1776 3141 0	1844 3688 0	Board Gangplank 59832				329	Sailing: Port Piscarilius
1776 3141 0	2860 3970 0	Board Gangplank 59832				757	Sailing: Weiss
1776 3141 0	1873 2983 0	Board Gangplank 59832				188	Sailing: Vatrachos Island
1776 3141 0	2907 3225 0	Board Gangplank 59832				873	Sailing: Lone oak island
1776 3141 0	1892 3428 0	Board Gangplank 59832				194	Sailing: Chinchompa Island
1776 3141 0	2927 4055 0	Board Gangplank 59832				808	Sailing: Grimstone
1776 3141 0	2996 2287 0	Board Gangplank 59832				862	Sailing: The Onyx Crest
1776 3141 0	2965 2608 0	Board Gangplank 59832				779	Sailing: 2965,2608
1776 3141 0	1958 3113 0	Board Gangplank 59832				162	Sailing: Minotaurs' Rest
1776 3141 0	2960 3146 0	Board Gangplank 59832				879	Sailing: Mudskipper Point
1776 3141 0	1953 4056 0	Board Gangplank 59832				518	Sailing: Brittle Isle
1776 3141 0	3069 2986 0	Board Gangplank 59832				812	Sailing: The Pandemonium (ship)
1776 3141 0	3050 3192 0	Board Gangplank 59832				909	Sailing: Bay of Sarim
2759 3229 0	2059 2605 0	Board Gangplank 59832				596	Sailing: Wintumber Island
2759 3229 0	2095 3188 0	Board Gangplank 59832				621	Sailing: Lledrith Island
2759 3229 0	2079 3689 0	Board Gangplank 59832				889	Sailing: Buccaneers' Haven
2759 3229 0	3173 2368 0	Board Gangplank 59832				588	Sailing: The Summer Shore
2759 3229 0	3145 2824 0	Board Gangplank 59832				337	Sailing: Sea Spirit Dock
2759 3229 0	2143 3121 0	Board Gangplank 59832				579	Sailing: Port Tyras
2759 3229 0	2157 3325 0	Board Gangplank 59832				684	Sailing: Tirannwn Bight
2759 3229 0	2148 3531 0	Board Gangplank 59832				794	Sailing: Drumstick Isle
2759 3229 0	2151 3880 0	Board Gangplank 59832				979	Sailing: Lunar Isle
2759 3229 0	2193 2319 0	Board Gangplank 59832				618	Sailing: Sunbleak Island
2759 3229 0	1201 2733 0	Board Gangplank 59832				995	Sailing: Laguna Aurorae
2759 3229 0	2220 3466 0	Board Gangplank 59832				798	Sailing: Ynysdail
2759 3229 0	2282 2821 0	Board Gangplank 59832				439	Sailing: 2282,2821
2759 3229 0	3353 2215 0	Board Gangplank 59832				684	Sailing: The Little Pearl
2759 3229 0	2344 2268 0	Board Gangplank 59832				615	Sailing: Rainbow's End
2759 3229 0	2320 2774 0	Board Gangplank 59832				438	Sailing: Tear of the Soul
2759 3229 0	2305 3689 0	Board Gangplank 59832				906	Sailing: Piscatoris bank
2759 3229 0	2310 3781 0	Board Gangplank 59832				954	Sailing: Neitiznot
2759 3229 0	2411 3781 0	Board Gangplank 59832				982	Sailing: Jatizso
2759 3229 0	2467 2718 0	Board Gangplank 59832				366	Sailing: Anglers' Retreat
2759 3229 0	1451 2969 0	Board Gangplank 59832				905	Sailing: Aldarin
2759 3229 0	2532 2531 0	Board Gangplank 59832				446	Sailing: Isle of Bones
2759 3229 0	1513 2973 0	Board Gangplank 59832				876	Sailing: Sunset Coast
2759 3229 0	1506 3402 0	Board Gangplank 59832				943	Sailing: Lands End
2759 3229 0	2542 3764 0	Board Gangplank 59832				1047	Sailing: Waterbirth Island
2759 3229 0	2579 2843 0	Board Gangplank 59832				283	Sailing: Corsair Cove
2759 3229 0	2612 3841 0	Board Gangplank 59832				1095	Sailing: Etceteria
2759 3229 0	2660 2392 0	Board Gangplank 59832				487	Sailing: Charred Island
2759 3229 0	2651 2677 0	Board Gangplank 59832				347	Sailing: Void Knights' Outpost
2759 3229 0	2685 3161 0	Board Gangplank 59832				98	Sailing: Port Khazard
2759 3229 0	2670 3266 0	Board Gangplank 59832				74	Sailing: Necromancer Tower
2759 3229 0	2629 3704 0	Board Gangplank 59832				1076	Sailing: Fremensund
2759 3229 0	2751 2951 0	Board Gangplank 59832				215	Sailing: Cairn Isle
2759 3229 0	2746 3304 0	Board Gangplank 59832				60	Sailing: Witchaven church
2759 3229 0	1726 3453 0	Board Gangplank 59832				846	Sailing: Charcoal Burners
2759 3229 0	1758 2655 0	Board Gangplank 59832				729	Sailing: The Crown Jewel
2759 3229 0	1776 3141 0	Board Gangplank 59832				800	Sailing: Fortis Cothon
2759 3229 0	2796 3413 0	Board Gangplank 59832				119	Sailing: Keep Le Faye
2759 3229 0	2878 3335 0	Board Gangplank 59832				105	Sailing: Entrana church
2759 3229 0	1844 3688 0	Board Gangplank 59832				923	Sailing: Port Piscarilius
2759 3229 0	2860 3970 0	Board Gangplank 59832				1245	Sailing: Weiss
2759 3229 0	1873 2983 0	Board Gangplank 59832				684	Sailing: Vatrachos Island
2759 3229 0	2907 3225 0	Board Gangplank 59832				96	Sailing: Lone oak island
2759 3229 0	1892 3428 0	Board Gangplank 59832				784	Sailing: Chinchompa Island
2759 3229 0	2927 4055 0	Board Gangplank 59832				1296	Sailing: Grimstone
2759 3229 0	2996 2287 0	Board Gangplank 59832				575	Sailing: The Onyx Crest
2759 3229 0	2965 2608 0	Board Gangplank 59832				420	Sailing: 2965,2608
2759 3229 0	1958 3113 0	Board Gangplank 59832				659	Sailing: Minotaurs' Rest
2759 3229 0	2960 3146 0	Board Gangplank 59832				139	Sailing: Mudskipper Point
2759 3229 0	1953 4056 0	Board Gangplank 59832				1085	Sailing: Brittle Isle
2759 3229 0	3069 2986 0	Board Gangplank 59832				241	Sailing: The Pandemonium (ship)
2759 3229 0	3050 3192 0	Board Gangplank 59832				228	Sailing: Bay of Sarim
2796 3413 0	2059 2605 0	Board Gangplank 59832				666	Sailing: Wintumber Island
2796 3413 0	2095 3188 0	Board Gangplank 59832				692	Sailing: Lledrith Island
2796 3413 0	2079 3689 0	Board Gangplank 59832				959	Sailing: Buccaneers' Haven
2796 3413 0	3173 2368 0	Board Gangplank 59832				645	Sailing: The Summer Shore
2796 3413 0	3145 2824 0	Board Gangplank 59832				394	Sailing: Sea Spirit Dock
2796 3413 0	2143 3121 0	Board Gangplank 59832				649	Sailing: Port Tyras
2796 3413 0	2157 3325 0	Board Gangplank 59832				754	Sailing: Tirannwn Bight
2796 3413 0	2148 3531 0	Board Gangplank 59832				865	Sailing: Drumstick Isle
2796 3413 0	2151 3880 0	Board Gangplank 59832				1050	Sailing: Lunar Isle
2796 3413 0	2193 2319 0	Board Gangplank 59832				688	Sailing: Sunbleak Island
2796 3413 0	1201 2733 0	Board Gangplank 59832				1066	Sailing: Laguna Aurorae
2796 3413 0	2220 3466 0	Board Gangplank 59832				869	Sailing: Ynysdail
2796 3413 0	2282 2821 0	Board Gangplank 59832				510	Sailing: 2282,2821
2796 3413 0	3353 2215 0	Board Gangplank 59832				741	Sailing: The Little Pearl
2796 3413 0	2344 2268 0	Board Gangplank 59832				685	Sailing: Rainbow's End
2796 3413 0	2320 2774 0	Board Gangplank 59832				509	Sailing: Tear of the Soul
2796 3413 0	2305 3689 0	Board Gangplank 59832				977	Sailing: Piscatoris bank
2796 3413 0	2310 3781 0	Board Gangplank 59832				1024	Sailing: Neitiznot
2796 3413 0	2411 3781 0	Board Gangplank 59832				1053	Sailing: Jatizso
2796 3413 0	2467 2718 0	Board Gangplank 59832				437	Sailing: Anglers' Retreat
2796 3413 0	1451 2969 0	Board Gangplank 59832				976	Sailing: Aldarin
2796 3413 0	2532 2531 0	Board Gangplank 59832				516	Sailing: Isle of Bones
2796 3413 0	1513 2973 0	Board Gangplank 59832				947	Sailing: Sunset Coast
2796 3413 0	1506 3402 0	Board Gangplank 59832				1014	Sailing: Lands End
2796 3413 0	2542 3764 0	Board Gangplank 59832				1118	Sailing: Waterbirth Island
2796 3413 0	2579 2843 0	Board Gangplank 59832				354	Sailing: Corsair Cove
2796 3413 0	2612 3841 0	Board Gangplank 59832				1165	Sailing: Etceteria
2796 3413 0	2660 2392 0	Board Gangplank 59832				557	Sailing: Charred Island
2796 3413 0	2651 2677 0	Board Gangplank 59832				418	Sailing: Void Knights' Outpost
2796 3413 0	2685 3161 0	Board Gangplank 59832				168	Sailing: Port Khazard
2796 3413 0	2670 3266 0	Board Gangplank 59832				140	Sailing: Necromancer Tower
2796 3413 0	2629 3704 0	Board Gangplank 59832				1146	Sailing: Fremensund
2796 3413 0	2751 2951 0	Board Gangplank 59832				286	Sailing: Cairn Isle
2796 3413 0	2746 3304 0	Board Gangplank 59832				84	Sailing: Witchaven church
2796 3413 0	1726 3453 0	Board Gangplank 59832				916	Sailing: Charcoal Burners
2796 3413 0	1758 2655 0	Board Gangplank 59832				799	Sailing: The Crown Jewel
2796 3413 0	1776 3141 0	Board Gangplank 59832				871	Sailing: Fortis Cothon
2796 3413 0	2759 3229 0	Board Gangplank 59832				119	Sailing: North Brimhaven mine
2796 3413 0	2878 3335 0	Board Gangplank 59832				90	Sailing: Entrana church
2796 3413 0	1844 3688 0	Board Gangplank 59832				994	Sailing: Port Piscarilius
2796 3413 0	2860 3970 0	Board Gangplank 59832				1316	Sailing: Weiss
2796 3413 0	1873 2983 0	Board Gangplank 59832				755	Sailing: Vatrachos Island
2796 3413 0	2907 3225 0	Board Gangplank 59832				145	Sailing: Lone oak island
2796 3413 0	1892 3428 0	Board Gangplank 59832				855	Sailing: Chinchompa Island
2796 3413 0	2927 4055 0	Board Gangplank 59832				1367	Sailing: Grimstone
2796 3413 0	2996 2287 0	Board Gangplank 59832				632	Sailing: The Onyx Crest
2796 3413 0	2965 2608 0	Board Gangplank 59832				477	Sailing: 2965,2608
2796 3413 0	1958 3113 0	Board Gangplank 59832				730	Sailing: Minotaurs' Rest
2796 3413 0	2960 3146 0	Board Gangplank 59832				196	Sailing: Mudskipper Point
2796 3413 0	1953 4056 0	Board Gangplank 59832				1156	Sailing: Brittle Isle
2796 3413 0	3069 2986 0	Board Gangplank 59832				298	Sailing: The Pandemonium (ship)
2796 3413 0	3050 3192 0	Board Gangplank 59832				285	Sailing: Bay of Sarim
2878 3335 0	2059 2605 0	Board Gangplank 59832				667	Sailing: Wintumber Island
2878 3335 0	2095 3188 0	Board Gangplank 59832				693	Sailing: Lledrith Island
2878 3335 0	2079 3689 0	Board Gangplank 59832				960	Sailing: Buccaneers' Haven
2878 3335 0	3173 2368 0	Board Gangplank 59832				581	Sailing: The Summer Shore
2878 3335 0	3145 2824 0	Board Gangplank 59832				330	Sailing: Sea Spirit Dock
2878 3335 0	2143 3121 0	Board Gangplank 59832				650	Sailing: Port Tyras
2878 3335 0	2157 3325 0	Board Gangplank 59832				755	Sailing: Tirannwn Bight
2878 3335 0	2148 3531 0	Board Gangplank 59832				866	Sailing: Drumstick Isle
2878 3335 0	2151 3880 0	Board Gangplank 59832				1051	Sailing: Lunar Isle
2878 3335 0	2193 2319 0	Board Gangplank 59832				689	Sailing: Sunbleak Island
2878 3335 0	1201 2733 0	Board Gangplank 59832				1067	Sailing: Laguna Aurorae
2878 3335 0	2220 3466 0	Board Gangplank 59832				869	Sailing: Ynysdail
2878 3335 0	2282 2821 0	Board Gangplank 59832				511	Sailing: 2282,2821
2878 3335 0	3353 2215 0	Board Gangplank 59832				678	Sailing: The Little Pearl
2878 3335 0	2344 2268 0	Board Gangplank 59832				686	Sailing: Rainbow's End
2878 3335 0	2320 2774 0	Board Gangplank 59832				509	Sailing: Tear of the Soul
2878 3335 0	2305 3689 0	Board Gangplank 59832				977	Sailing: Piscatoris bank
2878 3335 0	2310 3781 0	Board Gangplank 59832				1025	Sailing: Neitiznot
2878 3335 0	2411 3781 0	Board Gangplank 59832				1053	Sailing: Jatizso
2878 3335 0	2467 2718 0	Board Gangplank 59832				437	Sailing: Anglers' Retreat
2878 3335 0	1451 2969 0	Board Gangplank 59832				976	Sailing: Aldarin
2878 3335 0	2532 2531 0	Board Gangplank 59832				517	Sailing: Isle of Bones
2878 3335 0	1513 2973 0	Board Gangplank 59832				947	Sailing: Sunset Coast
2878 3335 0	1506 3402 0	Board Gangplank 59832				1014	Sailing: Lands End
2878 3335 0	2542 3764 0	Board Gangplank 59832				1118	Sailing: Waterbirth Island
2878 3335 0	2579 2843 0	Board Gangplank 59832				355	Sailing: Corsair Cove
2878 3335 0	2612 3841 0	Board Gangplank 59832				1166	Sailing: Etceteria
2878 3335 0	2660 2392 0	Board Gangplank 59832				558	Sailing: Charred Island
2878 3335 0	2651 2677 0	Board Gangplank 59832				418	Sailing: Void Knights' Outpost
2878 3335 0	2685 3161 0	Board Gangplank 59832				169	Sailing: Port Khazard
2878 3335 0	2670 3266 0	Board Gangplank 59832				140	Sailing: Necromancer Tower
2878 3335 0	2629 3704 0	Board Gangplank 59832				1147	Sailing: Fremensund
2878 3335 0	2751 2951 0	Board Gangplank 59832				286	Sailing: Cairn Isle
2878 3335 0	2746 3304 0	Board Gangplank 59832				93	Sailing: Witchaven church
2878 3335 0	1726 3453 0	Board Gangplank 59832				917	Sailing: Charcoal Burners
2878 3335 0	1758 2655 0	Board Gangplank 59832				800	Sailing: The Crown Jewel
2878 3335 0	1776 3141 0	Board Gangplank 59832				872	Sailing: Fortis Cothon
2878 3335 0	2759 3229 0	Board Gangplank 59832				105	Sailing: North Brimhaven mine
2878 3335 0	2796 3413 0	Board Gangplank 59832				90	Sailing: Keep Le Faye
2878 3335 0	1844 3688 0	Board Gangplank 59832				995	Sailing: Port Piscarilius
2878 3335 0	2860 3970 0	Board Gangplank 59832				1317	Sailing: Weiss
2878 3335 0	1873 2983 0	Board Gangplank 59832				755	Sailing: Vatrachos Island
2878 3335 0	2907 3225 0	Board Gangplank 59832				82	Sailing: Lone oak island
2878 3335 0	1892 3428 0	Board Gangplank 59832				856	Sailing: Chinchompa Island
2878 3335 0	2927 4055 0	Board Gangplank 59832				1368	Sailing: Grimstone
2878 3335 0	2996 2287 0	Board Gangplank 59832				568	Sailing: The Onyx Crest
2878 3335 0	2965 2608 0	Board Gangplank 59832				413	Sailing: 2965,2608
2878 3335 0	1958 3113 0	Board Gangplank 59832				731	Sailing: Minotaurs' Rest
2878 3335 0	2960 3146 0	Board Gangplank 59832				132	Sailing: Mudskipper Point
2878 3335 0	1953 4056 0	Board Gangplank 59832				1156	Sailing: Brittle Isle
2878 3335 0	3069 2986 0	Board Gangplank 59832				234	Sailing: The Pandemonium (ship)
2878 3335 0	3050 3192 0	Board Gangplank 59832				221	Sailing: Bay of Sarim
1844 3688 0	2059 2605 0	Board Gangplank 59832				605	Sailing: Wintumber Island
1844 3688 0	2095 3188 0	Board Gangplank 59832				322	Sailing: Lledrith Island
1844 3688 0	2079 3689 0	Board Gangplank 59832				154	Sailing: Buccaneers' Haven
1844 3688 0	3173 2368 0	Board Gangplank 59832				1049	Sailing: The Summer Shore
1844 3688 0	3145 2824 0	Board Gangplank 59832				943	Sailing: Sea Spirit Dock
1844 3688 0	2143 3121 0	Board Gangplank 59832				365	Sailing: Port Tyras
1844 3688 0	2157 3325 0	Board Gangplank 59832				266	Sailing: Tirannwn Bight
1844 3688 0	2148 3531 0	Board Gangplank 59832				205	Sailing: Drumstick Isle
1844 3688 0	2151 3880 0	Board Gangplank 59832				233	Sailing: Lunar Isle
1844 3688 0	2193 2319 0	Board Gangplank 59832				772	Sailing: Sunbleak Island
1844 3688 0	1201 2733 0	Board Gangplank 59832				756	Sailing: Laguna Aurorae
1844 3688 0	2220 3466 0	Board Gangplank 59832				257	Sailing: Ynysdail
1844 3688 0	2282 2821 0	Board Gangplank 59832				588	Sailing: 2282,2821
1844 3688 0	3353 2215 0	Board Gangplank 59832				1170	Sailing: The Little Pearl
1844 3688 0	2344 2268 0	Board Gangplank 59832				833	Sailing: Rainbow's End
1844 3688 0	2320 2774 0	Board Gangplank 59832				608	Sailing: Tear of the Soul
1844 3688 0	2305 3689 0	Board Gangplank 59832				259	Sailing: Piscatoris bank
1844 3688 0	2310 3781 0	Board Gangplank 59832				272	Sailing: Neitiznot
1844 3688 0	2411 3781 0	Board Gangplank 59832				323	Sailing: Jatizso
1844 3688 0	2467 2718 0	Board Gangplank 59832				650	Sailing: Anglers' Retreat
1844 3688 0	1451 2969 0	Board Gangplank 59832				620	Sailing: Aldarin
1844 3688 0	2532 2531 0	Board Gangplank 59832				764	Sailing: Isle of Bones
1844 3688 0	1513 2973 0	Board Gangplank 59832				591	Sailing: Sunset Coast
1844 3688 0	1506 3402 0	Board Gangplank 59832				339	Sailing: Lands End
1844 3688 0	2542 3764 0	Board Gangplank 59832				388	Sailing: Waterbirth Island
1844 3688 0	2579 2843 0	Board Gangplank 59832				660	Sailing: Corsair Cove
1844 3688 0	2612 3841 0	Board Gangplank 59832				436	Sailing: Etceteria
1844 3688 0	2660 2392 0	Board Gangplank 59832				853	Sailing: Charred Island
1844 3688 0	2651 2677 0	Board Gangplank 59832				724	Sailing: Void Knights' Outpost
1844 3688 0	2685 3161 0	Board Gangplank 59832				846	Sailing: Port Khazard
1844 3688 0	2670 3266 0	Board Gangplank 59832				899	Sailing: Necromancer Tower
1844 3688 0	2629 3704 0	Board Gangplank 59832				419	Sailing: Fremensund
1844 3688 0	2751 2951 0	Board Gangplank 59832				768	Sailing: Cairn Isle
1844 3688 0	2746 3304 0	Board Gangplank 59832				930	Sailing: Witchaven church
1844 3688 0	1726 3453 0	Board Gangplank 59832				226	Sailing: Charcoal Burners
1844 3688 0	1758 2655 0	Board Gangplank 59832				568	Sailing: The Crown Jewel
1844 3688 0	1776 3141 0	Board Gangplank 59832				329	Sailing: Fortis Cothon
1844 3688 0	2759 3229 0	Board Gangplank 59832				923	Sailing: North Brimhaven mine
1844 3688 0	2796 3413 0	Board Gangplank 59832				994	Sailing: Keep Le Faye
1844 3688 0	2878 3335 0	Board Gangplank 59832				995	Sailing: Entrana church
1844 3688 0	2860 3970 0	Board Gangplank 59832				586	Sailing: Weiss
1844 3688 0	1873 2983 0	Board Gangplank 59832				384	Sailing: Vatrachos Island
1844 3688 0	2907 3225 0	Board Gangplank 59832				996	Sailing: Lone oak island
1844 3688 0	1892 3428 0	Board Gangplank 59832				159	Sailing: Chinchompa Island
1844 3688 0	2927 4055 0	Board Gangplank 59832				637	Sailing: Grimstone
1844 3688 0	2996 2287 0	Board Gangplank 59832				985	Sailing: The Onyx Crest
1844 3688 0	2965 2608 0	Board Gangplank 59832				902	Sailing: 2965,2608
1844 3688 0	1958 3113 0	Board Gangplank 59832				329	Sailing: Minotaurs' Rest
1844 3688 0	2960 3146 0	Board Gangplank 59832				1002	Sailing: Mudskipper Point
1844 3688 0	1953 4056 0	Board Gangplank 59832				227	Sailing: Brittle Isle
1844 3688 0	3069 2986 0	Board Gangplank 59832				935	Sailing: The Pandemonium (ship)
1844 3688 0	3050 3192 0	Board Gangplank 59832				1032	Sailing: Bay of Sarim
2860 3970 0	2059 2605 0	Board Mooring point 59834				955	Sailing: Wintumber Island
2860 3970 0	2095 3188 0	Board Mooring point 59834				653	Sailing: Lledrith Island
2860 3970 0	2079 3689 0	Board Mooring point 59834				468	Sailing: Buccaneers' Haven
2860 3970 0	3173 2368 0	Board Mooring point 59834				1367	Sailing: The Summer Shore
2860 3970 0	3145 2824 0	Board Mooring point 59834				1265	Sailing: Sea Spirit Dock
2860 3970 0	2143 3121 0	Board Mooring point 59834				687	Sailing: Port Tyras
2860 3970 0	2157 3325 0	Board Mooring point 59834				588	Sailing: Tirannwn Bight
2860 3970 0	2148 3531 0	Board Mooring point 59834				480	Sailing: Drumstick Isle
2860 3970 0	2151 3880 0	Board Mooring point 59834				393	Sailing: Lunar Isle
2860 3970 0	2193 2319 0	Board Mooring point 59834				1108	Sailing: Sunbleak Island
2860 3970 0	1201 2733 0	Board Mooring point 59834				1174	Sailing: Laguna Aurorae
2860 3970 0	2220 3466 0	Board Mooring point 59834				490	Sailing: Ynysdail
2860 3970 0	2282 2821 0	Board Mooring point 59834				910	Sailing: 2282,2821
2860 3970 0	3353 2215 0	Board Mooring point 59834				1324	Sailing: The Little Pearl
2860 3970 0	2344 2268 0	Board Mooring point 59834				1170	Sailing: Rainbow's End
2860 3970 0	2320 2774 0	Board Mooring point 59834				930	Sailing: Tear of the Soul
2860 3970 0	2305 3689 0	Board Mooring point 59834				360	Sailing: Piscatoris bank
2860 3970 0	2310 3781 0	Board Mooring point 59834				337	Sailing: Neitiznot
2860 3970 0	2411 3781 0	Board Mooring point 59834				284	Sailing: Jatizso
2860 3970 0	2467 2718 0	Board Mooring point 59834				972	Sailing: Anglers' Retreat
2860 3970 0	1451 2969 0	Board Mooring point 59834				1037	Sailing: Aldarin
2860 3970 0	2532 2531 0	Board Mooring point 59834				1086	Sailing: Isle of Bones
2860 3970 0	1513 2973 0	Board Mooring point 59834				1008	Sailing: Sunset Coast
2860 3970 0	1506 3402 0	Board Mooring point 59834				815	Sailing: Lands End
2860 3970 0	2542 3764 0	Board Mooring point 59834				221	Sailing: Waterbirth Island
2860 3970 0	2579 2843 0	Board Mooring point 59834				982	Sailing: Corsair Cove
2860 3970 0	2612 3841 0	Board Mooring point 59834				171	Sailing: Etceteria
2860 3970 0	2660 2392 0	Board Mooring point 59834				1175	Sailing: Charred Island
2860 3970 0	2651 2677 0	Board Mooring point 59834				1046	Sailing: Void Knights' Outpost
2860 3970 0	2685 3161 0	Board Mooring point 59834				1168	Sailing: Port Khazard
2860 3970 0	2670 3266 0	Board Mooring point 59834				1221	Sailing: Necromancer Tower
2860 3970 0	2629 3704 0	Board Mooring point 59834				210	Sailing: Fremensund
2860 3970 0	2751 2951 0	Board Mooring point 59834				1090	Sailing: Cairn Isle
2860 3970 0	2746 3304 0	Board Mooring point 59834				1252	Sailing: Witchaven church
2860 3970 0	1726 3453 0	Board Mooring point 59834				701	Sailing: Charcoal Burners
2860 3970 0	1758 2655 0	Board Mooring point 59834				986	Sailing: The Crown Jewel
2860 3970 0	1776 3141 0	Board Mooring point 59834				757	Sailing: Fortis Cothon
2860 3970 0	2759 3229 0	Board Mooring point 59834				1245	Sailing: North Brimhaven mine
2860 3970 0	2796 3413 0	Board Mooring point 59834				1316	Sailing: Keep Le Faye
2860 3970 0	2878 3335 0	Board Mooring point 59834				1317	Sailing: Entrana church
2860 3970 0	1844 3688 0	Board Mooring point 59834				586	Sailing: Port Piscarilius
2860 3970 0	1873 2983 0	Board Mooring point 59834				801	Sailing: Vatrachos Island
2860 3970 0	2907 3225 0	Board Mooring point 59834				1318	Sailing: Lone oak island
2860 3970 0	1892 3428 0	Board Mooring point 59834				615	Sailing: Chinchompa Island
2860 3970 0	2927 4055 0	Board Mooring point 59834				76	Sailing: Grimstone
2860 3970 0	2996 2287 0	Board Mooring point 59834				1307	Sailing: The Onyx Crest
2860 3970 0	2965 2608 0	Board Mooring point 59834				1224	Sailing: 2965,2608
2860 3970 0	1958 3113 0	Board Mooring point 59834				717	Sailing: Minotaurs' Rest
2860 3970 0	2960 3146 0	Board Mooring point 59834				1324	Sailing: Mudskipper Point
2860 3970 0	1953 4056 0	Board Mooring point 59834				491	Sailing: Brittle Isle
2860 3970 0	3069 2986 0	Board Mooring point 59834				1257	Sailing: The Pandemonium (ship)
2860 3970 0	3050 3192 0	Board Mooring point 59834				1354	Sailing: Bay of Sarim
1873 2983 0	2059 2605 0	Board Mooring point 59834				248	Sailing: Wintumber Island
1873 2983 0	2095 3188 0	Board Mooring point 59834				182	Sailing: Lledrith Island
1873 2983 0	2079 3689 0	Board Mooring point 59834				440	Sailing: Buccaneers' Haven
1873 2983 0	3173 2368 0	Board Mooring point 59834				800	Sailing: The Summer Shore
1873 2983 0	3145 2824 0	Board Mooring point 59834				704	Sailing: Sea Spirit Dock
1873 2983 0	2143 3121 0	Board Mooring point 59834				185	Sailing: Port Tyras
1873 2983 0	2157 3325 0	Board Mooring point 59834				249	Sailing: Tirannwn Bight
1873 2983 0	2148 3531 0	Board Mooring point 59834				350	Sailing: Drumstick Isle
1873 2983 0	2151 3880 0	Board Mooring point 59834				535	Sailing: Lunar Isle
1873 2983 0	2193 2319 0	Board Mooring point 59834				414	Sailing: Sunbleak Island
1873 2983 0	1201 2733 0	Board Mooring point 59834				407	Sailing: Laguna Aurorae
1873 2983 0	2220 3466 0	Board Mooring point 59834				354	Sailing: Ynysdail
1873 2983 0	2282 2821 0	Board Mooring point 59834				308	Sailing: 2282,2821
1873 2983 0	3353 2215 0	Board Mooring point 59834				921	Sailing: The Little Pearl
1873 2983 0	2344 2268 0	Board Mooring point 59834				476	Sailing: Rainbow's End
1873 2983 0	2320 2774 0	Board Mooring point 59834				292	Sailing: Tear of the Soul
1873 2983 0	2305 3689 0	Board Mooring point 59834				462	Sailing: Piscatoris bank
1873 2983 0	2310 3781 0	Board Mooring point 59834				509	Sailing: Neitiznot
1873 2983 0	2411 3781 0	Board Mooring point 59834				537	Sailing: Jatizso
1873 2983 0	2467 2718 0	Board Mooring point 59834				374	Sailing: Anglers' Retreat
1873 2983 0	1451 2969 0	Board Mooring point 59834				271	Sailing: Aldarin
1873 2983 0	2532 2531 0	Board Mooring point 59834				456	Sailing: Isle of Bones
1873 2983 0	1513 2973 0	Board Mooring point 59834				241	Sailing: Sunset Coast
1873 2983 0	1506 3402 0	Board Mooring point 59834				340	Sailing: Lands End
1873 2983 0	2542 3764 0	Board Mooring point 59834				603	Sailing: Waterbirth Island
1873 2983 0	2579 2843 0	Board Mooring point 59834				421	Sailing: Corsair Cove
1873 2983 0	2612 3841 0	Board Mooring point 59834				650	Sailing: Etceteria
1873 2983 0	2660 2392 0	Board Mooring point 59834				547	Sailing: Charred Island
1873 2983 0	2651 2677 0	Board Mooring point 59834				475	Sailing: Void Knights' Outpost
1873 2983 0	2685 3161 0	Board Mooring point 59834				607	Sailing: Port Khazard
1873 2983 0	2670 3266 0	Board Mooring point 59834				660	Sailing: Necromancer Tower
1873 2983 0	2629 3704 0	Board Mooring point 59834				631	Sailing: Fremensund
1873 2983 0	2751 2951 0	Board Mooring point 59834				528	Sailing: Cairn Isle
1873 2983 0	2746 3304 0	Board Mooring point 59834				691	Sailing: Witchaven church
1873 2983 0	1726 3453 0	Board Mooring point 59834				284	Sailing: Charcoal Burners
1873 2983 0	1758 2655 0	Board Mooring point 59834				205	Sailing: The Crown Jewel
1873 2983 0	1776 3141 0	Board Mooring point 59834				188	Sailing: Fortis Cothon
1873 2983 0	2759 3229 0	Board Mooring point 59834				684	Sailing: North Brimhaven mine
1873 2983 0	2796 3413 0	Board Mooring point 59834				755	Sailing: Keep Le Faye
1873 2983 0	2878 3335 0	Board Mooring point 59834				755	Sailing: Entrana church
1873 2983 0	1844 3688 0	Board Mooring point 59834				384	Sailing: Port Piscarilius
1873 2983 0	2860 3970 0	Board Mooring point 59834				801	Sailing: Weiss
1873 2983 0	2907 3225 0	Board Mooring point 59834				757	Sailing: Lone oak island
1873 2983 0	1892 3428 0	Board Mooring point 59834				249	Sailing: Chinchompa Island
1873 2983 0	2927 4055 0	Board Mooring point 59834				852	Sailing: Grimstone
1873 2983 0	2996 2287 0	Board Mooring point 59834				727	Sailing: The Onyx Crest
1873 2983 0	2965 2608 0	Board Mooring point 59834				653	Sailing: 2965,2608
1873 2983 0	1958 3113 0	Board Mooring point 59834				104	Sailing: Minotaurs' Rest
1873 2983 0	2960 3146 0	Board Mooring point 59834				763	Sailing: Mudskipper Point
1873 2983 0	1953 4056 0	Board Mooring point 59834				573	Sailing: Brittle Isle
1873 2983 0	3069 2986 0	Board Mooring point 59834				696	Sailing: The Pandemonium (ship)
1873 2983 0	3050 3192 0	Board Mooring point 59834				793	Sailing: Bay of Sarim
2907 3225 0	2059 2605 0	Board Gangplank 59832				668	Sailing: Wintumber Island
2907 3225 0	2095 3188 0	Board Gangplank 59832				694	Sailing: Lledrith Island
2907 3225 0	2079 3689 0	Board Gangplank 59832				961	Sailing: Buccaneers' Haven
2907 3225 0	3173 2368 0	Board Gangplank 59832				520	Sailing: The Summer Shore
2907 3225 0	3145 2824 0	Board Gangplank 59832				269	Sailing: Sea Spirit Dock
2907 3225 0	2143 3121 0	Board Gangplank 59832				651	Sailing: Port Tyras
2907 3225 0	2157 3325 0	Board Gangplank 59832				756	Sailing: Tirannwn Bight
2907 3225 0	2148 3531 0	Board Gangplank 59832				867	Sailing: Drumstick Isle
2907 3225 0	2151 3880 0	Board Gangplank 59832				1052	Sailing: Lunar Isle
2907 3225 0	2193 2319 0	Board Gangplank 59832				690	Sailing: Sunbleak Island
2907 3225 0	1201 2733 0	Board Gangplank 59832				1068	Sailing: Laguna Aurorae
2907 3225 0	2220 3466 0	Board Gangplank 59832				871	Sailing: Ynysdail
2907 3225 0	2282 2821 0	Board Gangplank 59832				512	Sailing: 2282,2821
2907 3225 0	3353 2215 0	Board Gangplank 59832				617	Sailing: The Little Pearl
2907 3225 0	2344 2268 0	Board Gangplank 59832				661	Sailing: Rainbow's End
2907 3225 0	2320 2774 0	Board Gangplank 59832				510	Sailing: Tear of the Soul
2907 3225 0	2305 3689 0	Board Gangplank 59832				979	Sailing: Piscatoris bank
2907 3225 0	2310 3781 0	Board Gangplank 59832				1026	Sailing: Neitiznot
2907 3225 0	2411 3781 0	Board Gangplank 59832				1055	Sailing: Jatizso
2907 3225 0	2467 2718 0	Board Gangplank 59832				439	Sailing: Anglers' Retreat
2907 3225 0	1451 2969 0	Board Gangplank 59832				978	Sailing: Aldarin
2907 3225 0	2532 2531 0	Board Gangplank 59832				514	Sailing: Isle of Bones
2907 3225 0	1513 2973 0	Board Gangplank 59832				949	Sailing: Sunset Coast
2907 3225 0	1506 3402 0	Board Gangplank 59832				1016	Sailing: Lands End
2907 3225 0	2542 3764 0	Board Gangplank 59832				1120	Sailing: Waterbirth Island
2907 3225 0	2579 2843 0	Board Gangplank 59832				356	Sailing: Corsair Cove
2907 3225 0	2612 3841 0	Board Gangplank 59832				1167	Sailing: Etceteria
2907 3225 0	2660 2392 0	Board Gangplank 59832				520	Sailing: Charred Island
2907 3225 0	2651 2677 0	Board Gangplank 59832				419	Sailing: Void Knights' Outpost
2907 3225 0	2685 3161 0	Board Gangplank 59832				170	Sailing: Port Khazard
2907 3225 0	2670 3266 0	Board Gangplank 59832				147	Sailing: Necromancer Tower
2907 3225 0	2629 3704 0	Board Gangplank 59832				1148	Sailing: Fremensund
2907 3225 0	2751 2951 0	Board Gangplank 59832				288	Sailing: Cairn Isle
2907 3225 0	2746 3304 0	Board Gangplank 59832				117	Sailing: Witchaven church
2907 3225 0	1726 3453 0	Board Gangplank 59832				918	Sailing: Charcoal Burners
2907 3225 0	1758 2655 0	Board Gangplank 59832				801	Sailing: The Crown Jewel
2907 3225 0	1776 3141 0	Board Gangplank 59832				873	Sailing: Fortis Cothon
2907 3225 0	2759 3229 0	Board Gangplank 59832				96	Sailing: North Brimhaven mine
2907 3225 0	2796 3413 0	Board Gangplank 59832				145	Sailing: Keep Le Faye
2907 3225 0	2878 3335 0	Board Gangplank 59832				82	Sailing: Entrana church
2907 3225 0	1844 3688 0	Board Gangplank 59832				996	Sailing: Port Piscarilius
2907 3225 0	2860 3970 0	Board Gangplank 59832				1318	Sailing: Weiss
2907 3225 0	1873 2983 0	Board Gangplank 59832				757	Sailing: Vatrachos Island
2907 3225 0	1892 3428 0	Board Gangplank 59832				857	Sailing: Chinchompa Island
2907 3225 0	2927 4055 0	Board Gangplank 59832				1369	Sailing: Grimstone
2907 3225 0	2996 2287 0	Board Gangplank 59832				507	Sailing: The Onyx Crest
2907 3225 0	2965 2608 0	Board Gangplank 59832				352	Sailing: 2965,2608
2907 3225 0	1958 3113 0	Board Gangplank 59832				732	Sailing: Minotaurs' Rest
2907 3225 0	2960 3146 0	Board Gangplank 59832				71	Sailing: Mudskipper Point
2907 3225 0	1953 4056 0	Board Gangplank 59832				1158	Sailing: Brittle Isle
2907 3225 0	3069 2986 0	Board Gangplank 59832				173	Sailing: The Pandemonium (ship)
2907 3225 0	3050 3192 0	Board Gangplank 59832				160	Sailing: Bay of Sarim
1892 3428 0	2059 2605 0	Board Mooring point 59834				466	Sailing: Wintumber Island
1892 3428 0	2095 3188 0	Board Mooring point 59834				184	Sailing: Lledrith Island
1892 3428 0	2079 3689 0	Board Mooring point 59834				213	Sailing: Buccaneers' Haven
1892 3428 0	3173 2368 0	Board Mooring point 59834				911	Sailing: The Summer Shore
1892 3428 0	3145 2824 0	Board Mooring point 59834				805	Sailing: Sea Spirit Dock
1892 3428 0	2143 3121 0	Board Mooring point 59834				226	Sailing: Port Tyras
1892 3428 0	2157 3325 0	Board Mooring point 59834				175	Sailing: Tirannwn Bight
1892 3428 0	2148 3531 0	Board Mooring point 59834				169	Sailing: Drumstick Isle
1892 3428 0	2151 3880 0	Board Mooring point 59834				308	Sailing: Lunar Isle
1892 3428 0	2193 2319 0	Board Mooring point 59834				633	Sailing: Sunbleak Island
1892 3428 0	1201 2733 0	Board Mooring point 59834				622	Sailing: Laguna Aurorae
1892 3428 0	2220 3466 0	Board Mooring point 59834				192	Sailing: Ynysdail
1892 3428 0	2282 2821 0	Board Mooring point 59834				449	Sailing: 2282,2821
1892 3428 0	3353 2215 0	Board Mooring point 59834				1031	Sailing: The Little Pearl
1892 3428 0	2344 2268 0	Board Mooring point 59834				694	Sailing: Rainbow's End
1892 3428 0	2320 2774 0	Board Mooring point 59834				469	Sailing: Tear of the Soul
1892 3428 0	2305 3689 0	Board Mooring point 59834				279	Sailing: Piscatoris bank
1892 3428 0	2310 3781 0	Board Mooring point 59834				301	Sailing: Neitiznot
1892 3428 0	2411 3781 0	Board Mooring point 59834				352	Sailing: Jatizso
1892 3428 0	2467 2718 0	Board Mooring point 59834				511	Sailing: Anglers' Retreat
1892 3428 0	1451 2969 0	Board Mooring point 59834				485	Sailing: Aldarin
1892 3428 0	2532 2531 0	Board Mooring point 59834				625	Sailing: Isle of Bones
1892 3428 0	1513 2973 0	Board Mooring point 59834				456	Sailing: Sunset Coast
1892 3428 0	1506 3402 0	Board Mooring point 59834				224	Sailing: Lands End
1892 3428 0	2542 3764 0	Board Mooring point 59834				417	Sailing: Waterbirth Island
1892 3428 0	2579 2843 0	Board Mooring point 59834				522	Sailing: Corsair Cove
1892 3428 0	2612 3841 0	Board Mooring point 59834				465	Sailing: Etceteria
1892 3428 0	2660 2392 0	Board Mooring point 59834				715	Sailing: Charred Island
1892 3428 0	2651 2677 0	Board Mooring point 59834				585	Sailing: Void Knights' Outpost
1892 3428 0	2685 3161 0	Board Mooring point 59834				707	Sailing: Port Khazard
1892 3428 0	2670 3266 0	Board Mooring point 59834				760	Sailing: Necromancer Tower
1892 3428 0	2629 3704 0	Board Mooring point 59834				446	Sailing: Fremensund
1892 3428 0	2751 2951 0	Board Mooring point 59834				629	Sailing: Cairn Isle
1892 3428 0	2746 3304 0	Board Mooring point 59834				792	Sailing: Witchaven church
1892 3428 0	1726 3453 0	Board Mooring point 59834				116	Sailing: Charcoal Burners
1892 3428 0	1758 2655 0	Board Mooring point 59834				433	Sailing: The Crown Jewel
1892 3428 0	1776 3141 0	Board Mooring point 59834				194	Sailing: Fortis Cothon
1892 3428 0	2759 3229 0	Board Mooring point 59834				784	Sailing: North Brimhaven mine
1892 3428 0	2796 3413 0	Board Mooring point 59834				855	Sailing: Keep Le Faye
1892 3428 0	2878 3335 0	Board Mooring point 59834				856	Sailing: Entrana church
1892 3428 0	1844 3688 0	Board Mooring point 59834				159	Sailing: Port Piscarilius
1892 3428 0	2860 3970 0	Board Mooring point 59834				615	Sailing: Weiss
1892 3428 0	1873 2983 0	Board Mooring point 59834				249	Sailing: Vatrachos Island
1892 3428 0	2907 3225 0	Board Mooring point 59834				857	Sailing: Lone oak island
1892 3428 0	2927 4055 0	Board Mooring point 59834				666	Sailing: Grimstone
1892 3428 0	2996 2287 0	Board Mooring point 59834				846	Sailing: The Onyx Crest
1892 3428 0	2965 2608 0	Board Mooring point 59834				763	Sailing: 2965,2608
1892 3428 0	1958 3113 0	Board Mooring point 59834				190	Sailing: Minotaurs' Rest
1892 3428 0	2960 3146 0	Board Mooring point 59834				863	Sailing: Mudskipper Point
1892 3428 0	1953 4056 0	Board Mooring point 59834				346	Sailing: Brittle Isle
1892 3428 0	3069 2986 0	Board Mooring point 59834				796	Sailing: The Pandemonium (ship)
1892 3428 0	3050 3192 0	Board Mooring point 59834				893	Sailing: Bay of Sarim
2927 4055 0	2059 2605 0	Board Mooring point 59834				1006	Sailing: Wintumber Island
2927 4055 0	2095 3188 0	Board Mooring point 59834				704	Sailing: Lledrith Island
2927 4055 0	2079 3689 0	Board Mooring point 59834				519	Sailing: Buccaneers' Haven
2927 4055 0	3173 2368 0	Board Mooring point 59834				1350	Sailing: The Summer Shore
2927 4055 0	3145 2824 0	Board Mooring point 59834				1266	Sailing: Sea Spirit Dock
2927 4055 0	2143 3121 0	Board Mooring point 59834				738	Sailing: Port Tyras
2927 4055 0	2157 3325 0	Board Mooring point 59834				639	Sailing: Tirannwn Bight
2927 4055 0	2148 3531 0	Board Mooring point 59834				531	Sailing: Drumstick Isle
2927 4055 0	2151 3880 0	Board Mooring point 59834				444	Sailing: Lunar Isle
2927 4055 0	2193 2319 0	Board Mooring point 59834				1159	Sailing: Sunbleak Island
2927 4055 0	1201 2733 0	Board Mooring point 59834				1225	Sailing: Laguna Aurorae
2927 4055 0	2220 3466 0	Board Mooring point 59834				541	Sailing: Ynysdail
2927 4055 0	2282 2821 0	Board Mooring point 59834				961	Sailing: 2282,2821
2927 4055 0	3353 2215 0	Board Mooring point 59834				1307	Sailing: The Little Pearl
2927 4055 0	2344 2268 0	Board Mooring point 59834				1221	Sailing: Rainbow's End
2927 4055 0	2320 2774 0	Board Mooring point 59834				981	Sailing: Tear of the Soul
2927 4055 0	2305 3689 0	Board Mooring point 59834				411	Sailing: Piscatoris bank
2927 4055 0	2310 3781 0	Board Mooring point 59834				388	Sailing: Neitiznot
2927 4055 0	2411 3781 0	Board Mooring point 59834				335	Sailing: Jatizso
2927 4055 0	2467 2718 0	Board Mooring point 59834				1023	Sailing: Anglers' Retreat
2927 4055 0	1451 2969 0	Board Mooring point 59834				1088	Sailing: Aldarin
2927 4055 0	2532 2531 0	Board Mooring point 59834				1137	Sailing: Isle of Bones
2927 4055 0	1513 2973 0	Board Mooring point 59834				1059	Sailing: Sunset Coast
2927 4055 0	1506 3402 0	Board Mooring point 59834				866	Sailing: Lands End
2927 4055 0	2542 3764 0	Board Mooring point 59834				272	Sailing: Waterbirth Island
2927 4055 0	2579 2843 0	Board Mooring point 59834				1033	Sailing: Corsair Cove
2927 4055 0	2612 3841 0	Board Mooring point 59834				222	Sailing: Etceteria
2927 4055 0	2660 2392 0	Board Mooring point 59834				1226	Sailing: Charred Island
2927 4055 0	2651 2677 0	Board Mooring point 59834				1097	Sailing: Void Knights' Outpost
2927 4055 0	2685 3161 0	Board Mooring point 59834				1219	Sailing: Port Khazard
2927 4055 0	2670 3266 0	Board Mooring point 59834				1272	Sailing: Necromancer Tower
2927 4055 0	2629 3704 0	Board Mooring point 59834				261	Sailing: Fremensund
2927 4055 0	2751 2951 0	Board Mooring point 59834				1141	Sailing: Cairn Isle
2927 4055 0	2746 3304 0	Board Mooring point 59834				1303	Sailing: Witchaven church
2927 4055 0	1726 3453 0	Board Mooring point 59834				752	Sailing: Charcoal Burners
2927 4055 0	1758 2655 0	Board Mooring point 59834				1037	Sailing: The Crown Jewel
2927 4055 0	1776 3141 0	Board Mooring point 59834				808	Sailing: Fortis Cothon
2927 4055 0	2759 3229 0	Board Mooring point 59834				1296	Sailing: North Brimhaven mine
2927 4055 0	2796 3413 0	Board Mooring point 59834				1367	Sailing: Keep Le Faye
2927 4055 0	2878 3335 0	Board Mooring point 59834				1368	Sailing: Entrana church
2927 4055 0	1844 3688 0	Board Mooring point 59834				637	Sailing: Port Piscarilius
2927 4055 0	2860 3970 0	Board Mooring point 59834				76	Sailing: Weiss
2927 4055 0	1873 2983 0	Board Mooring point 59834				852	Sailing: Vatrachos Island
2927 4055 0	2907 3225 0	Board Mooring point 59834				1369	Sailing: Lone oak island
2927 4055 0	1892 3428 0	Board Mooring point 59834				666	Sailing: Chinchompa Island
2927 4055 0	2996 2287 0	Board Mooring point 59834				1358	Sailing: The Onyx Crest
2927 4055 0	2965 2608 0	Board Mooring point 59834				1275	Sailing: 2965,2608
2927 4055 0	1958 3113 0	Board Mooring point 59834				768	Sailing: Minotaurs' Rest
2927 4055 0	2960 3146 0	Board Mooring point 59834				1375	Sailing: Mudskipper Point
2927 4055 0	1953 4056 0	Board Mooring point 59834				526	Sailing: Brittle Isle
2927 4055 0	3069 2986 0	Board Mooring point 59834				1308	Sailing: The Pandemonium (ship)
2927 4055 0	3050 3192 0	Board Mooring point 59834				1405	Sailing: Bay of Sarim
2996 2287 0	2059 2605 0	Board Mooring point 59834				556	Sailing: Wintumber Island
2996 2287 0	2095 3188 0	Board Mooring point 59834				683	Sailing: Lledrith Island
2996 2287 0	2079 3689 0	Board Mooring point 59834				950	Sailing: Buccaneers' Haven
2996 2287 0	3173 2368 0	Board Mooring point 59834				125	Sailing: The Summer Shore
2996 2287 0	3145 2824 0	Board Mooring point 59834				319	Sailing: Sea Spirit Dock
2996 2287 0	2143 3121 0	Board Mooring point 59834				640	Sailing: Port Tyras
2996 2287 0	2157 3325 0	Board Mooring point 59834				745	Sailing: Tirannwn Bight
2996 2287 0	2148 3531 0	Board Mooring point 59834				856	Sailing: Drumstick Isle
2996 2287 0	2151 3880 0	Board Mooring point 59834				1041	Sailing: Lunar Isle
2996 2287 0	2193 2319 0	Board Mooring point 59834				446	Sailing: Sunbleak Island
2996 2287 0	1201 2733 0	Board Mooring point 59834				1008	Sailing: Laguna Aurorae
2996 2287 0	2220 3466 0	Board Mooring point 59834				860	Sailing: Ynysdail
2996 2287 0	2282 2821 0	Board Mooring point 59834				486	Sailing: 2282,2821
2996 2287 0	3353 2215 0	Board Mooring point 59834				214	Sailing: The Little Pearl
2996 2287 0	2344 2268 0	Board Mooring point 59834				354	Sailing: Rainbow's End
2996 2287 0	2320 2774 0	Board Mooring point 59834				460	Sailing: Tear of the Soul
2996 2287 0	2305 3689 0	Board Mooring point 59834				968	Sailing: Piscatoris bank
2996 2287 0	2310 3781 0	Board Mooring point 59834				1015	Sailing: Neitiznot
2996 2287 0	2411 3781 0	Board Mooring point 59834				1044	Sailing: Jatizso
2996 2287 0	2467 2718 0	Board Mooring point 59834				381	Sailing: Anglers' Retreat
2996 2287 0	1451 2969 0	Board Mooring point 59834				932	Sailing: Aldarin
2996 2287 0	2532 2531 0	Board Mooring point 59834				301	Sailing: Isle of Bones
2996 2287 0	1513 2973 0	Board Mooring point 59834				903	Sailing: Sunset Coast
2996 2287 0	1506 3402 0	Board Mooring point 59834				1005	Sailing: Lands End
2996 2287 0	2542 3764 0	Board Mooring point 59834				1109	Sailing: Waterbirth Island
2996 2287 0	2579 2843 0	Board Mooring point 59834				383	Sailing: Corsair Cove
2996 2287 0	2612 3841 0	Board Mooring point 59834				1156	Sailing: Etceteria
2996 2287 0	2660 2392 0	Board Mooring point 59834				210	Sailing: Charred Island
2996 2287 0	2651 2677 0	Board Mooring point 59834				293	Sailing: Void Knights' Outpost
2996 2287 0	2685 3161 0	Board Mooring point 59834				521	Sailing: Port Khazard
2996 2287 0	2670 3266 0	Board Mooring point 59834				575	Sailing: Necromancer Tower
2996 2287 0	2629 3704 0	Board Mooring point 59834				1137	Sailing: Fremensund
2996 2287 0	2751 2951 0	Board Mooring point 59834				402	Sailing: Cairn Isle
2996 2287 0	2746 3304 0	Board Mooring point 59834				595	Sailing: Witchaven church
2996 2287 0	1726 3453 0	Board Mooring point 59834				907	Sailing: Charcoal Burners
2996 2287 0	1758 2655 0	Board Mooring point 59834				711	Sailing: The Crown Jewel
2996 2287 0	1776 3141 0	Board Mooring point 59834				862	Sailing: Fortis Cothon
2996 2287 0	2759 3229 0	Board Mooring point 59834				575	Sailing: North Brimhaven mine
2996 2287 0	2796 3413 0	Board Mooring point 59834				632	Sailing: Keep Le Faye
2996 2287 0	2878 3335 0	Board Mooring point 59834				568	Sailing: Entrana church
2996 2287 0	1844 3688 0	Board Mooring point 59834				985	Sailing: Port Piscarilius
2996 2287 0	2860 3970 0	Board Mooring point 59834				1307	Sailing: Weiss
2996 2287 0	1873 2983 0	Board Mooring point 59834				727	Sailing: Vatrachos Island
2996 2287 0	2907 3225 0	Board Mooring point 59834				507	Sailing: Lone oak island
2996 2287 0	1892 3428 0	Board Mooring point 59834				846	Sailing: Chinchompa Island
2996 2287 0	2927 4055 0	Board Mooring point 59834				1358	Sailing: Grimstone
2996 2287 0	2965 2608 0	Board Mooring point 59834				182	Sailing: 2965,2608
2996 2287 0	1958 3113 0	Board Mooring point 59834				721	Sailing: Minotaurs' Rest
2996 2287 0	2960 3146 0	Board Mooring point 59834				456	Sailing: Mudskipper Point
2996 2287 0	1953 4056 0	Board Mooring point 59834				1147	Sailing: Brittle Isle
2996 2287 0	3069 2986 0	Board Mooring point 59834				385	Sailing: The Pandemonium (ship)
2996 2287 0	3050 3192 0	Board Mooring point 59834				484	Sailing: Bay of Sarim
2965 2608 0	2059 2605 0	Board Mooring point 59834				489	Sailing: Wintumber Island
2965 2608 0	2095 3188 0	Board Mooring point 59834				600	Sailing: Lledrith Island
2965 2608 0	2079 3689 0	Board Mooring point 59834				867	Sailing: Buccaneers' Haven
2965 2608 0	3173 2368 0	Board Mooring point 59834				195	Sailing: The Summer Shore
2965 2608 0	3145 2824 0	Board Mooring point 59834				167	Sailing: Sea Spirit Dock
2965 2608 0	2143 3121 0	Board Mooring point 59834				557	Sailing: Port Tyras
2965 2608 0	2157 3325 0	Board Mooring point 59834				662	Sailing: Tirannwn Bight
2965 2608 0	2148 3531 0	Board Mooring point 59834				773	Sailing: Drumstick Isle
2965 2608 0	2151 3880 0	Board Mooring point 59834				958	Sailing: Lunar Isle
2965 2608 0	2193 2319 0	Board Mooring point 59834				471	Sailing: Sunbleak Island
2965 2608 0	1201 2733 0	Board Mooring point 59834				934	Sailing: Laguna Aurorae
2965 2608 0	2220 3466 0	Board Mooring point 59834				777	Sailing: Ynysdail
2965 2608 0	2282 2821 0	Board Mooring point 59834				412	Sailing: 2282,2821
2965 2608 0	3353 2215 0	Board Mooring point 59834				316	Sailing: The Little Pearl
2965 2608 0	2344 2268 0	Board Mooring point 59834				402	Sailing: Rainbow's End
2965 2608 0	2320 2774 0	Board Mooring point 59834				386	Sailing: Tear of the Soul
2965 2608 0	2305 3689 0	Board Mooring point 59834				885	Sailing: Piscatoris bank
2965 2608 0	2310 3781 0	Board Mooring point 59834				932	Sailing: Neitiznot
2965 2608 0	2411 3781 0	Board Mooring point 59834				961	Sailing: Jatizso
2965 2608 0	2467 2718 0	Board Mooring point 59834				303	Sailing: Anglers' Retreat
2965 2608 0	1451 2969 0	Board Mooring point 59834				858	Sailing: Aldarin
2965 2608 0	2532 2531 0	Board Mooring point 59834				255	Sailing: Isle of Bones
2965 2608 0	1513 2973 0	Board Mooring point 59834				828	Sailing: Sunset Coast
2965 2608 0	1506 3402 0	Board Mooring point 59834				921	Sailing: Lands End
2965 2608 0	2542 3764 0	Board Mooring point 59834				1026	Sailing: Waterbirth Island
2965 2608 0	2579 2843 0	Board Mooring point 59834				275	Sailing: Corsair Cove
2965 2608 0	2612 3841 0	Board Mooring point 59834				1073	Sailing: Etceteria
2965 2608 0	2660 2392 0	Board Mooring point 59834				219	Sailing: Charred Island
2965 2608 0	2651 2677 0	Board Mooring point 59834				198	Sailing: Void Knights' Outpost
2965 2608 0	2685 3161 0	Board Mooring point 59834				360	Sailing: Port Khazard
2965 2608 0	2670 3266 0	Board Mooring point 59834				414	Sailing: Necromancer Tower
2965 2608 0	2629 3704 0	Board Mooring point 59834				1054	Sailing: Fremensund
2965 2608 0	2751 2951 0	Board Mooring point 59834				241	Sailing: Cairn Isle
2965 2608 0	2746 3304 0	Board Mooring point 59834				441	Sailing: Witchaven church
2965 2608 0	1726 3453 0	Board Mooring point 59834				824	Sailing: Charcoal Burners
2965 2608 0	1758 2655 0	Board Mooring point 59834				637	Sailing: The Crown Jewel
2965 2608 0	1776 3141 0	Board Mooring point 59834				779	Sailing: Fortis Cothon
2965 2608 0	2759 3229 0	Board Mooring point 59834				420	Sailing: North Brimhaven mine
2965 2608 0	2796 3413 0	Board Mooring point 59834				477	Sailing: Keep Le Faye
2965 2608 0	2878 3335 0	Board Mooring point 59834				413	Sailing: Entrana church
2965 2608 0	1844 3688 0	Board Mooring point 59834				902	Sailing: Port Piscarilius
2965 2608 0	2860 3970 0	Board Mooring point 59834				1224	Sailing: Weiss
2965 2608 0	1873 2983 0	Board Mooring point 59834				653	Sailing: Vatrachos Island
2965 2608 0	2907 3225 0	Board Mooring point 59834				352	Sailing: Lone oak island
2965 2608 0	1892 3428 0	Board Mooring point 59834				763	Sailing: Chinchompa Island
2965 2608 0	2927 4055 0	Board Mooring point 59834				1275	Sailing: Grimstone
2965 2608 0	2996 2287 0	Board Mooring point 59834				182	Sailing: The Onyx Crest
2965 2608 0	1958 3113 0	Board Mooring point 59834				638	Sailing: Minotaurs' Rest
2965 2608 0	2960 3146 0	Board Mooring point 59834				302	Sailing: Mudskipper Point
2965 2608 0	1953 4056 0	Board Mooring point 59834				1064	Sailing: Brittle Isle
2965 2608 0	3069 2986 0	Board Mooring point 59834				233	Sailing: The Pandemonium (ship)
2965 2608 0	3050 3192 0	Board Mooring point 59834				332	Sailing: Bay of Sarim
1958 3113 0	2059 2605 0	Board Mooring point 59834				298	Sailing: Wintumber Island
1958 3113 0	2095 3188 0	Board Mooring point 59834				110	Sailing: Lledrith Island
1958 3113 0	2079 3689 0	Board Mooring point 59834				356	Sailing: Buccaneers' Haven
1958 3113 0	3173 2368 0	Board Mooring point 59834				786	Sailing: The Summer Shore
1958 3113 0	3145 2824 0	Board Mooring point 59834				679	Sailing: Sea Spirit Dock
1958 3113 0	2143 3121 0	Board Mooring point 59834				114	Sailing: Port Tyras
1958 3113 0	2157 3325 0	Board Mooring point 59834				165	Sailing: Tirannwn Bight
1958 3113 0	2148 3531 0	Board Mooring point 59834				266	Sailing: Drumstick Isle
1958 3113 0	2151 3880 0	Board Mooring point 59834				451	Sailing: Lunar Isle
1958 3113 0	2193 2319 0	Board Mooring point 59834				465	Sailing: Sunbleak Island
1958 3113 0	1201 2733 0	Board Mooring point 59834				478	Sailing: Laguna Aurorae
1958 3113 0	2220 3466 0	Board Mooring point 59834				270	Sailing: Ynysdail
1958 3113 0	2282 2821 0	Board Mooring point 59834				324	Sailing: 2282,2821
1958 3113 0	3353 2215 0	Board Mooring point 59834				906	Sailing: The Little Pearl
1958 3113 0	2344 2268 0	Board Mooring point 59834				526	Sailing: Rainbow's End
1958 3113 0	2320 2774 0	Board Mooring point 59834				315	Sailing: Tear of the Soul
1958 3113 0	2305 3689 0	Board Mooring point 59834				378	Sailing: Piscatoris bank
1958 3113 0	2310 3781 0	Board Mooring point 59834				425	Sailing: Neitiznot
1958 3113 0	2411 3781 0	Board Mooring point 59834				454	Sailing: Jatizso
1958 3113 0	2467 2718 0	Board Mooring point 59834				386	Sailing: Anglers' Retreat
1958 3113 0	1451 2969 0	Board Mooring point 59834				341	Sailing: Aldarin
1958 3113 0	2532 2531 0	Board Mooring point 59834				480	Sailing: Isle of Bones
1958 3113 0	1513 2973 0	Board Mooring point 59834				312	Sailing: Sunset Coast
1958 3113 0	1506 3402 0	Board Mooring point 59834				305	Sailing: Lands End
1958 3113 0	2542 3764 0	Board Mooring point 59834				519	Sailing: Waterbirth Island
1958 3113 0	2579 2843 0	Board Mooring point 59834				396	Sailing: Corsair Cove
1958 3113 0	2612 3841 0	Board Mooring point 59834				567	Sailing: Etceteria
1958 3113 0	2660 2392 0	Board Mooring point 59834				571	Sailing: Charred Island
1958 3113 0	2651 2677 0	Board Mooring point 59834				460	Sailing: Void Knights' Outpost
1958 3113 0	2685 3161 0	Board Mooring point 59834				582	Sailing: Port Khazard
1958 3113 0	2670 3266 0	Board Mooring point 59834				635	Sailing: Necromancer Tower
1958 3113 0	2629 3704 0	Board Mooring point 59834				547	Sailing: Fremensund
1958 3113 0	2751 2951 0	Board Mooring point 59834				504	Sailing: Cairn Isle
1958 3113 0	2746 3304 0	Board Mooring point 59834				667	Sailing: Witchaven church
1958 3113 0	1726 3453 0	Board Mooring point 59834				236	Sailing: Charcoal Burners
1958 3113 0	1758 2655 0	Board Mooring point 59834				289	Sailing: The Crown Jewel
1958 3113 0	1776 3141 0	Board Mooring point 59834				162	Sailing: Fortis Cothon
1958 3113 0	2759 3229 0	Board Mooring point 59834				659	Sailing: North Brimhaven mine
1958 3113 0	2796 3413 0	Board Mooring point 59834				730	Sailing: Keep Le Faye
1958 3113 0	2878 3335 0	Board Mooring point 59834				731	Sailing: Entrana church
1958 3113 0	1844 3688 0	Board Mooring point 59834				329	Sailing: Port Piscarilius
1958 3113 0	2860 3970 0	Board Mooring point 59834				717	Sailing: Weiss
1958 3113 0	1873 2983 0	Board Mooring point 59834				104	Sailing: Vatrachos Island
1958 3113 0	2907 3225 0	Board Mooring point 59834				732	Sailing: Lone oak island
1958 3113 0	1892 3428 0	Board Mooring point 59834				190	Sailing: Chinchompa Island
1958 3113 0	2927 4055 0	Board Mooring point 59834				768	Sailing: Grimstone
1958 3113 0	2996 2287 0	Board Mooring point 59834				721	Sailing: The Onyx Crest
1958 3113 0	2965 2608 0	Board Mooring point 59834				638	Sailing: 2965,2608
1958 3113 0	2960 3146 0	Board Mooring point 59834				738	Sailing: Mudskipper Point
1958 3113 0	1953 4056 0	Board Mooring point 59834				491	Sailing: Brittle Isle
1958 3113 0	3069 2986 0	Board Mooring point 59834				671	Sailing: The Pandemonium (ship)
1958 3113 0	3050 3192 0	Board Mooring point 59834				768	Sailing: Bay of Sarim
2960 3146 0	2059 2605 0	Board Gangplank 59832				674	Sailing: Wintumber Island
2960 3146 0	2095 3188 0	Board Gangplank 59832				700	Sailing: Lledrith Island
2960 3146 0	2079 3689 0	Board Gangplank 59832				967	Sailing: Buccaneers' Haven
2960 3146 0	3173 2368 0	Board Gangplank 59832				470	Sailing: The Summer Shore
2960 3146 0	3145 2824 0	Board Gangplank 59832				219	Sailing: Sea Spirit Dock
2960 3146 0	2143 3121 0	Board Gangplank 59832				657	Sailing: Port Tyras
2960 3146 0	2157 3325 0	Board Gangplank 59832				762	Sailing: Tirannwn Bight
2960 3146 0	2148 3531 0	Board Gangplank 59832				873	Sailing: Drumstick Isle
2960 3146 0	2151 3880 0	Board Gangplank 59832				1058	Sailing: Lunar Isle
2960 3146 0	2193 2319 0	Board Gangplank 59832				666	Sailing: Sunbleak Island
2960 3146 0	1201 2733 0	Board Gangplank 59832				1074	Sailing: Laguna Aurorae
2960 3146 0	2220 3466 0	Board Gangplank 59832				877	Sailing: Ynysdail
2960 3146 0	2282 2821 0	Board Gangplank 59832				518	Sailing: 2282,2821
2960 3146 0	3353 2215 0	Board Gangplank 59832				566	Sailing: The Little Pearl
2960 3146 0	2344 2268 0	Board Gangplank 59832				611	Sailing: Rainbow's End
2960 3146 0	2320 2774 0	Board Gangplank 59832				516	Sailing: Tear of the Soul
2960 3146 0	2305 3689 0	Board Gangplank 59832				984	Sailing: Piscatoris bank
2960 3146 0	2310 3781 0	Board Gangplank 59832				1032	Sailing: Neitiznot
2960 3146 0	2411 3781 0	Board Gangplank 59832				1060	Sailing: Jatizso
2960 3146 0	2467 2718 0	Board Gangplank 59832				445	Sailing: Anglers' Retreat
2960 3146 0	1451 2969 0	Board Gangplank 59832				984	Sailing: Aldarin
2960 3146 0	2532 2531 0	Board Gangplank 59832				463	Sailing: Isle of Bones
2960 3146 0	1513 2973 0	Board Gangplank 59832				954	Sailing: Sunset Coast
2960 3146 0	1506 3402 0	Board Gangplank 59832				1021	Sailing: Lands End
2960 3146 0	2542 3764 0	Board Gangplank 59832				1125	Sailing: Waterbirth Island
2960 3146 0	2579 2843 0	Board Gangplank 59832				362	Sailing: Corsair Cove
2960 3146 0	2612 3841 0	Board Gangplank 59832				1173	Sailing: Etceteria
2960 3146 0	2660 2392 0	Board Gangplank 59832				469	Sailing: Charred Island
2960 3146 0	2651 2677 0	Board Gangplank 59832				374	Sailing: Void Knights' Outpost
2960 3146 0	2685 3161 0	Board Gangplank 59832				213	Sailing: Port Khazard
2960 3146 0	2670 3266 0	Board Gangplank 59832				190	Sailing: Necromancer Tower
2960 3146 0	2629 3704 0	Board Gangplank 59832				1154	Sailing: Fremensund
2960 3146 0	2751 2951 0	Board Gangplank 59832				299	Sailing: Cairn Isle
2960 3146 0	2746 3304 0	Board Gangplank 59832				160	Sailing: Witchaven church
2960 3146 0	1726 3453 0	Board Gangplank 59832				924	Sailing: Charcoal Burners
2960 3146 0	1758 2655 0	Board Gangplank 59832				807	Sailing: The Crown Jewel
2960 3146 0	1776 3141 0	Board Gangplank 59832				879	Sailing: Fortis Cothon
2960 3146 0	2759 3229 0	Board Gangplank 59832				139	Sailing: North Brimhaven mine
2960 3146 0	2796 3413 0	Board Gangplank 59832				196	Sailing: Keep Le Faye
2960 3146 0	2878 3335 0	Board Gangplank 59832				132	Sailing: Entrana church
2960 3146 0	1844 3688 0	Board Gangplank 59832				1002	Sailing: Port Piscarilius
2960 3146 0	2860 3970 0	Board Gangplank 59832				1324	Sailing: Weiss
2960 3146 0	1873 2983 0	Board Gangplank 59832				763	Sailing: Vatrachos Island
2960 3146 0	2907 3225 0	Board Gangplank 59832				71	Sailing: Lone oak island
2960 3146 0	1892 3428 0	Board Gangplank 59832				863	Sailing: Chinchompa Island
2960 3146 0	2927 4055 0	Board Gangplank 59832				1375	Sailing: Grimstone
2960 3146 0	2996 2287 0	Board Gangplank 59832				456	Sailing: The Onyx Crest
2960 3146 0	2965 2608 0	Board Gangplank 59832				302	Sailing: 2965,2608
2960 3146 0	1958 3113 0	Board Gangplank 59832				738	Sailing: Minotaurs' Rest
2960 3146 0	1953 4056 0	Board Gangplank 59832				1163	Sailing: Brittle Isle
2960 3146 0	3069 2986 0	Board Gangplank 59832				122	Sailing: The Pandemonium (ship)
2960 3146 0	3050 3192 0	Board Gangplank 59832				109	Sailing: Bay of Sarim
1953 4056 0	2059 2605 0	Board Mooring point 59834				767	Sailing: Wintumber Island
1953 4056 0	2095 3188 0	Board Mooring point 59834				484	Sailing: Lledrith Island
1953 4056 0	2079 3689 0	Board Mooring point 59834				230	Sailing: Buccaneers' Haven
1953 4056 0	3173 2368 0	Board Mooring point 59834				1211	Sailing: The Summer Shore
1953 4056 0	3145 2824 0	Board Mooring point 59834				1105	Sailing: Sea Spirit Dock
1953 4056 0	2143 3121 0	Board Mooring point 59834				527	Sailing: Port Tyras
1953 4056 0	2157 3325 0	Board Mooring point 59834				428	Sailing: Tirannwn Bight
1953 4056 0	2148 3531 0	Board Mooring point 59834				326	Sailing: Drumstick Isle
1953 4056 0	2151 3880 0	Board Mooring point 59834				185	Sailing: Lunar Isle
1953 4056 0	2193 2319 0	Board Mooring point 59834				933	Sailing: Sunbleak Island
1953 4056 0	1201 2733 0	Board Mooring point 59834				946	Sailing: Laguna Aurorae
1953 4056 0	2220 3466 0	Board Mooring point 59834				379	Sailing: Ynysdail
1953 4056 0	2282 2821 0	Board Mooring point 59834				749	Sailing: 2282,2821
1953 4056 0	3353 2215 0	Board Mooring point 59834				1332	Sailing: The Little Pearl
1953 4056 0	2344 2268 0	Board Mooring point 59834				995	Sailing: Rainbow's End
1953 4056 0	2320 2774 0	Board Mooring point 59834				769	Sailing: Tear of the Soul
1953 4056 0	2305 3689 0	Board Mooring point 59834				293	Sailing: Piscatoris bank
1953 4056 0	2310 3781 0	Board Mooring point 59834				260	Sailing: Neitiznot
1953 4056 0	2411 3781 0	Board Mooring point 59834				310	Sailing: Jatizso
1953 4056 0	2467 2718 0	Board Mooring point 59834				812	Sailing: Anglers' Retreat
1953 4056 0	1451 2969 0	Board Mooring point 59834				809	Sailing: Aldarin
1953 4056 0	2532 2531 0	Board Mooring point 59834				926	Sailing: Isle of Bones
1953 4056 0	1513 2973 0	Board Mooring point 59834				780	Sailing: Sunset Coast
1953 4056 0	1506 3402 0	Board Mooring point 59834				529	Sailing: Lands End
1953 4056 0	2542 3764 0	Board Mooring point 59834				374	Sailing: Waterbirth Island
1953 4056 0	2579 2843 0	Board Mooring point 59834				822	Sailing: Corsair Cove
1953 4056 0	2612 3841 0	Board Mooring point 59834				396	Sailing: Etceteria
1953 4056 0	2660 2392 0	Board Mooring point 59834				1015	Sailing: Charred Island
1953 4056 0	2651 2677 0	Board Mooring point 59834				886	Sailing: Void Knights' Outpost
1953 4056 0	2685 3161 0	Board Mooring point 59834				1008	Sailing: Port Khazard
1953 4056 0	2670 3266 0	Board Mooring point 59834				1060	Sailing: Necromancer Tower
1953 4056 0	2629 3704 0	Board Mooring point 59834				430	Sailing: Fremensund
1953 4056 0	2751 2951 0	Board Mooring point 59834				929	Sailing: Cairn Isle
1953 4056 0	2746 3304 0	Board Mooring point 59834				1092	Sailing: Witchaven church
1953 4056 0	1726 3453 0	Board Mooring point 59834				415	Sailing: Charcoal Burners
1953 4056 0	1758 2655 0	Board Mooring point 59834				758	Sailing: The Crown Jewel
1953 4056 0	1776 3141 0	Board Mooring point 59834				518	Sailing: Fortis Cothon
1953 4056 0	2759 3229 0	Board Mooring point 59834				1085	Sailing: North Brimhaven mine
1953 4056 0	2796 3413 0	Board Mooring point 59834				1156	Sailing: Keep Le Faye
1953 4056 0	2878 3335 0	Board Mooring point 59834				1156	Sailing: Entrana church
1953 4056 0	1844 3688 0	Board Mooring point 59834				227	Sailing: Port Piscarilius
1953 4056 0	2860 3970 0	Board Mooring point 59834				491	Sailing: Weiss
1953 4056 0	1873 2983 0	Board Mooring point 59834				573	Sailing: Vatrachos Island
1953 4056 0	2907 3225 0	Board Mooring point 59834				1158	Sailing: Lone oak island
1953 4056 0	1892 3428 0	Board Mooring point 59834				346	Sailing: Chinchompa Island
1953 4056 0	2927 4055 0	Board Mooring point 59834				526	Sailing: Grimstone
1953 4056 0	2996 2287 0	Board Mooring point 59834				1147	Sailing: The Onyx Crest
1953 4056 0	2965 2608 0	Board Mooring point 59834				1064	Sailing: 2965,2608
1953 4056 0	1958 3113 0	Board Mooring point 59834				491	Sailing: Minotaurs' Rest
1953 4056 0	2960 3146 0	Board Mooring point 59834				1163	Sailing: Mudskipper Point
1953 4056 0	3069 2986 0	Board Mooring point 59834				1096	Sailing: The Pandemonium (ship)
1953 4056 0	3050 3192 0	Board Mooring point 59834				1194	Sailing: Bay of Sarim
3069 2986 0	2059 2605 0	Board Gangplank 59832				607	Sailing: Wintumber Island
3069 2986 0	2095 3188 0	Board Gangplank 59832				633	Sailing: Lledrith Island
3069 2986 0	2079 3689 0	Board Gangplank 59832				900	Sailing: Buccaneers' Haven
3069 2986 0	3173 2368 0	Board Gangplank 59832				368	Sailing: The Summer Shore
3069 2986 0	3145 2824 0	Board Gangplank 59832				117	Sailing: Sea Spirit Dock
3069 2986 0	2143 3121 0	Board Gangplank 59832				590	Sailing: Port Tyras
3069 2986 0	2157 3325 0	Board Gangplank 59832				695	Sailing: Tirannwn Bight
3069 2986 0	2148 3531 0	Board Gangplank 59832				806	Sailing: Drumstick Isle
3069 2986 0	2151 3880 0	Board Gangplank 59832				991	Sailing: Lunar Isle
3069 2986 0	2193 2319 0	Board Gangplank 59832				599	Sailing: Sunbleak Island
3069 2986 0	1201 2733 0	Board Gangplank 59832				1007	Sailing: Laguna Aurorae
3069 2986 0	2220 3466 0	Board Gangplank 59832				810	Sailing: Ynysdail
3069 2986 0	2282 2821 0	Board Gangplank 59832				451	Sailing: 2282,2821
3069 2986 0	3353 2215 0	Board Gangplank 59832				464	Sailing: The Little Pearl
3069 2986 0	2344 2268 0	Board Gangplank 59832				542	Sailing: Rainbow's End
3069 2986 0	2320 2774 0	Board Gangplank 59832				449	Sailing: Tear of the Soul
3069 2986 0	2305 3689 0	Board Gangplank 59832				917	Sailing: Piscatoris bank
3069 2986 0	2310 3781 0	Board Gangplank 59832				965	Sailing: Neitiznot
3069 2986 0	2411 3781 0	Board Gangplank 59832				993	Sailing: Jatizso
3069 2986 0	2467 2718 0	Board Gangplank 59832				378	Sailing: Anglers' Retreat
3069 2986 0	1451 2969 0	Board Gangplank 59832				917	Sailing: Aldarin
3069 2986 0	2532 2531 0	Board Gangplank 59832				394	Sailing: Isle of Bones
3069 2986 0	1513 2973 0	Board Gangplank 59832				887	Sailing: Sunset Coast
3069 2986 0	1506 3402 0	Board Gangplank 59832				954	Sailing: Lands End
3069 2986 0	2542 3764 0	Board Gangplank 59832				1058	Sailing: Waterbirth Island
3069 2986 0	2579 2843 0	Board Gangplank 59832				295	Sailing: Corsair Cove
3069 2986 0	2612 3841 0	Board Gangplank 59832				1106	Sailing: Etceteria
3069 2986 0	2660 2392 0	Board Gangplank 59832				401	Sailing: Charred Island
3069 2986 0	2651 2677 0	Board Gangplank 59832				305	Sailing: Void Knights' Outpost
3069 2986 0	2685 3161 0	Board Gangplank 59832				315	Sailing: Port Khazard
3069 2986 0	2670 3266 0	Board Gangplank 59832				291	Sailing: Necromancer Tower
3069 2986 0	2629 3704 0	Board Gangplank 59832				1087	Sailing: Fremensund
3069 2986 0	2751 2951 0	Board Gangplank 59832				232	Sailing: Cairn Isle
3069 2986 0	2746 3304 0	Board Gangplank 59832				262	Sailing: Witchaven church
3069 2986 0	1726 3453 0	Board Gangplank 59832				857	Sailing: Charcoal Burners
3069 2986 0	1758 2655 0	Board Gangplank 59832				740	Sailing: The Crown Jewel
3069 2986 0	1776 3141 0	Board Gangplank 59832				812	Sailing: Fortis Cothon
3069 2986 0	2759 3229 0	Board Gangplank 59832				241	Sailing: North Brimhaven mine
3069 2986 0	2796 3413 0	Board Gangplank 59832				298	Sailing: Keep Le Faye
3069 2986 0	2878 3335 0	Board Gangplank 59832				234	Sailing: Entrana church
3069 2986 0	1844 3688 0	Board Gangplank 59832				935	Sailing: Port Piscarilius
3069 2986 0	2860 3970 0	Board Gangplank 59832				1257	Sailing: Weiss
3069 2986 0	1873 2983 0	Board Gangplank 59832				696	Sailing: Vatrachos Island
3069 2986 0	2907 3225 0	Board Gangplank 59832				173	Sailing: Lone oak island
3069 2986 0	1892 3428 0	Board Gangplank 59832				796	Sailing: Chinchompa Island
3069 2986 0	2927 4055 0	Board Gangplank 59832				1308	Sailing: Grimstone
3069 2986 0	2996 2287 0	Board Gangplank 59832				385	Sailing: The Onyx Crest
3069 2986 0	2965 2608 0	Board Gangplank 59832				233	Sailing: 2965,2608
3069 2986 0	1958 3113 0	Board Gangplank 59832				671	Sailing: Minotaurs' Rest
3069 2986 0	2960 3146 0	Board Gangplank 59832				122	Sailing: Mudskipper Point
3069 2986 0	1953 4056 0	Board Gangplank 59832				1096	Sailing: Brittle Isle
3069 2986 0	3050 3192 0	Board Gangplank 59832				129	Sailing: Bay of Sarim
3050 3192 0	2059 2605 0	Board Gangplank 59832				705	Sailing: Wintumber Island
3050 3192 0	2095 3188 0	Board Gangplank 59832				730	Sailing: Lledrith Island
3050 3192 0	2079 3689 0	Board Gangplank 59832				998	Sailing: Buccaneers' Haven
3050 3192 0	3173 2368 0	Board Gangplank 59832				476	Sailing: The Summer Shore
3050 3192 0	3145 2824 0	Board Gangplank 59832				225	Sailing: Sea Spirit Dock
3050 3192 0	2143 3121 0	Board Gangplank 59832				688	Sailing: Port Tyras
3050 3192 0	2157 3325 0	Board Gangplank 59832				793	Sailing: Tirannwn Bight
3050 3192 0	2148 3531 0	Board Gangplank 59832				903	Sailing: Drumstick Isle
3050 3192 0	2151 3880 0	Board Gangplank 59832				1088	Sailing: Lunar Isle
3050 3192 0	2193 2319 0	Board Gangplank 59832				696	Sailing: Sunbleak Island
3050 3192 0	1201 2733 0	Board Gangplank 59832				1104	Sailing: Laguna Aurorae
3050 3192 0	2220 3466 0	Board Gangplank 59832				907	Sailing: Ynysdail
3050 3192 0	2282 2821 0	Board Gangplank 59832				548	Sailing: 2282,2821
3050 3192 0	3353 2215 0	Board Gangplank 59832				572	Sailing: The Little Pearl
3050 3192 0	2344 2268 0	Board Gangplank 59832				641	Sailing: Rainbow's End
3050 3192 0	2320 2774 0	Board Gangplank 59832				547	Sailing: Tear of the Soul
3050 3192 0	2305 3689 0	Board Gangplank 59832				1015	Sailing: Piscatoris bank
3050 3192 0	2310 3781 0	Board Gangplank 59832				1063	Sailing: Neitiznot
3050 3192 0	2411 3781 0	Board Gangplank 59832				1091	Sailing: Jatizso
3050 3192 0	2467 2718 0	Board Gangplank 59832				475	Sailing: Anglers' Retreat
3050 3192 0	1451 2969 0	Board Gangplank 59832				1014	Sailing: Aldarin
3050 3192 0	2532 2531 0	Board Gangplank 59832				494	Sailing: Isle of Bones
3050 3192 0	1513 2973 0	Board Gangplank 59832				985	Sailing: Sunset Coast
3050 3192 0	1506 3402 0	Board Gangplank 59832				1052	Sailing: Lands End
3050 3192 0	2542 3764 0	Board Gangplank 59832				1156	Sailing: Waterbirth Island
3050 3192 0	2579 2843 0	Board Gangplank 59832				392	Sailing: Corsair Cove
3050 3192 0	2612 3841 0	Board Gangplank 59832				1204	Sailing: Etceteria
3050 3192 0	2660 2392 0	Board Gangplank 59832				500	Sailing: Charred Island
3050 3192 0	2651 2677 0	Board Gangplank 59832				404	Sailing: Void Knights' Outpost
3050 3192 0	2685 3161 0	Board Gangplank 59832				302	Sailing: Port Khazard
3050 3192 0	2670 3266 0	Board Gangplank 59832				279	Sailing: Necromancer Tower
3050 3192 0	2629 3704 0	Board Gangplank 59832				1185	Sailing: Fremensund
3050 3192 0	2751 2951 0	Board Gangplank 59832				329	Sailing: Cairn Isle
3050 3192 0	2746 3304 0	Board Gangplank 59832				249	Sailing: Witchaven church
3050 3192 0	1726 3453 0	Board Gangplank 59832				955	Sailing: Charcoal Burners
3050 3192 0	1758 2655 0	Board Gangplank 59832				838	Sailing: The Crown Jewel
3050 3192 0	1776 3141 0	Board Gangplank 59832				909	Sailing: Fortis Cothon
3050 3192 0	2759 3229 0	Board Gangplank 59832				228	Sailing: North Brimhaven mine
3050 3192 0	2796 3413 0	Board Gangplank 59832				285	Sailing: Keep Le Faye
3050 3192 0	2878 3335 0	Board Gangplank 59832				221	Sailing: Entrana church
3050 3192 0	1844 3688 0	Board Gangplank 59832				1032	Sailing: Port Piscarilius
3050 3192 0	2860 3970 0	Board Gangplank 59832				1354	Sailing: Weiss
3050 3192 0	1873 2983 0	Board Gangplank 59832				793	Sailing: Vatrachos Island
3050 3192 0	2907 3225 0	Board Gangplank 59832				160	Sailing: Lone oak island
3050 3192 0	1892 3428 0	Board Gangplank 59832				893	Sailing: Chinchompa Island
3050 3192 0	2927 4055 0	Board Gangplank 59832				1405	Sailing: Grimstone
3050 3192 0	2996 2287 0	Board Gangplank 59832				484	Sailing: The Onyx Crest
3050 3192 0	2965 2608 0	Board Gangplank 59832				332	Sailing: 2965,2608
3050 3192 0	1958 3113 0	Board Gangplank 59832				768	Sailing: Minotaurs' Rest
3050 3192 0	2960 3146 0	Board Gangplank 59832				109	Sailing: Mudskipper Point
3050 3192 0	1953 4056 0	Board Gangplank 59832				1194	Sailing: Brittle Isle
3050 3192 0	3069 2986 0	Board Gangplank 59832				129	Sailing: The Pandemonium (ship)
