# Origin	Destination	menuOption menuTarget objectID	Skills	Items	Quests	Varbits	VarPlayers	Duration	Display info	Note	Meta
# Tutorial Island									
3097 3107 0	3098 3107 0	Open Door 9398						1	
3098 3107 0	3097 3107 0	Open Door 9398						1	
3090 3092 0	3089 3092 0	Open Gate 9470						1	
3089 3092 0	3090 3092 0	Open Gate 9470						1	
3090 3091 0	3089 3091 0	Open Gate 9708						1	
3089 3091 0	3090 3091 0	Open Gate 9708						1	
3079 3084 0	3078 3084 0	Open Door 9709						1	
3078 3084 0	3079 3084 0	Open Door 9709						1	
3073 3090 0	3072 3090 0	Open Door 9710						1	
3072 3090 0	3073 3090 0	Open Door 9710						1	
3086 3126 0	3086 3125 0	Open Door 9716						1	
3086 3125 0	3086 3126 0	Open Door 9716						1	
3084 3125 0	3084 3124 1	Climb-up Staircase 16671						1	
3084 3124 1	3083 3123 0	Climb-down Staircase 16673						1	
3084 3124 0	3084 3124 1	Climb-up Staircase 16671						1	
3083 3123 0	3084 3124 1	Climb-up Staircase 16671						1	
3088 3120 0	3088 9520 0	Climb-down Ladder 9726						2	
3088 9520 0	3088 3120 0	Climb-up Ladder 9725						2	
3094 9503 0	3095 9503 0	Open Gate 9717						1	
3095 9503 0	3094 9503 0	Open Gate 9717						1	
3094 9502 0	3095 9502 0	Open Gate 9718						1	
3095 9502 0	3094 9502 0	Open Gate 9718						1	
3111 9519 0	3110 9519 0	Open Gate 9720						1	
3110 9519 0	3111 9519 0	Open Gate 9720						1	
3111 9518 0	3110 9518 0	Open Gate 9719						1	
3110 9518 0	3111 9518 0	Open Gate 9719						1	
3111 9525 0	3111 3125 0	Climb-up Ladder 9727						2	
3111 3125 0	3111 9525 0	Climb-down Ladder 9728						2	
3112 9526 0	3112 3126 0	Climb-up Ladder 9727						2	
3112 3126 0	3112 9526 0	Climb-down Ladder 9728						2	
3111 9527 0	3111 3127 0	Climb-up Ladder 9727						2	
3111 3127 0	3111 9527 0	Climb-down Ladder 9728						2	
3110 9526 0	3110 3126 0	Climb-up Ladder 9727						2	
3110 3126 0	3110 9526 0	Climb-down Ladder 9728						2	
3116 3125 0	3116 3125 1	Climb-up Ladder 16683						2	
3116 3125 1	3116 3125 0	Climb-down Ladder 16679						2	
3117 3126 0	3117 3126 1	Climb-up Ladder 16683						2	
3117 3126 1	3117 3126 0	Climb-down Ladder 16679						2	
3116 3127 0	3116 3127 1	Climb-up Ladder 16683						2	
3116 3127 1	3116 3127 0	Climb-down Ladder 16679						2	
3115 3126 0	3115 3126 1	Climb-up Ladder 16683						2	
3115 3126 1	3115 3126 0	Climb-down Ladder 16679						2	
3123 3127 0	3123 3127 1	Climb-up Ladder 16683						2	
3123 3127 1	3123 3127 0	Climb-down Ladder 16679						2	
3124 3128 0	3124 3128 1	Climb-up Ladder 16683						2	
3124 3128 1	3124 3128 0	Climb-down Ladder 16679						2	
3123 3129 0	3123 3129 1	Climb-up Ladder 16683						2	
3123 3129 1	3123 3129 0	Climb-down Ladder 16679						2	
3122 3128 0	3122 3128 1	Climb-up Ladder 16683						2	
3122 3128 1	3122 3128 0	Climb-down Ladder 16679						2	
3124 3124 0	3125 3124 0	Open Door 9721						1	
3125 3124 0	3124 3124 0	Open Door 9721						1	
3129 3124 0	3130 3124 0	Open Door 9722						1	
3130 3124 0	3129 3124 0	Open Door 9722						1	
3117 3107 0	3117 3107 1	Climb-up Staircase 16671						1	
3117 3107 1	3116 3106 0	Climb-down Staircase 16673						1	
3116 3106 0	3117 3107 1	Climb-up Staircase 16671						1	
3122 3103 0	3122 3102 0	Open Door 9723						1	
3122 3102 0	3122 3103 0	Open Door 9723						1	
3139 3079 0	3139 3079 1	Climb-up Ladder 16683						2	
3139 3079 1	3139 3079 0	Climb-down Ladder 16679						2	
3140 3078 0	3140 3078 1	Climb-up Ladder 16683						2	
3140 3078 1	3140 3078 0	Climb-down Ladder 16679						2	
3139 3077 0	3139 3077 1	Climb-up Ladder 16683						2	
3139 3077 1	3139 3077 0	Climb-down Ladder 16679						2	
3138 3078 0	3138 3078 1	Climb-up Ladder 16683						2	
3138 3078 1	3138 3078 0	Climb-down Ladder 16679						2	
									
# Lumbridge									
3205 3228 0	3206 3229 1	Climb-up Staircase 16671						1	
3206 3229 1	3205 3228 0	Climb-down Staircase 16672						1	
3206 3229 0	3206 3229 1	Climb-up Staircase 16671						1	
3205 3228 1	3205 3228 0	Climb-down Staircase 16672						1	
3206 3229 1	3206 3229 2	Climb-up Staircase 16672						1	
3206 3229 2	3205 3228 1	Climb-down Staircase 16673						1	
3205 3228 1	3206 3229 2	Climb-up Staircase 16672						1	
3205 3209 1	3206 3208 0	Climb-down Staircase 16672						1	
3206 3208 0	3205 3209 1	Climb-up Staircase 16671						1	
3206 3208 1	3206 3208 0	Climb-down Staircase 16672						1	
3205 3209 0	3205 3209 1	Climb-up Staircase 16671						1	
3205 3209 1	3205 3209 2	Climb-up Staircase 16672						1	
3205 3209 2	3206 3208 1	Climb-down Staircase 16673						1	
3206 3208 1	3205 3209 2	Climb-up Staircase 16672						1	
3205 3228 0	3206 3229 2	Top-floor Staircase 56230						1	
3206 3229 0	3206 3229 2	Top-floor Staircase 56230						1	
3206 3229 2	3205 3228 0	Bottom-floor Staircase 56231						1	
3206 3208 0	3205 3209 2	Top-floor Staircase 56230						1	
3205 3209 0	3205 3209 2	Top-floor Staircase 56230						1	
3205 3209 2	3206 3208 0	Bottom-floor Staircase 56231						1	
3210 3216 0	3210 9616 0	Climb-down Trapdoor 14880							
3210 9616 0	3210 3216 0	Climb-up Ladder 17385						2	
3209 9617 0	3209 3217 0	Climb-up Ladder 17385						2	
3209 9615 0	3209 3215 0	Climb-up Ladder 17385						2	
3208 9616 0	3208 3216 0	Climb-up Ladder 17385						2	
3213 3221 0	3212 3221 0	Open Large door 12349						1	
3212 3221 0	3213 3221 0	Open Large door 12349						1	
3213 3222 0	3212 3222 0	Open Large door 12350						1	
3212 3222 0	3213 3222 0	Open Large door 12350						1	
3207 3218 0	3207 3217 0	Open Door 12348						1	
3207 3217 0	3207 3218 0	Open Door 12348						1	
3228 3213 0	3228 3213 1	Climb-up Ladder 16683						2	
3228 3213 1	3228 3213 0	Climb-down Ladder 16684						2	
3229 3214 0	3229 3214 1	Climb-up Ladder 16683						2	
3229 3214 1	3229 3214 0	Climb-down Ladder 16684						2	
3230 3213 0	3230 3213 1	Climb-up Ladder 16683						2	
3230 3213 1	3230 3213 0	Climb-down Ladder 16684						2	
3229 3212 0	3229 3212 1	Climb-up Ladder 16683						2	
3229 3212 1	3229 3212 0	Climb-down Ladder 16684						2	
3229 3212 1	3229 3212 2	Climb-up Ladder 16684						2	
3228 3213 2	3228 3213 1	Climb-down Ladder 16679						2	
3228 3213 1	3228 3213 2	Climb-up Ladder 16684						2	
3229 3214 2	3229 3214 1	Climb-down Ladder 16679						2	
3229 3214 1	3229 3214 2	Climb-up Ladder 16684						2	
3230 3213 2	3230 3213 1	Climb-down Ladder 16679						2	
3230 3213 1	3230 3213 2	Climb-up Ladder 16684						2	
3229 3212 2	3229 3212 1	Climb-down Ladder 16679						2	
3229 3225 2	3229 3225 1	Climb-down Ladder 16679						2	
3229 3225 1	3229 3225 2	Climb-up Ladder 16684						2	
3228 3224 2	3228 3224 1	Climb-down Ladder 16679						2	
3228 3224 1	3228 3224 2	Climb-up Ladder 16684						2	
3229 3223 2	3229 3223 1	Climb-down Ladder 16679						2	
3229 3223 1	3229 3223 2	Climb-up Ladder 16684						2	
3230 3224 2	3230 3224 1	Climb-down Ladder 16679						2	
3230 3224 1	3230 3224 2	Climb-up Ladder 16684						2	
3230 3224 1	3230 3224 0	Climb-down Ladder 16684						2	
3230 3224 0	3230 3224 1	Climb-up Ladder 16683						2	
3229 3223 0	3229 3223 1	Climb-up Ladder 16683						2	
3228 3224 0	3228 3224 1	Climb-up Ladder 16683						2	
3228 3224 1	3228 3224 0	Climb-down Ladder 16684						2	
3229 3223 1	3229 3223 0	Climb-down Ladder 16684						2	
3229 3225 0	3229 3225 1	Climb-up Ladder 16683						2	
3229 3225 1	3229 3225 0	Climb-down Ladder 16684						2	
3211 3243 1	3211 3243 0	Climb-down Ladder 16679						2	
3211 3243 0	3211 3243 1	Climb-up Ladder 16683						2	
3224 9604 0	3224 9600 0	Squeeze-through Hole 6912				538=1		4	
3224 9600 0	3224 9604 0	Squeeze-through Hole 6912				538=1		4	
									
# Lumbridge swamp									
3169 3171 0	3169 9571 0	Climb-down Dark hole 5947						2	
3169 9571 0	3169 3171 0	Climb Climbing rope 5946						2	
3168 3172 0	3168 9572 0	Climb-down Dark hole 5947						2	
3168 9572 0	3168 3172 0	Climb Climbing rope 5946						2	
3170 3172 0	3170 9572 0	Climb-down Dark hole 5947						2	
3170 9572 0	3170 3172 0	Climb Climbing rope 5946						2	
3169 3173 0	3167 9573 0	Climb-down Dark hole 5947						2	
									
# Lumbridge Swamp Caves									
3225 9542 0	3219 9532 2	Enter Tunnel 6659						2	
3226 9542 0	3219 9532 2	Enter Tunnel 6659						2	
3227 9542 0	3219 9532 2	Enter Tunnel 6659						2	
3218 9532 2	3226 9542 0	Enter Tunnel 6658						2	
3219 9532 2	3226 9542 0	Enter Tunnel 6658						2	
3220 9532 2	3226 9542 0	Enter Tunnel 6658						2	
									
# Tears of Guthix									
3239 9525 2	3241 9525 2	Climb Rocks 6673						4	
3241 9525 2	3239 9525 2	Climb Rocks 6673						4	
3239 9524 2	3241 9524 2	Climb Rocks 6673						4	
3241 9524 2	3239 9524 2	Climb Rocks 6673						4	
3238 9497 2	3240 9497 2	Climb Rocks 6672						4	
3238 9498 2	3240 9498 2	Climb Rocks 6672						4	
3238 9499 2	3240 9499 2	Climb Rocks 6672						4	
									
# Farm between Lumbridge and Draynor									
3197 3278 0	3197 3275 0	Climb-over Stile 12982						6	
3197 3275 0	3197 3278 0	Climb-over Stile 12982						6	
3198 3277 0	3197 3275 0	Climb-over Stile 12982						6	
3198 3276 0	3197 3278 0	Climb-over Stile 12982						6	
3196 3277 0	3197 3275 0	Climb-over Stile 12982						6	
3196 3276 0	3197 3278 0	Climb-over Stile 12982						6	
3164 3306 0	3164 3306 1	Climb-up Ladder 12964						2	
3164 3306 1	3164 3306 2	Climb-up Ladder 12965						2	
3164 3306 2	3164 3306 1	Climb-down Ladder 12966						2	
3165 3307 1	3165 3307 2	Climb-up Ladder 12965						2	
3165 3307 2	3165 3307 1	Climb-down Ladder 12966						2	
3165 3307 1	3165 3307 0	Climb-down Ladder 12965						2	
3165 3307 0	3165 3307 1	Climb-up Ladder 12964						2	
3164 3306 1	3164 3306 0	Climb-down Ladder 12965						2	
3140 3304 0	3140 3304 1	Climb-up Ladder 16683						2	
3140 3304 1	3140 3304 0	Climb-down Ladder 16679						2	
3141 3305 0	3141 3305 1	Climb-up Ladder 16683						2	
3141 3305 1	3141 3305 0	Climb-down Ladder 16679						2	
3140 3306 0	3140 3306 1	Climb-up Ladder 16683						2	
3140 3306 1	3140 3306 0	Climb-down Ladder 16679						2	
3139 3305 0	3139 3305 1	Climb-up Ladder 16683						2	
3139 3305 1	3139 3305 0	Climb-down Ladder 16679						2	
									
# Draynor Village									
3098 3267 0	3102 3266 1	Climb-up Staircase 15645						1	
3102 3266 1	3098 3266 0	Climb-down Staircase 15648						1	
3098 3266 0	3102 3266 1	Climb-up Staircase 15645						1	
3102 3267 1	3098 3266 0	Climb-down Staircase 15648						1	
3089 3251 0	3093 3251 1	Climb-up Staircase 16670						1	
3093 3251 1	3089 3251 0	Climb-down Staircase 16669						1	
									
# Draynor Sewers									
3085 9672 0	3085 3272 0	Climb-up Ladder 17385						2	
3084 9673 0	3084 3273 0	Climb-up Ladder 17385						2	
3083 9672 0	3083 3272 0	Climb-up Ladder 17385						2	
3084 9671 0	3084 3271 0	Climb-up Ladder 17385						2	
3085 3272 0	3085 9672 0	Climb-down Trapdoor 6435						1	
3084 3273 0	3084 9673 0	Climb-down Trapdoor 6435						1	
3083 3272 0	3083 9672 0	Climb-down Trapdoor 6435						1	
3084 3271 0	3084 9671 0	Climb-down Trapdoor 6435						1	
3118 3243 0	3118 9644 0	Climb-down Trapdoor 6435						1	
3117 3244 0	3118 9644 0	Climb-down Trapdoor 6435						1	
3119 3244 0	3118 9644 0	Climb-down Trapdoor 6435						1	
3118 3245 0	3118 9644 0	Climb-down Trapdoor 6435						1	
3119 9643 0	3118 3243 0	Climb-up Ladder 6436						2	
3118 9644 0	3118 3243 0	Climb-up Ladder 6436						2	
3117 9643 0	3118 3243 0	Climb-up Ladder 6436						2	
									
# Draynor Manor									
3115 3356 0	3077 9771 0	Walk-Down Stairs 2616						1	
3077 9771 0	3115 3356 0	Walk-Up Stairs 2617						1	
3116 3356 0	3077 9771 0	Walk-Down Stairs 2616						1	
3078 9771 0	3115 3356 0	Walk-Up Stairs 2617						1	
3076 9770 0	3115 3356 0	Walk-Up Stairs 2617						1	
3076 9769 0	3115 3356 0	Walk-Up Stairs 2617						1	
3076 9768 0	3115 3356 0	Walk-Up Stairs 2617						1	
3079 9770 0	3115 3356 0	Walk-Up Stairs 2617						1	
3079 9769 0	3115 3356 0	Walk-Up Stairs 2617						1	
3079 9768 0	3115 3356 0	Walk-Up Stairs 2617						1	
3123 3360 0	3123 3361 0	Open Door 136						1	
3123 3361 0	3123 3360 0	Open Door 136						1	
3109 3353 0	3109 3354 0	Open Large door 135						3	
3105 3364 2	3106 3363 1	Climb-down Staircase 9584						1	
3106 3363 1	3105 3364 2	Climb-up Staircase 11511						1	
3106 3362 1	3105 3364 2	Climb-up Staircase 11511						1	
3106 3362 2	3106 3361 2	Open Door 22						1	
3106 3361 2	3106 3362 2	Open Door 22						1	
3098 3359 0	3096 3359 0	Search Bookcase 156						3	
3092 3361 0	3117 9753 0	Climb-down Ladder 133						2	
3117 9753 0	3092 3361 0	Climb-up Ladder 132						2	
3098 3358 0	3096 3358 0	Search Bookcase 155						3	
3096 3357 0	3098 3358 0	Pull Lever 160						6	
3108 3353 0	3108 3354 0	Open Large door 134						3	
3097 3360 0	3096 3359 0	Search Bookcase 156						3	
3097 3357 0	3096 3358 0	Search Bookcase 155						3	
3108 3361 0	3108 3366 1	Climb-up Staircase 11498						1	
3108 3366 1	3108 3361 0	Climb-down Staircase 11499						1	
3109 3361 0	3109 3366 1	Climb-up Staircase 11498						1	
3109 3366 1	3109 3361 0	Climb-down Staircase 11499						1	
									
# South Falador Farm									
3045 3305 0	3042 3305 0	Climb-over Stile 7527						6	
3042 3305 0	3045 3305 0	Climb-over Stile 7527						6	
3043 3306 0	3045 3305 0	Climb-over Stile 7527						6	
3044 3306 0	3042 3305 0	Climb-over Stile 7527						6	
3043 3304 0	3045 3305 0	Climb-over Stile 7527						6	
3063 3281 0	3063 3284 0	Climb-over Stile 7527						6	
3064 3283 0	3063 3281 0	Climb-over Stile 7527						6	
3064 3282 0	3063 3284 0	Climb-over Stile 7527						6	
3063 3284 0	3063 3281 0	Climb-over Stile 7527						6	
3062 3282 0	3063 3284 0	Climb-over Stile 7527						6	
3062 3283 0	3063 3281 0	Climb-over Stile 7527						6	
									
# Falador									
3054 3382 0	3065 9951 0	Climb-down Staircase 24249						1	
3065 9951 0	3053 3382 0	Leave Old passageway 31892							
3053 3382 0	3065 9951 0	Climb-down Staircase 24249						1	
3065 9952 0	3053 3382 0	Leave Old passageway 31892							
3014 9952 0	3038 3382 0	Leave Old passageway 31892							
3038 3382 0	3014 9951 0	Climb-down Staircase 24248						1	
3014 9951 0	3038 3382 0	Leave Old passageway 31892							
3037 3382 0	3014 9951 0	Climb-down Staircase 24248						1	
3038 3382 0	3039 3383 1	Climb-up Staircase 24248						1	
3039 3383 1	3037 3382 0	Climb-down Staircase 24252						1	
3037 3382 0	3039 3383 1	Climb-up Staircase 24248						1	
3052 3383 1	3054 3382 0	Climb-down Staircase 24254						1	
3052 3373 1	3053 3374 2	Climb-up Staircase 24251						1	
3053 3374 2	3052 3372 1	Climb-down Staircase 24255						1	
3052 3372 1	3053 3374 2	Climb-up Staircase 24251						1	
3038 3374 2	3039 3372 1	Climb-down Staircase 24253						1	
3039 3372 1	3038 3374 2	Climb-up Staircase 24250						1	
3039 3373 1	3038 3374 2	Climb-up Staircase 24250						1	
3054 3382 0	3052 3383 1	Climb-up Staircase 24249						1	
3053 3382 0	3052 3383 1	Climb-up Staircase 24249						1	
3035 3364 1	3036 3363 0	Climb-down Staircase 24076						1	
3036 3363 0	3035 3364 1	Climb-up Staircase 24075						1	
3036 3362 0	3035 3364 1	Climb-up Staircase 24075						1	
3045 3362 0	3045 3366 1	Climb-up Staircase 24079						1	
3045 3366 1	3045 3362 0	Climb-down Staircase 24080						1	
3046 3362 0	3046 3366 1	Climb-up Staircase 24079						1	
3046 3366 1	3046 3362 0	Climb-down Staircase 24080						1	
3049 3354 1	3050 3353 0	Climb-down Staircase 24076						1	
3050 3353 0	3049 3354 1	Climb-up Staircase 24075						1	
3050 3352 0	3049 3354 1	Climb-up Staircase 24075						1	
3050 3356 1	3050 3354 2	Climb-up Ladder 24082						2	
3050 3354 2	3050 3356 1	Climb-down Ladder 24084						2	
3035 3345 1	3035 3345 0	Climb-down Ladder 24085						2	
3035 3345 0	3035 3345 1	Climb-up Ladder 24082						2	
3027 3354 0	3027 3352 1	Climb-up Ladder 24082						2	
3027 3352 1	3027 3354 0	Climb-down Ladder 24084						2	
3010 3338 0	3011 3337 1	Climb-up Staircase 24072						1	
3010 3339 0	3011 3337 1	Climb-up Staircase 24072						1	
3011 3337 1	3010 3338 0	Climb-down Staircase 24074						1	
3020 3333 0	3024 3333 1	Climb-up Staircase 24077						1	
3024 3333 1	3020 3333 0	Climb-down Staircase 24078						1	
3020 3332 0	3024 3332 1	Climb-up Staircase 24077						1	
3024 3332 1	3020 3332 0	Climb-down Staircase 24078						1	
3017 3344 0	3021 3344 1	Climb-up Staircase 24077						1	
3021 3344 1	3017 3344 0	Climb-down Staircase 24078						1	
3017 3343 0	3021 3343 1	Climb-up Staircase 24077						1	
3021 3343 1	3017 3343 0	Climb-down Staircase 24078						1	
2971 3369 0	2971 3373 1	Climb-up Staircase 24079						1	
2971 3373 1	2971 3369 0	Climb-down Staircase 24080						1	
2972 3369 0	2972 3373 1	Climb-up Staircase 24079						1	
2972 3373 1	2972 3369 0	Climb-down Staircase 24080						1	
2959 3368 0	2959 3372 1	Climb-up Staircase 24079						1	
2959 3372 1	2959 3368 0	Climb-down Staircase 24080						1	
2960 3368 0	2960 3372 1	Climb-up Staircase 24079						1	
2960 3372 1	2960 3368 0	Climb-down Staircase 24080						1	
2946 3379 0	2946 3377 1	Climb-up Ladder 24082						2	
2946 3377 1	2946 3379 0	Climb-down Ladder 24084						2	
2971 3347 0	2968 3348 1	Climb-up Staircase 24067						1	
2968 3348 1	2971 3347 0	Climb-down Staircase 24068						1	
2983 3350 1	2983 3350 0	Climb-down Ladder 24071						2	
2983 3350 0	2983 3350 1	Climb-up Ladder 24070						2	
2983 3353 1	2983 3353 2	Climb-up Ladder 24070						2	
2983 3353 2	2983 3353 1	Climb-down Ladder 24071						2	
2983 3350 2	2983 3350 3	Climb-up Ladder 24070						2	
2983 3350 3	2983 3350 2	Climb-down Ladder 24071						2	
2993 3341 1	2993 3341 0	Climb-down Ladder 24071						2	
2993 3341 0	2993 3341 1	Climb-up Ladder 24070						2	
2995 3341 1	2995 3341 2	Climb-up Ladder 24070						2	
2995 3341 2	2995 3341 1	Climb-down Ladder 24071						2	
2995 3341 2	2995 3341 3	Climb-up Ladder 24070						2	
2995 3341 3	2995 3341 2	Climb-down Ladder 24071						2	
2955 3337 0	2956 3338 1	Climb-up Staircase 24072						1	
2956 3338 1	2955 3337 0	Climb-down Staircase 24074						1	
2959 3339 2	2960 3340 1	Climb-down Staircase 24074						1	
2960 3340 1	2959 3339 2	Climb-up Staircase 24072						1	
2961 3340 1	2959 3339 2	Climb-up Staircase 24072						1	
2959 3338 3	2958 3337 2	Climb-down Staircase 24074						1	
2958 3337 2	2959 3338 3	Climb-up Staircase 24072						1	
2957 3337 2	2959 3338 3	Climb-up Staircase 24072						1	
2984 3340 2	2984 3336 1	Climb-down Staircase 24078						1	
2984 3336 1	2984 3340 2	Climb-up Staircase 24077						1	
2985 3340 2	2985 3336 1	Climb-down Staircase 24078						1	
2985 3336 1	2985 3340 2	Climb-up Staircase 24077						1	
2954 3390 0	2954 3388 1	Climb-up Ladder 24083						2	
2954 3388 1	2954 3390 0	Climb-down Ladder 24084						2	
2955 3390 1	2953 3390 2	Climb-up Ladder 24082						2	
2953 3390 2	2955 3390 1	Climb-down Ladder 24084						2	
2954 3388 2	2954 3390 3	Climb-up Ladder 24082						2	
2954 3390 3	2954 3388 2	Climb-down Ladder 24084						2	
2973 3386 0	2972 3385 1	Climb-up Staircase 24075						1	
2972 3385 1	2973 3386 0	Climb-down Staircase 24076						1	
2974 3386 0	2972 3385 1	Climb-up Staircase 24075						1	
									
# Makeover Mage									
2916 3323 0	2916 3323 1	Climb-up Ladder 9558						2	
2916 3323 1	2916 3323 0	Climb-down Ladder 9559						2	
									
# Dark Wizards' Tower									
2909 3335 0	2908 3336 1	Climb-up Staircase 11888						1	
2908 3336 1	2909 3335 0	Climb-down Staircase 11889						1	
2909 3334 0	2908 3336 1	Climb-up Staircase 11888						1	
2908 3336 1	2908 3336 2	Climb-up Staircase 11889						1	
2908 3336 2	2908 3336 1	Climb-down Staircase 11890						1	
									
# Ferox Enclave									
3140 3637 0	3137 3637 1	Climb Stairs 39643						1	
3137 3637 1	3140 3637 0	Climb Stairs 39650						1	
3140 3636 0	3137 3636 1	Climb Stairs 39643						1	
3137 3636 1	3140 3636 0	Climb Stairs 39650						1	
3143 3637 0	3146 3637 1	Climb Stairs 39643						1	
3146 3637 1	3143 3637 0	Climb Stairs 39650						1	
3143 3636 0	3146 3636 1	Climb Stairs 39643						1	
3146 3636 1	3143 3636 0	Climb Stairs 39650						1	
3142 3634 1	3142 3637 2	Climb Stairs 39643						1	
3142 3637 2	3142 3634 1	Climb Stairs 39650						1	
3141 3634 1	3141 3637 2	Climb Stairs 39643						1	
3141 3637 2	3141 3634 1	Climb Stairs 39650						1	
3126 3639 0	3126 3639 1	Climb-up Ladder 14745						2	
3126 3639 1	3126 3639 0	Climb-down Ladder 14746						2	
3129 3639 1	3129 3639 2	Climb-up Ladder 14745						2	
3129 3639 2	3129 3639 1	Climb-down Ladder 14746						2	
3129 3633 2	3129 3633 1	Climb-down Ladder 14746						2	
3129 3633 1	3129 3633 2	Climb-up Ladder 14745						2	
3126 3633 1	3126 3633 0	Climb-down Ladder 14746						2	
3126 3633 0	3126 3633 1	Climb-up Ladder 14745						2	
3127 3625 2	3127 3625 1	Climb-down Ladder 14746						2	
3127 3625 1	3127 3625 2	Climb-up Ladder 14745						2	
3127 3618 1	3127 3618 2	Climb-up Ladder 14745						2	
3127 3618 2	3127 3618 1	Climb-down Ladder 14746						2	
3131 3622 1	3134 3622 0	Climb Stairs 39650						1	
3134 3622 0	3131 3622 1	Climb Stairs 39643						1	
3131 3621 1	3134 3621 0	Climb Stairs 39650						1	
3134 3621 0	3131 3621 1	Climb Stairs 39643						1	
3135 3622 0	3138 3622 1	Climb Stairs 39643						1	
3138 3622 1	3135 3622 0	Climb Stairs 39650						1	
3135 3621 0	3138 3621 1	Climb Stairs 39643						1	
3138 3621 1	3135 3621 0	Climb Stairs 39650						1	
3142 3618 1	3142 3618 2	Climb-up Ladder 14745						2	
3142 3618 2	3142 3618 1	Climb-down Ladder 14746						2	
3142 3625 1	3142 3625 2	Climb-up Ladder 14745						2	
3142 3625 2	3142 3625 1	Climb-down Ladder 14746						2	
3152 3644 0	3164 10043 0	Walk-down Stairs 39647							
3164 10044 0	3152 3644 0	Exit Opening 39648							
3152 3643 0	3164 10043 0	Walk-down Stairs 39647							
3164 10043 0	3152 3644 0	Exit Opening 39648							
3164 10042 0	3152 3644 0	Exit Opening 39648							
3154 3635 0	3155 3635 0	Pass-Through Barrier 39653						2	
3155 3635 0	3154 3635 0	Pass-Through Barrier 39653						2	
3154 3634 0	3155 3634 0	Pass-Through Barrier 39652						2	
3155 3634 0	3154 3634 0	Pass-Through Barrier 39652						2	
3135 3617 0	3135 3616 0	Pass-Through Barrier 39653						2	
3135 3616 0	3135 3617 0	Pass-Through Barrier 39653						2	
3134 3616 0	3134 3617 0	Pass-Through Barrier 39652						2	
3134 3617 0	3134 3616 0	Pass-Through Barrier 39652						2	
3123 3629 0	3122 3629 0	Pass-Through Barrier 39652						2	
3122 3629 0	3123 3629 0	Pass-Through Barrier 39652						2	
3123 3628 0	3122 3628 0	Pass-Through Barrier 39653						2	
3122 3628 0	3123 3628 0	Pass-Through Barrier 39653						2	
3135 3639 0	3135 3640 0	Pass-Through Barrier 39652						2	
3135 3640 0	3135 3639 0	Pass-Through Barrier 39652						2	
3134 3639 0	3134 3640 0	Pass-Through Barrier 39653						2	
3134 3640 0	3134 3639 0	Pass-Through Barrier 39653						2	
									
# Clan Wars (Free-for-all)									
3371 4810 0	3371 4810 1	Climb-up Ladder 16683						2	
3371 4810 1	3371 4810 0	Climb-down Ladder 16679						2	
3371 4808 1	3371 4808 0	Climb-down Ladder 16679						2	
3371 4808 0	3371 4808 1	Climb-up Ladder 16683						2	
3369 4826 1	3369 4826 0	Climb-down Ladder 16679						2	
3369 4826 0	3369 4826 1	Climb-up Ladder 16683						2	
3367 4826 1	3367 4826 0	Climb-down Ladder 16679						2	
3367 4826 0	3367 4826 1	Climb-up Ladder 16683						2	
									
# Skavid Caves									
2562 3024 0	2523 3070 0	Enter Cave entrance 2805		SKAVID_MAP=0					
2523 3070 0	2540 3055 0	Enter Cave entrance 2806		SKAVID_MAP=0					
2540 3054 0	2553 3055 0	Enter Cave entrance 2807		SKAVID_MAP=0					
2553 3054 0	2552 3034 0	Enter Cave entrance 2808		SKAVID_MAP=0					
2552 3034 0	2563 3024 0	Enter Cave entrance 2809		SKAVID_MAP=0					
2562 3023 0	2523 3070 0	Enter Cave entrance 2805		SKAVID_MAP=0					
2524 3070 0	2540 3055 0	Enter Cave entrance 2806		SKAVID_MAP=0					
2541 3054 0	2553 3055 0	Enter Cave entrance 2807		SKAVID_MAP=0					
2551 3053 0	2552 3034 0	Enter Cave entrance 2808		SKAVID_MAP=0					
2552 3035 0	2563 3024 0	Enter Cave entrance 2809		SKAVID_MAP=0					
2561 3021 0	2523 3070 0	Enter Cave entrance 2805		SKAVID_MAP=0					
2522 3070 0	2540 3055 0	Enter Cave entrance 2806		SKAVID_MAP=0					
2539 3054 0	2553 3055 0	Enter Cave entrance 2807		SKAVID_MAP=0					
2552 3054 0	2552 3034 0	Enter Cave entrance 2808		SKAVID_MAP=0					
2552 3033 0	2563 3024 0	Enter Cave entrance 2809		SKAVID_MAP=0					
2562 3025 0	2523 3070 0	Enter Cave entrance 2805		SKAVID_MAP=0					
2542 3054 0	2553 3055 0	Enter Cave entrance 2807		SKAVID_MAP=0					
2562 3022 0	2523 3070 0	Enter Cave entrance 2805		SKAVID_MAP=0					
2525 3070 0	2540 3055 0	Enter Cave entrance 2806		SKAVID_MAP=0					
2561 3026 0	2523 3070 0	Enter Cave entrance 2805		SKAVID_MAP=0					
2560 3026 0	2523 3070 0	Enter Cave entrance 2805		SKAVID_MAP=0					
2560 3021 0	2523 3070 0	Enter Cave entrance 2805		SKAVID_MAP=0					
									
# Skavid Caves Island									
2500 2988 0	2576 3029 0	Enter Cave entrance 2811							
2576 3029 0	2500 2988 0	Climb-down Ladder 2812						2	
2499 2988 0	2576 3029 0	Enter Cave entrance 2811							
2575 3028 0	2500 2988 0	Climb-down Ladder 2812						2	
2501 2989 0	2576 3029 0	Enter Cave entrance 2811							
2575 3030 0	2500 2988 0	Climb-down Ladder 2812						2	
2498 2989 0	2576 3029 0	Enter Cave entrance 2811							
2574 3029 0	2500 2988 0	Climb-down Ladder 2812						2	
									
# Yanille									
2537 3095 0	2537 3099 1	Climb-up Staircase 15646						1	
2537 3099 1	2537 3095 0	Climb-down Staircase 15648						1	
2538 3095 0	2538 3099 1	Climb-up Staircase 15646						1	
2538 3099 1	2537 3095 0	Climb-down Staircase 15648						1	
2538 3088 0	2538 3084 1	Climb-up Staircase 15646						1	
2538 3084 1	2537 3088 0	Climb-down Staircase 15648						1	
2537 3088 0	2537 3084 1	Climb-up Staircase 15646						1	
2537 3084 1	2537 3088 0	Climb-down Staircase 15648						1	
2555 3081 0	2555 3081 1	Climb-up Ladder 16683						2	
2555 3081 1	2555 3081 0	Climb-down Ladder 16679						2	
2556 3082 0	2556 3082 1	Climb-up Ladder 16683						2	
2556 3082 1	2556 3082 0	Climb-down Ladder 16679						2	
2557 3081 0	2557 3081 1	Climb-up Ladder 16683						2	
2557 3081 1	2557 3081 0	Climb-down Ladder 16679						2	
2556 3080 0	2556 3080 1	Climb-up Ladder 16683						2	
2556 3080 1	2556 3080 0	Climb-down Ladder 16679						2	
2606 3079 0	2601 9478 0	Climb-down Staircase 16664						1	
2602 9478 0	2606 3078 0	Climb-up Staircase 16665						1	
2606 3078 0	2601 9478 0	Climb-down Staircase 16664						1	
2602 9479 0	2606 3078 0	Climb-up Staircase 16665						1	
2597 3106 0	2597 3106 1	Climb-up Ladder 16683						2	
2597 3106 1	2597 3106 0	Climb-down Ladder 16681						2	
2598 3107 0	2598 3107 1	Climb-up Ladder 16683						2	
2598 3107 1	2598 3107 0	Climb-down Ladder 16681						2	
2597 3108 0	2597 3108 1	Climb-up Ladder 16683						2	
2597 3108 1	2597 3108 0	Climb-down Ladder 16681						2	
2596 3107 0	2596 3107 1	Climb-up Ladder 16683						2	
2596 3107 1	2596 3107 0	Climb-down Ladder 16681						2	
2620 9496 0	2620 9566 0	Climb-down Staircase 15656						1	
2621 9496 0	2620 9566 0	Climb-down Staircase 15656						1	
2620 9565 0	2621 9496 0	Climb-up Staircase 15657						1	
2621 9565 0	2621 9496 0	Climb-up Staircase 15657						1	
2601 9481 0	2601 9482 0	Pick-lock Door 11728	82 Thieving	1523=1				10	
2601 9482 0	2601 9481 0	Pick-lock Door 11728	82 Thieving	1523=1				10	
2597 3087 0	2596 3087 0	Open Magic guild door 1732	66 Magic					1	
2596 3087 0	2597 3087 0	Open Magic guild door 1732						1	
2597 3088 0	2596 3088 0	Open Magic guild door 1733	66 Magic					1	
2596 3088 0	2597 3088 0	Open Magic guild door 1733						1	
2584 3087 0	2585 3087 0	Open Magic guild door 1733	66 Magic					1	
2585 3087 0	2584 3087 0	Open Magic guild door 1733						1	
2584 3088 0	2585 3088 0	Open Magic guild door 1732	66 Magic					1	
2585 3088 0	2584 3088 0	Open Magic guild door 1732						1	
									
# Hazelmere Island									
2677 3088 1	2677 3088 0	Climb-down Ladder 16679						2	
2677 3088 0	2677 3088 1	Climb-up Ladder 16683						2	
2676 3087 1	2676 3087 0	Climb-down Ladder 16679						2	
2676 3087 0	2676 3087 1	Climb-up Ladder 16683						2	
2677 3086 1	2677 3086 0	Climb-down Ladder 16679						2	
2677 3086 0	2677 3086 1	Climb-up Ladder 16683						2	
2678 3087 1	2678 3087 0	Climb-down Ladder 16679						2	
2678 3087 0	2678 3087 1	Climb-up Ladder 16683						2	
									
# Ardougne Monastery									
2615 3209 0	2618 3208 1	Climb-up Staircase 16671						1	
2618 3208 1	2617 3207 0	Climb-down Staircase 16673						1	
2617 3207 0	2618 3208 1	Climb-up Staircase 16671						1	
2616 3207 0	2618 3208 1	Climb-up Staircase 16671						1	
2615 3208 0	2618 3208 1	Climb-up Staircase 16671						1	
2618 3208 0	2618 3208 1	Climb-up Staircase 16671						1	
2618 3209 0	2618 3208 1	Climb-up Staircase 16671						1	
2616 3210 0	2618 3208 1	Climb-up Staircase 16671						1	
2617 3210 0	2618 3208 1	Climb-up Staircase 16671						1	
2597 3209 0	2597 3208 1	Climb-up Staircase 16671						1	
2597 3208 1	2596 3207 0	Climb-down Staircase 16673						1	
2597 3208 0	2597 3208 1	Climb-up Staircase 16671						1	
2596 3207 0	2597 3208 1	Climb-up Staircase 16671						1	
2595 3207 0	2597 3208 1	Climb-up Staircase 16671						1	
2594 3208 0	2597 3208 1	Climb-up Staircase 16671						1	
2594 3209 0	2597 3208 1	Climb-up Staircase 16671						1	
2595 3210 0	2597 3208 1	Climb-up Staircase 16671						1	
2596 3210 0	2597 3208 1	Climb-up Staircase 16671						1	
									
# Ardougne Sewers									
2587 3237 0	2570 9682 0	Enter Cave entrance 2852							
2570 9682 0	2587 3237 0	Climb-up Stairs 2853							
2586 3237 0	2570 9682 0	Enter Cave entrance 2852							
2571 9682 0	2587 3237 0	Climb-up Stairs 2853							
2589 3236 0	2570 9682 0	Enter Cave entrance 2852							
2588 3237 0	2570 9682 0	Enter Cave entrance 2852							
2569 9683 0	2587 3237 0	Climb-up Stairs 2853							
2584 3236 0	2570 9682 0	Enter Cave entrance 2852							
2569 9684 0	2587 3237 0	Climb-up Stairs 2853							
2584 3235 0	2570 9682 0	Enter Cave entrance 2852							
2569 9685 0	2587 3237 0	Climb-up Stairs 2853							
2584 3234 0	2570 9682 0	Enter Cave entrance 2852							
2589 3235 0	2570 9682 0	Enter Cave entrance 2852							
2589 3234 0	2570 9682 0	Enter Cave entrance 2852							
2588 3232 0	2570 9682 0	Enter Cave entrance 2852							
2587 3232 0	2570 9682 0	Enter Cave entrance 2852							
2586 3232 0	2570 9682 0	Enter Cave entrance 2852							
2585 3232 0	2570 9682 0	Enter Cave entrance 2852							
2584 3233 0	2570 9682 0	Enter Cave entrance 2852							
									
# East Ardougne									
2571 3298 0	2571 3294 1	Climb-up Staircase 15645						1	
2571 3294 1	2571 3298 0	Climb-down Staircase 15648						1	
2572 3298 0	2571 3294 1	Climb-up Staircase 15645						1	
2572 3294 1	2571 3298 0	Climb-down Staircase 15648						1	
2610 3307 0	2610 3307 1	Climb-up Ladder 16683						2	
2610 3307 1	2610 3307 2	Climb-up Ladder 16684						2	
2610 3307 2	2610 3307 3	Climb-up Ladder 16684						2	
2610 3307 3	2610 3307 2	Climb-down Ladder 16679						2	
2610 3307 2	2610 3307 1	Climb-down Ladder 16684						2	
2611 3306 0	2611 3306 1	Climb-up Ladder 16683						2	
2611 3306 1	2611 3306 2	Climb-up Ladder 16684						2	
2611 3306 2	2611 3306 3	Climb-up Ladder 16684						2	
2611 3306 3	2611 3306 2	Climb-down Ladder 16679						2	
2611 3306 2	2611 3306 1	Climb-down Ladder 16684						2	
2611 3306 1	2611 3306 0	Climb-down Ladder 16684						2	
2610 3307 1	2610 3307 0	Climb-down Ladder 16684						2	
2609 3306 0	2609 3306 1	Climb-up Ladder 16683						2	
2609 3306 1	2609 3306 2	Climb-up Ladder 16684						2	
2609 3306 2	2609 3306 1	Climb-down Ladder 16684						2	
2609 3306 1	2609 3306 0	Climb-down Ladder 16684						2	
2610 3305 0	2610 3305 1	Climb-up Ladder 16683						2	
2610 3305 1	2610 3305 0	Climb-down Ladder 16684						2	
2610 3305 1	2610 3305 2	Climb-up Ladder 16684						2	
2610 3305 2	2610 3305 3	Climb-up Ladder 16684						2	
2610 3305 3	2610 3305 2	Climb-down Ladder 16679						2	
2609 3306 2	2609 3306 3	Climb-up Ladder 16684						2	
2609 3306 3	2609 3306 2	Climb-down Ladder 16679						2	
2610 3305 2	2610 3305 1	Climb-down Ladder 16684						2	
2665 3321 1	2661 3321 0	Climb-down Staircase 15648						1	
2661 3321 0	2665 3321 1	Climb-up Staircase 15645						1	
2665 3322 1	2661 3321 0	Climb-down Staircase 15648						1	
2661 3322 0	2665 3321 1	Climb-up Staircase 15645						1	
2655 3321 0	2655 3321 1	Climb-up Ladder 17026						2	
2655 3321 1	2655 3321 0	Climb-down Ladder 16685						2	
2662 3294 0	2661 3291 1	Climb-up Staircase 16668						1	
2661 3291 1	2662 3294 0	Climb-down Staircase 16667						1	
2648 3301 1	2645 3302 0	Climb-down Staircase 16667						1	
2645 3302 0	2648 3301 1	Climb-up Staircase 16668						1	
2649 3312 1	2650 3311 0	Climb-down Staircase 16673						1	
2650 3311 0	2649 3312 1	Climb-up Staircase 16671						1	
2649 3312 0	2649 3312 1	Climb-up Staircase 16671						1	
2648 3312 0	2649 3312 1	Climb-up Staircase 16671						1	
2650 3310 0	2649 3312 1	Climb-up Staircase 16671						1	
2649 3296 1	2648 3293 0	Climb-down Staircase 16667						1	
2648 3293 0	2649 3296 1	Climb-up Staircase 16668						1	
2617 3324 0	2617 3324 1	Climb-up Ladder 16683						2	
2617 3324 1	2617 3324 0	Climb-down Ladder 16679						2	
2616 3323 0	2616 3323 1	Climb-up Ladder 16683						2	
2616 3323 1	2616 3323 0	Climb-down Ladder 16679						2	
2651 3286 0	2651 3286 1	Climb-up Ladder 16683						2	
2651 3286 1	2651 3286 0	Climb-down Ladder 16679						2	
2650 3287 0	2650 3287 1	Climb-up Ladder 16683						2	
2650 3287 1	2650 3287 0	Climb-down Ladder 16679						2	
2650 3285 0	2650 3285 1	Climb-up Ladder 16683						2	
2650 3285 1	2650 3285 0	Climb-down Ladder 16679						2	
2649 3287 1	2649 3287 2	Climb-up Ladder 17026						2	
2649 3287 2	2649 3287 1	Climb-down Ladder 16685						2	
2651 3281 0	2651 3281 1	Climb-up Ladder 16683						2	
2651 3281 1	2651 3281 0	Climb-down Ladder 16679						2	
2650 3280 0	2650 3280 1	Climb-up Ladder 16683						2	
2650 3280 1	2650 3280 0	Climb-down Ladder 16679						2	
2650 3282 0	2650 3282 1	Climb-up Ladder 16683						2	
2650 3282 1	2650 3282 0	Climb-down Ladder 16679						2	
2649 3282 1	2649 3282 2	Climb-up Ladder 17026						2	
2649 3282 2	2649 3282 1	Climb-down Ladder 16685						2	
2683 3271 0	2683 3268 1	Cross Gangplank 2085						3	
2683 3268 1	2683 3271 0	Cross Gangplank 2086						3	
2622 3291 0	2622 3291 1	Climb-up Ladder 17026						2	
2622 3291 1	2622 3291 0	Climb-down Ladder 16685						2	
2592 3339 0	2592 3338 0	Open Door 2054						1	
2592 3338 0	2592 3339 0	Open Door 2054						1	
2590 3334 0	2594 3334 1	Climb-up Staircase 15645						1	
2594 3334 1	2590 3334 0	Climb-down Staircase 15648						1	
2590 3335 0	2594 3334 1	Climb-up Staircase 15645						1	
2594 3335 1	2590 3334 0	Climb-down Staircase 15648						1	
2574 3332 0	2578 3332 1	Climb-up Staircase 15649						1	
2578 3332 1	2574 3332 0	Climb-down Staircase 15650						1	
2574 3331 0	2578 3331 1	Climb-up Staircase 15649						1	
2578 3331 1	2574 3331 0	Climb-down Staircase 15650						1	
2572 3324 0	2574 3325 1	Climb-up Staircase 16671						1	
2574 3325 1	2573 3324 0	Climb-down Staircase 16673						1	
2573 3324 0	2574 3325 1	Climb-up Staircase 16671						1	
2574 3325 0	2574 3325 1	Climb-up Staircase 16671						1	
2566 3321 1	2565 3322 0	Climb-down Staircase 16673						1	
2565 3322 0	2566 3321 1	Climb-up Staircase 16671						1	
2565 3323 0	2566 3321 1	Climb-up Staircase 16671						1	
2566 3321 0	2566 3321 1	Climb-up Staircase 16671						1	
2567 3321 0	2566 3321 1	Climb-up Staircase 16671						1	
2568 3322 0	2566 3321 1	Climb-up Staircase 16671						1	
2568 3323 0	2566 3321 1	Climb-up Staircase 16671						1	
2567 3324 0	2566 3321 1	Climb-up Staircase 16671						1	
2664 3333 0	2664 3333 1	Climb-up Ladder 16683						2	
2664 3333 1	2664 3333 0	Climb-down Ladder 16679						2	
2665 3334 0	2665 3334 1	Climb-up Ladder 16683						2	
2665 3334 1	2665 3334 0	Climb-down Ladder 16679						2	
2664 3335 0	2664 3335 1	Climb-up Ladder 16683						2	
2664 3335 1	2664 3335 0	Climb-down Ladder 16679						2	
2663 3334 0	2663 3334 1	Climb-up Ladder 16683						2	
2663 3334 1	2663 3334 0	Climb-down Ladder 16679						2	
2665 3291 0	2665 3291 1	Climb-up Ladder 16683						2	
2665 3291 1	2665 3291 0	Climb-down Ladder 16679						2	
2666 3290 0	2666 3290 1	Climb-up Ladder 16683						2	
2666 3290 1	2666 3290 0	Climb-down Ladder 16679						2	
2569 3271 0	2568 3267 1	Climb-up Staircase 15645						1	
2568 3267 1	2568 3271 0	Climb-down Staircase 15648						1	
2568 3271 0	2568 3267 1	Climb-up Staircase 15645						1	
2569 3267 1	2568 3271 0	Climb-down Staircase 15648						1	
2570 3268 0	2570 9668 0	Climb-down Ladder 17384						2	
2570 9668 0	2570 3268 0	Climb-up Ladder 17385						2	
2571 3267 0	2571 9667 0	Climb-down Ladder 17384						2	
2571 9667 0	2571 3267 0	Climb-up Ladder 17385						2	
									
# West Ardougne									
2559 3300 0	2556 3300 0	Open Ardougne Wall Door 8739							
2556 3300 0	2559 3300 0	Open Ardougne Wall Door 8738							
2559 3299 0	2556 3299 0	Open Ardougne Wall Door 8738							
2556 3299 0	2559 3299 0	Open Ardougne Wall Door 8739							
2542 3331 0	2541 3331 0	Squeeze-through Fence 2068							
2541 3331 0	2542 3331 0	Squeeze-through Fence 2068							
2531 3328 0	2531 3329 0	Open Door 2537						1	
2531 3329 0	2531 3328 0	Open Door 2537						1	
2528 3331 0	2527 3331 1	Walk-up Stairs 2539							
2527 3331 1	2527 3331 0	Walk-down Stairs 2540							
2527 3331 0	2527 3331 1	Walk-up Stairs 2539							
2530 3320 0	2529 3317 1	Climb-up Staircase 16668						1	
2529 3317 1	2530 3320 0	Climb-down Staircase 16667						1	
2527 3317 1	2527 3313 2	Climb-up Staircase 15653						1	
2527 3313 2	2527 3317 1	Climb-down Staircase 15654						1	
2528 3317 1	2527 3313 2	Climb-up Staircase 15653						1	
2528 3313 2	2527 3317 1	Climb-down Staircase 15654						1	
2524 3313 1	2523 3317 0	Climb-down Staircase 15654						1	
2523 3317 0	2523 3313 1	Climb-up Staircase 15653						1	
2523 3313 1	2523 3317 0	Climb-down Staircase 15654						1	
2524 3317 0	2523 3313 1	Climb-up Staircase 15653						1	
2530 3314 0	2529 3314 0	Open Door 2528						1	
2529 3314 0	2530 3314 0	Open Door 2528						1	
2526 3290 0	2527 3293 1	Climb-up Staircase 16668						1	
2527 3293 1	2526 3290 0	Climb-down Staircase 16667						1	
2530 3294 0	2531 3293 1	Climb-up Staircase 16671						1	
2531 3293 1	2530 3294 0	Climb-down Staircase 16673						1	
2530 3295 0	2531 3293 1	Climb-up Staircase 16671						1	
2531 3293 0	2531 3293 1	Climb-up Staircase 16671						1	
2532 3293 0	2531 3293 1	Climb-up Staircase 16671						1	
2533 3271 0	2533 3272 0	Open Door 37321						1	
2533 3272 0	2533 3271 0	Open Door 37321						1	
2536 3271 0	2537 9670 0	Walk-down Spooky stairs 2522							
2537 9670 0	2536 3271 0	Walk-up Spooky stairs 2523							
2537 3271 0	2537 9670 0	Walk-down Spooky stairs 2522							
2536 9670 0	2536 3271 0	Walk-up Spooky stairs 2523							
2539 9672 0	2540 9672 0	Open Door 2526						1	
2540 9672 0	2539 9672 0	Open Door 2526						1	
2540 3273 0	2540 3272 0	Open Door 37321						1	
2540 3272 0	2540 3273 0	Open Door 37321						1	
2458 3309 0	2458 3309 1	Climb-up Ladder 16683						2	
2458 3309 1	2458 3309 0	Climb-down Ladder 16679						2	
2459 3310 0	2459 3310 1	Climb-up Ladder 16683						2	
2459 3310 1	2459 3310 0	Climb-down Ladder 16679						2	
2457 3310 0	2457 3310 1	Climb-up Ladder 16683						2	
2457 3310 1	2457 3310 0	Climb-down Ladder 16679						2	
2458 3311 1	2458 3311 0	Climb-down Ladder 16679						2	
2458 3311 0	2458 3311 1	Climb-up Ladder 16683						2	
									
# Clock tower									
2571 3240 0	2571 3241 1	Climb-up Staircase 16671						1	
2571 3241 0	2571 3241 1	Climb-up Staircase 16671						1	
2571 3241 1	2572 3242 0	Climb-down Staircase 16672						1	
2572 3242 0	2571 3241 1	Climb-up Staircase 16671						1	
2572 3242 1	2572 3242 0	Climb-down Staircase 16672						1	
2573 3242 0	2571 3241 1	Climb-up Staircase 16671						1	
2572 3239 0	2571 3241 1	Climb-up Staircase 16671						1	
2573 3239 0	2571 3241 1	Climb-up Staircase 16671						1	
2571 3241 1	2571 3241 2	Climb-up Staircase 16672						1	
2571 3241 2	2572 3242 1	Climb-down Staircase 16673						1	
2572 3242 1	2571 3241 2	Climb-up Staircase 16672						1	
2566 3243 0	2566 9643 0	Climb-down Ladder 17384						2	
2566 9643 0	2566 3243 0	Climb-up Ladder 17385						2	
2565 3242 0	2565 9642 0	Climb-down Ladder 17384						2	
2565 9642 0	2565 3242 0	Climb-up Ladder 17385						2	
2566 3241 0	2566 9641 0	Climb-down Ladder 17384						2	
2566 9641 0	2566 3241 0	Climb-up Ladder 17385						2	
2567 3242 0	2567 9642 0	Climb-down Ladder 17384						2	
2567 9642 0	2567 3242 0	Climb-up Ladder 17385						2	
2569 9628 0	2569 3228 0	Climb-up Ladder 17385						2	
2569 3228 0	2569 9628 0	Climb-down Ladder 17384						2	
2568 9627 0	2568 3227 0	Climb-up Ladder 17385						2	
2568 3227 0	2568 9627 0	Climb-down Ladder 17384						2	
2569 9626 0	2569 3226 0	Climb-up Ladder 17385						2	
2569 3226 0	2569 9626 0	Climb-down Ladder 17384						2	
2570 9627 0	2570 3227 0	Climb-up Ladder 17385						2	
2570 3227 0	2570 9627 0	Climb-down Ladder 17384						2	
2571 3227 0	2571 9627 0	Climb-down Ladder 17384						2	
2571 9627 0	2571 3227 0	Climb-up Ladder 17385						2	
2572 3228 0	2572 9628 0	Climb-down Ladder 17384						2	
2572 9628 0	2572 3228 0	Climb-up Ladder 17385						2	
2573 3227 0	2573 9627 0	Climb-down Ladder 17384						2	
2573 9627 0	2573 3227 0	Climb-up Ladder 17385						2	
2572 3226 0	2572 9626 0	Climb-down Ladder 17384						2	
2572 9626 0	2572 3226 0	Climb-up Ladder 17385						2	
2567 3227 0	2567 9627 0	Climb-down Ladder 17384						2	
2567 9627 0	2567 3227 0	Climb-up Ladder 17385						2	
2566 3226 0	2566 9626 0	Climb-down Ladder 17384						2	
2566 9626 0	2566 3226 0	Climb-up Ladder 17385						2	
2565 3227 0	2565 9627 0	Climb-down Ladder 17384						2	
2565 9627 0	2565 3227 0	Climb-up Ladder 17385						2	
2566 3228 0	2566 9628 0	Climb-down Ladder 17384						2	
2566 9628 0	2566 3228 0	Climb-up Ladder 17385						2	
2566 3230 0	2566 9630 0	Climb-down Ladder 17384						2	
2566 9630 0	2566 3230 0	Climb-up Ladder 17385						2	
2567 3231 0	2567 9631 0	Climb-down Ladder 17384						2	
2567 9631 0	2567 3231 0	Climb-up Ladder 17385						2	
2566 3232 0	2566 9632 0	Climb-down Ladder 17384						2	
2566 9632 0	2566 3232 0	Climb-up Ladder 17385						2	
2565 3231 0	2565 9631 0	Climb-down Ladder 17384						2	
2565 9631 0	2565 3231 0	Climb-up Ladder 17385						2	
2568 3231 0	2568 9631 0	Climb-down Ladder 17384						2	
2568 9631 0	2568 3231 0	Climb-up Ladder 17385						2	
2569 3232 0	2569 9632 0	Climb-down Ladder 17384						2	
2569 9632 0	2569 3232 0	Climb-up Ladder 17385						2	
2570 3231 0	2570 9631 0	Climb-down Ladder 17384						2	
2570 9631 0	2570 3231 0	Climb-up Ladder 17385						2	
2569 3230 0	2569 9630 0	Climb-down Ladder 17384						2	
2569 9630 0	2569 3230 0	Climb-up Ladder 17385						2	
2621 3262 0	2621 9662 0	Climb-down Ladder 17384						2	
2621 9662 0	2621 3262 0	Climb-up Ladder 17385						2	
2622 3261 0	2622 9661 0	Climb-down Ladder 17384						2	
2622 9661 0	2622 3261 0	Climb-up Ladder 17385						2	
2621 3260 0	2621 9660 0	Climb-down Ladder 17384						2	
2621 9660 0	2621 3260 0	Climb-up Ladder 17385						2	
2620 3261 0	2620 9661 0	Climb-down Ladder 17384						2	
2620 9661 0	2620 3261 0	Climb-up Ladder 17385						2	
2576 9631 0	2575 9631 0	Push Wall 1597							
2575 9631 0	2576 9631 0	Push Wall 1597							
2573 9631 0	2573 3231 0	Climb-up Ladder 17385						2	
2571 9631 0	2571 3231 0	Climb-up Ladder 17385						2	
2572 9632 0	2572 3232 0	Climb-up Ladder 17385						2	
2572 9630 0	2572 3230 0	Climb-up Ladder 17385						2	
2561 9621 0	2561 3221 0	Climb-up Ladder 17385						2	
2561 3221 0	2561 9621 0	Climb-down Ladder 16680						2	
2562 9622 0	2562 3222 0	Climb-up Ladder 17385						2	
2562 3222 0	2561 9621 0	Climb-down Ladder 16680						2	
2561 3223 0	2561 9621 0	Climb-down Ladder 16680						2	
2560 3222 0	2561 9621 0	Climb-down Ladder 16680						2	
									
# Edgeville									
3077 3493 0	3077 9893 0	Open trapdoor 12267			Shadows of the Storm			1	
3077 9893 0	3077 3493 0	Climb Cellar stairs 12265						1	
3097 3511 0	3097 3511 1	Climb-up Ladder 16683							
3097 3511 1	3097 3511 0	Climb-down Ladder 16679							
3096 3512 0	3096 3512 1	Climb-up Ladder 16683							
3096 3512 1	3096 3512 0	Climb-down Ladder 16679							
3095 3511 0	3095 3511 1	Climb-up Ladder 16683							
3095 3511 1	3095 3511 0	Climb-down Ladder 16679							
3096 3510 0	3096 3510 1	Climb-up Ladder 16683							
3096 3510 1	3096 3510 0	Climb-down Ladder 16679							
3083 3512 0	3083 3512 1	Climb-up Ladder 16683							
3083 3512 1	3083 3512 0	Climb-down Ladder 16679							
3082 3513 0	3082 3513 1	Climb-up Ladder 16683							
3082 3513 1	3082 3513 0	Climb-down Ladder 16679							
3096 3468 0	3096 9867 0	Climb-down Trapdoor 1581							
3096 9867 0	3096 3468 0	Climb-up Ladder 17385							
3097 9868 0	3096 3468 0	Climb-up Ladder 17385							
3094 9895 0	3093 9895 0	Push Odd looking wall 1736							
3093 9895 0	3094 9895 0	Push Odd looking wall 1736							
3094 9896 0	3093 9896 0	Push Odd looking wall 1734							
3093 9896 0	3094 9896 0	Push Odd looking wall 1734							
3132 9917 0	3132 9918 0	Open Gate 1728							
3132 9918 0	3132 9917 0	Open Gate 1728							
3131 9917 0	3131 9918 0	Open Gate 1727							
3131 9918 0	3131 9917 0	Open Gate 1727							
3122 3488 0	3122 3487 0	Open Door 102							
3122 3487 0	3122 3488 0	Open Door 102							
									
# Varrock									
3212 3472 0	3212 3476 1	Climb-up Staircase 11807							
3212 3476 1	3212 3472 0	Climb-down Staircase 11799							
3213 3472 0	3213 3476 1	Climb-up Staircase 11807							
3213 3476 1	3213 3472 0	Climb-down Staircase 11799							
3203 3496 0	3204 3497 1	Climb-up Staircase 11790							
3204 3497 1	3203 3496 0	Climb-down Staircase 11792							
3204 3497 1	3204 3497 2	Climb-up Staircase 11792							
3204 3497 2	3203 3496 1	Climb-down Staircase 11793							
3204 3497 2	3204 3497 3	Climb-up Ladder 11801							
3204 3497 3	3204 3497 2	Climb-down Ladder 11802							
3220 3496 1	3219 3495 0	Climb-down Staircase 11793							
3219 3495 0	3220 3496 1	Climb-up Staircase 11789							
3218 3495 0	3220 3496 1	Climb-up Staircase 11789							
3222 3491 0	3222 3490 0	Open Door 32464							
3222 3490 0	3222 3491 0	Open Door 32464							
3222 3479 0	3222 3478 0	Open Door 32464							
3222 3478 0	3222 3479 0	Open Door 32464							
3223 3472 1	3223 3472 2	Climb-up Ladder 11801							
3223 3472 2	3223 3472 1	Climb-down Ladder 11802							
3223 3472 3	3222 3471 2	Climb-down Staircase 11793							
3222 3471 2	3223 3472 3	Climb-up Staircase 11790							
3221 3471 2	3223 3472 3	Climb-up Staircase 11790							
3238 3490 0	3242 3490 1	Climb-up Staircase 11797							
3242 3490 1	3238 3490 0	Climb-down Staircase 11799							
3238 3489 0	3242 3489 1	Climb-up Staircase 11797							
3242 3489 1	3238 3489 0	Climb-down Staircase 11799							
3257 3487 0	3258 3486 1	Climb-up Staircase 11790							
3258 3486 1	3257 3487 0	Climb-down Staircase 11792							
3257 3488 0	3258 3486 1	Climb-up Staircase 11790							
3258 3486 1	3258 3486 2	Climb-up Staircase 11792							
3258 3486 2	3257 3487 1	Climb-down Staircase 11792							
3258 3486 2	3258 3486 3	Climb-up Staircase 11792							
3258 3486 3	3257 3487 2	Climb-down Staircase 11793							
3239 3447 1	3238 3446 0	Climb-down Staircase 11793							
3238 3446 0	3239 3447 1	Climb-up Staircase 11789							
3237 3446 0	3239 3447 1	Climb-up Staircase 11789							
3257 3454 0	1759 4958 0	Walk-down Stairs 24428							
1759 4958 0	3258 3452 0	Walk-up Stairs 24427							
3258 3453 0	1759 4958 0	Walk-down Stairs 24428							
1758 4958 0	3258 3452 0	Walk-up Stairs 24427							
3258 3452 0	1759 4958 0	Walk-down Stairs 24428							
1760 4958 0	3258 3452 0	Walk-up Stairs 24427							
3258 3451 0	1759 4958 0	Walk-down Stairs 24428							
3257 3450 0	1759 4958 0	Walk-down Stairs 24428							
1761 4965 0	1631 4957 0	Walk-down Stairs 24428							
1631 4957 0	1761 4964 0	Walk-up Stairs 24427							
1761 4964 0	1631 4957 0	Walk-down Stairs 24428							
1630 4957 0	1761 4964 0	Walk-up Stairs 24427							
1761 4963 0	1631 4957 0	Walk-down Stairs 24428							
1632 4957 0	1761 4964 0	Walk-up Stairs 24427							
3266 3451 0	3266 3455 1	Climb-up Staircase 11798							
3266 3455 1	3266 3451 0	Climb-down Staircase 11799							
3267 3451 0	3267 3455 1	Climb-up Staircase 11798							
3267 3455 1	3267 3451 0	Climb-down Staircase 11799							
3254 3442 1	3254 3446 2	Climb-up Staircase 11797							
3254 3446 2	3254 3442 1	Climb-down Staircase 11799							
3253 3442 1	3253 3446 2	Climb-up Staircase 11797							
3253 3446 2	3253 3442 1	Climb-down Staircase 11799							
3257 3421 1	3256 3420 0	Climb-down Staircase 11793							
3256 3420 0	3257 3421 1	Climb-up Staircase 11789							
3255 3420 0	3257 3421 1	Climb-up Staircase 11789							
3257 3422 1	3256 3420 0	Climb-down Staircase 11793							
3234 3424 0	3234 3424 1	Climb-up Ladder 11794							
3234 3424 1	3234 3424 0	Climb-down Ladder 11795							
3230 3394 1	3226 3394 0	Climb-down Staircase 11799							
3226 3394 0	3230 3394 1	Climb-up Staircase 11796							
3230 3393 1	3226 3393 0	Climb-down Staircase 11799							
3226 3393 0	3230 3393 1	Climb-up Staircase 11796							
3231 9800 0	3231 3400 0	Climb-up Ladder 11804							
3231 3400 0	3231 9800 0	Climb-down Ladder 11803							
3230 9801 0	3230 3401 0	Climb-up Ladder 11804							
3230 3401 0	3230 9801 0	Climb-down Ladder 11803							
3231 9802 0	3231 3402 0	Climb-up Ladder 11804							
3231 3402 0	3231 9802 0	Climb-down Ladder 11803							
3232 9801 0	3232 3401 0	Climb-up Ladder 11804							
3232 3401 0	3232 9801 0	Climb-down Ladder 11803							
3230 3386 0	3230 3382 1	Climb-up Staircase 11797							
3230 3382 1	3230 3386 0	Climb-down Staircase 11799							
3231 3386 0	3231 3382 1	Climb-up Staircase 11797							
3231 3382 1	3231 3386 0	Climb-down Staircase 11799							
3222 3387 1	3222 3387 0	Climb-down Ladder 11802							
3222 3387 0	3222 3387 1	Climb-up Ladder 11794							
3186 3434 0	3190 9834 0	Climb-down Staircase 11800							
3190 9834 0	3186 3434 0	Climb-up Staircase 11805							
3186 3433 0	3190 9833 0	Climb-down Staircase 11800							
3190 9833 0	3186 3433 0	Climb-up Staircase 11805							
3185 3447 0	3185 3447 1	Climb-up Ladder 11794							
3185 3447 1	3185 3447 0	Climb-down Ladder 11795							
3159 3436 0	3155 3436 1	Climb-up Staircase 11797							
3155 3436 1	3159 3436 0	Climb-down Staircase 11799							
3159 3435 0	3155 3435 1	Climb-up Staircase 11797							
3155 3435 1	3159 3435 0	Climb-down Staircase 11799							
3186 3414 0	3186 3414 1	Climb-up Ladder 11794							
3186 3414 1	3186 3414 0	Climb-down Ladder 11795							
3205 3396 0	3205 3396 1	Climb-up Ladder 11794							
3205 3396 1	3205 3396 0	Climb-down Ladder 11795							
3203 3389 1	3205 3389 0	Climb-down Ladder 11802							
3203 3389 0	3203 3389 1	Climb-up Ladder 11801							
3243 3383 0	3243 9783 0	Climb-down Ladder 11803							
3243 9783 0	3244 3382 0	Climb-up Ladder 2405							
3244 3382 0	3244 9782 0	Climb-down Ladder 11803							
3244 9782 0	3244 3382 0	Climb-up Ladder 2405							
3245 9783 0	3244 3382 0	Climb-up Ladder 2405							
3244 9784 0	3244 3382 0	Climb-up Ladder 2405							
3262 3402 0	3262 3402 1	Climb-up Ladder 11794							
3262 3402 1	3262 3402 0	Climb-down Ladder 11795							
3263 3406 0	3264 3406 0	Open Gate 2051							
3264 3406 0	3263 3406 0	Open Gate 2051							
3263 3405 0	3264 3405 0	Open Gate 2050							
3264 3405 0	3263 3405 0	Open Gate 2050							
3283 3397 1	3283 3397 0	Climb-down Ladder 11802							
3283 3397 0	3283 3397 1	Climb-up Ladder 11801							
3202 3435 1	3202 3435 0	Climb-down Ladder 11795							
3202 3435 0	3202 3435 1	Climb-up Ladder 11794							
3246 3409 0	3246 3409 1	Climb-up Ladder 11794							
3246 3409 1	3246 3409 0	Climb-down Ladder 11795							
3202 3417 1	3202 3417 0	Climb-down Ladder 11795							
3202 3417 0	3202 3417 1	Climb-up Ladder 11794							
3214 3411 0	3214 3411 1	Climb-up Ladder 11794							
3214 3411 1	3214 3411 0	Climb-down Ladder 11795							
3179 3401 0	3179 3401 1	Climb-up Ladder 11801							
3179 3401 1	3179 3401 0	Climb-down Ladder 11802							
3175 3421 0	3175 3421 1	Climb-up Ladder 11801							
3175 3421 1	3175 3421 0	Climb-down Ladder 11802							
3267 3379 0	3269 3379 1	Climb-up Ladder 11794							
3267 3379 1	3267 3379 0	Climb-down Ladder 11795							
3237 9858 0	3236 3458 0	Climb-up Ladder 11806							
3236 3458 0	3237 9858 0	Climb-down Manhole 882							
									
# Digsite									
3295 3428 0	3296 3428 0	Open Gate 24560				3637>152		2	
3296 3428 0	3295 3428 0	Open Gate 24560				3637>152		2	
3295 3429 0	3296 3429 0	Open Gate 24561				3637>152		2	
3296 3429 0	3295 3429 0	Open Gate 24561				3637>152		2	
									
# Stronghold of Security									
3081 3421 0	1859 5243 0	Climb-down Entrance 20790							
1859 5243 0	3081 3421 0	Climb-up Ladder 20784							
1860 5244 0	3081 3421 0	Climb-up Ladder 20784							
1858 5244 0	3081 3421 0	Climb-up Ladder 20784							
1913 5225 0	3081 3421 0	Climb-up Ladder 20784							
1914 5226 0	3081 3421 0	Climb-up Ladder 20784							
1912 5226 0	3081 3421 0	Climb-up Ladder 20784							
1913 5227 0	3081 3421 0	Climb-up Ladder 20784							
1902 5223 0	2042 5245 0	Climb-down Ladder 20785							
1903 5222 0	2042 5245 0	Climb-down Ladder 20785							
1902 5221 0	2042 5245 0	Climb-down Ladder 20785							
2042 5245 0	1859 5243 0	Climb-up Ladder 19003							
2026 5219 0	2123 5252 0	Climb-down Ladder 19004							
2025 5218 0	2123 5252 0	Climb-down Ladder 19004							
2122 5251 0	2042 5245 0	Climb-up Dripping vine 23705							
2026 5217 0	2123 5252 0	Climb-down Ladder 19004							
2150 5279 0	2123 5252 0	Climb-up Goo covered vine 23703							
2147 5284 0	2358 5215 0	Climb-down Dripping vine 23706							
2358 5215 0	2123 5252 0	Climb-up Boney ladder 23921							
2148 5283 0	2358 5215 0	Climb-down Dripping vine 23706							
2357 5216 0	2123 5252 0	Climb-up Boney ladder 23921							
2149 5284 0	2358 5215 0	Climb-down Dripping vine 23706							
2349 5215 0	3081 3421 0	Climb-up Bone Chain 23732							
2027 5218 0	2123 5252 0	Climb-down Ladder 19004							
2350 5214 0	3081 3421 0	Climb-up Bone Chain 23732							
2150 5277 0	2123 5252 0	Climb-up Goo covered vine 23703							
2151 5278 0	2123 5252 0	Climb-up Goo covered vine 23703							
2351 5215 0	3081 3421 0	Climb-up Bone Chain 23732							
2350 5216 0	3081 3421 0	Climb-up Bone Chain 23732							
									
# Barbarian Village									
3096 3432 0	3096 3432 1	Climb-up Ladder 17026							
3096 3432 1	3096 3432 0	Climb-down Ladder 16685							
3097 3432 1	3097 3432 2	Climb-up Ladder 17026							
3097 3432 2	3097 3432 1	Climb-down Ladder 16685							
									
# Al Kharid									
3267 3228 0	3268 3228 0	Open Gate 44051			Prince Ali Rescue			1	
3267 3228 0	3268 3228 0	Open Gate 44051		COINS=10				1	
3268 3228 0	3267 3228 0	Open Gate 44051			Prince Ali Rescue			1	
3268 3228 0	3267 3228 0	Open Gate 44051		COINS=10				1	
3267 3227 0	3268 3227 0	Open Gate 44050			Prince Ali Rescue			1	
3267 3227 0	3268 3227 0	Open Gate 44050		COINS=10				1	
3268 3227 0	3267 3227 0	Open Gate 44050			Prince Ali Rescue			1	
3268 3227 0	3267 3227 0	Open Gate 44050		COINS=10				1	
3298 3124 0	3297 3124 0	Open Prison door 2692							
3297 3124 0	3298 3124 0	Open Prison door 2692							
3303 3117 0	3304 3115 0	Go-through Shantay pass 4031		SHANTAY_PASS=1|COINS=5				2	
3304 3117 0	3304 3115 0	Go-through Shantay pass 4031		SHANTAY_PASS=1|COINS=5				2	
3304 3115 0	3304 3117 0	Go-through Shantay pass 4031						2	
3303 3115 0	3304 3117 0	Go-through Shantay pass 4031						2	
3193 2843 0	3196 2843 0	Go-through Shantay pass 41863		SHANTAY_PASS=1|COINS=5				3	
3193 2842 0	3196 2842 0	Go-through Shantay pass 41863		SHANTAY_PASS=1|COINS=5				3	
3196 2843 0	3193 2843 0	Go-through Shantay pass 41863						3	
3196 2842 0	3193 2842 0	Go-through Shantay pass 41863						3	
3167 2819 0	3167 2816 0	Go-through Shantay pass 41863		SHANTAY_PASS=1|COINS=5				3	
3168 2819 0	3168 2816 0	Go-through Shantay pass 41863		SHANTAY_PASS=1|COINS=5				3	
3167 2816 0	3167 2819 0	Go-through Shantay pass 41863						3	
3168 2816 0	3168 2819 0	Go-through Shantay pass 41863						3	
3322 3138 0	3322 3138 1	Climb-up Ladder 21781							
3322 3138 1	3322 3138 0	Climb-down Ladder 21782							
3312 3184 0	3314 3185 1	Climb-up Staircase 16671							
3314 3185 1	3313 3184 0	Climb-down Staircase 16673							
3313 3184 0	3314 3185 1	Climb-up Staircase 16671							
3314 3185 0	3314 3185 1	Climb-up Staircase 16671							
3314 3186 0	3314 3185 1	Climb-up Staircase 16671							
3285 3165 0	3285 3165 1	Climb-up Ladder 16683							
3285 3165 1	3285 3165 0	Climb-down Ladder 16679							
3284 3166 0	3284 3166 1	Climb-up Ladder 16683							
3284 3166 1	3284 3166 0	Climb-down Ladder 16679							
3283 3165 0	3283 3165 1	Climb-up Ladder 16683							
3283 3165 1	3283 3165 0	Climb-down Ladder 16679							
3284 3164 0	3284 3164 1	Climb-up Ladder 16683							
3284 3164 1	3284 3164 0	Climb-down Ladder 16679							
3287 3192 0	3287 3192 1	Climb-up Ladder 16683							
3287 3192 1	3287 3192 0	Climb-down Ladder 16684							
3286 3191 0	3286 3191 1	Climb-up Ladder 16683							
3286 3191 1	3286 3191 0	Climb-down Ladder 16684							
3286 3191 1	3286 3191 2	Climb-up Ladder 16684							
3286 3191 2	3286 3191 1	Climb-down Ladder 16679							
3287 3192 1	3287 3192 2	Climb-up Ladder 16684							
									
# Citharede Abbey									
3420 3185 0	3420 3185 1	Climb-up Ladder 10493						2	
3420 3185 1	3420 3185 0	Climb-down Ladder 10494						2	
									
# Mage Training Arena									
3363 3300 0	3363 3298 0	Enter Doorway 10721							
3363 3298 0	3363 3300 0	Enter Doorway 10721							
3360 3306 0	3357 3307 1	Climb-up Stairs 10775							
3357 3307 1	3360 3306 0	Climb-down Stairs 10776							
3358 3307 1	3360 3306 0	Climb-down Stairs 10776							
3360 3307 0	3357 3307 1	Climb-up Stairs 10775							
3359 3307 1	3360 3306 0	Climb-down Stairs 10776							
3366 3306 0	3369 3307 1	Climb-up Stairs 10771							
3369 3307 1	3366 3306 0	Climb-down Stairs 10773							
3366 3307 0	3369 3307 1	Climb-up Stairs 10771							
3368 3307 1	3366 3306 0	Climb-down Stairs 10773							
3367 3307 1	3366 3306 0	Climb-down Stairs 10773							
									
# HAM Hideout									
3165 3252 0	3149 9652 0	Climb-down Trapdoor 5492							
3166 3251 0	3149 9652 0	Climb-down Trapdoor 5492							
3149 9652 0	3165 3251 0	Climb-up Ladder 5493							
3150 9653 0	3165 3251 0	Climb-up Ladder 5493							
3148 9653 0	3165 3251 0	Climb-up Ladder 5493							
									
# Port Sarim									
3055 3245 0	3055 3242 1	Cross Gangplank 34671						3	
3055 3242 1	3055 3245 0	Cross Gangplank 34672						3	
3048 3234 0	3048 3231 1	Cross Gangplank 2412						3	
3048 3231 1	3048 3234 0	Cross Gangplank 2413						3	
3047 3231 1	3045 3231 2	Climb-up Ship's ladder 245							
3045 3231 2	3047 3231 1	Climb-down Ship's ladder 246							
3045 3227 2	3047 3227 1	Climb-down Ship's ladder 246							
3047 3227 1	3045 3227 2	Climb-up Ship's ladder 245							
3029 3217 0	3032 3217 1	Cross Gangplank 2083						3	
3032 3217 1	3029 3217 0	Cross Gangplank 2084						3	
3035 3214 0	3035 3214 1	Climb-up Ship's ladder 272							
3035 3214 1	3035 3214 0	Climb-down Ship's ladder 273							
3035 3218 0	3035 3218 1	Climb-up Ship's ladder 272							
3035 3218 1	3035 3218 0	Climb-down Ship's ladder 273							
3035 3222 0	3035 3222 1	Climb-up Ship's ladder 272							
3035 3222 1	3035 3222 0	Climb-down Ship's ladder 273							
3036 3223 1	3036 3225 2	Climb-up Ship's ladder 245							
3036 3225 2	3036 3223 1	Climb-down Ship's ladder 246							
3032 3225 2	3032 3223 1	Climb-down Ship's ladder 246							
3032 3223 1	3032 3225 2	Climb-up Ship's ladder 245							
3041 3202 0	3041 3199 1	Cross Gangplank 14304						3	
3041 3199 1	3041 3202 0	Cross Gangplank 14305						3	
3038 3192 0	3038 3189 1	Cross Gangplank 17404						3	
3038 3189 1	3038 3192 0	Cross Gangplank 17405						3	
3013 3204 0	3013 3204 1	Climb-up Ladder 16683							
3013 3204 1	3013 3204 0	Climb-down Ladder 16679							
3014 3203 0	3014 3203 1	Climb-up Ladder 16683							
3014 3203 1	3014 3203 0	Climb-down Ladder 16679							
3012 3203 0	3012 3203 1	Climb-up Ladder 16683							
3012 3203 1	3012 3203 0	Climb-down Ladder 16679							
3011 3184 0	3011 3184 1	Climb-up Ladder 9558							
3011 3184 1	3011 3184 0	Climb-down Ladder 9559							
3012 3235 0	3012 3235 1	Climb-up Ladder 16683							
3012 3235 1	3012 3235 0	Climb-down Ladder 16679							
3011 3234 0	3011 3234 1	Climb-up Ladder 16683							
3011 3234 1	3011 3234 0	Climb-down Ladder 16679							
3010 3235 0	3010 3235 1	Climb-up Ladder 16683							
3010 3235 1	3010 3235 0	Climb-down Ladder 16679							
3011 3236 0	3011 3236 1	Climb-up Ladder 16683							
3011 3236 1	3011 3236 0	Climb-down Ladder 16679							
3016 3246 0	3015 3246 0	Open Door 59							
3015 3246 0	3016 3246 0	Open Door 59							
3013 3245 0	3013 3245 1	Climb-up Ladder 60							
3013 3245 1	3013 3245 0	Climb-down Ladder 16679							
3014 3244 0	3013 3245 1	Climb-up Ladder 60							
3012 3244 1	3012 3244 0	Climb-down Ladder 16679							
3012 3244 0	3013 3245 1	Climb-up Ladder 60							
3014 3244 1	3014 3244 0	Climb-down Ladder 16679							
3025 3261 1	3024 3260 0	Climb-down Staircase 9584							
3024 3260 0	3025 3261 1	Climb-up Staircase 9582							
3023 3260 0	3025 3261 1	Climb-up Staircase 9582							
3026 3247 1	3025 3248 0	Climb-down Staircase 9584							
3025 3248 0	3026 3247 1	Climb-up Staircase 9582							
3025 3249 0	3026 3247 1	Climb-up Staircase 9582							
3018 3231 0	2962 9650 0	Climb-down Manhole 10321							
2962 9650 0	3018 3233 0	Climb-up Ladder 10309							
									
# Wizard Tower									
3105 3162 0	3104 9576 0	Climb-down Ladder 2147							
3104 9576 0	3105 3162 0	Climb-up Ladder 2148							
3104 3163 0	3104 9576 0	Climb-down Ladder 2147							
3103 9577 0	3105 3162 0	Climb-up Ladder 2148							
3104 3161 0	3104 9576 0	Climb-down Ladder 2147							
3103 9575 0	3105 3162 0	Climb-up Ladder 2148							
3103 3162 0	3104 9576 0	Climb-down Ladder 2147							
3105 3160 0	3104 3161 1	Climb-up Staircase 12536							
3104 3161 1	3104 3161 0	Climb-down Staircase 12537							
3105 3159 0	3104 3161 1	Climb-up Staircase 12536							
3103 3161 1	3104 3161 0	Climb-down Staircase 12537							
3104 3161 1	3104 3161 2	Climb-up Staircase 12537							
3104 3161 2	3104 3161 1	Climb-down Staircase 12538							
									
# Taverley Dungeon									
2884 3398 0	2884 9798 0	Climb-down Ladder 16680							
2884 9798 0	2884 3398 0	Climb-up Ladder 17385							
2885 3397 0	2885 9797 0	Climb-down Ladder 16680							
2885 9797 0	2885 3397 0	Climb-up Ladder 17385							
2884 3396 0	2884 9796 0	Climb-down Ladder 16680							
2884 9796 0	2884 3396 0	Climb-up Ladder 17385							
2883 3397 0	2883 9797 0	Climb-down Ladder 16680							
2883 9797 0	2883 3397 0	Climb-up Ladder 17385							
2888 9831 0	2889 9831 0	Open Prison door 2143							
2888 9830 0	2889 9830 0	Open Prison door 2144							
2889 9830 0	2888 9830 0	Open Prison door 2144							
2889 9831 0	2888 9831 0	Open Prison door 2143							
2842 3423 0	2842 9823 0	Climb-down Ladder 17384							
2842 9823 0	2842 3423 0	Climb-up Ladder 17385							
2843 3424 0	2843 9824 0	Climb-down Ladder 17384							
2843 9824 0	2843 3424 0	Climb-up Ladder 17385							
2842 3425 0	2842 9825 0	Climb-down Ladder 17384							
2842 9825 0	2842 3425 0	Climb-up Ladder 17385							
2841 3424 0	2841 9824 0	Climb-down Ladder 17384							
2841 9824 0	2841 3424 0	Climb-up Ladder 17385							
1310 1237 0	2873 9848 0	Crawl Cave 26566							
2873 9848 0	1310 1237 0	Crawl Cave 26568							
1311 1237 0	2873 9848 0	Crawl Cave 26565							
2873 9847 0	1310 1237 0	Crawl Cave 26569							
1309 1237 0	2873 9848 0	Crawl Cave 26564							
2873 9846 0	1310 1237 0	Crawl Cave 26567							
1292 1253 0	1240 1226 0	Turn Iron Winch 23104							
1291 1253 0	1240 1226 0	Turn Iron Winch 23104							
1240 1226 0	1291 1253 0	Exit Portcullis 21772							
1309 1269 0	1304 1290 0	Turn Iron Winch 23104							
1304 1290 0	1309 1269 0	Exit Portcullis 21772							
1368 1226 0	1328 1253 0	Exit Portcullis 21772							
1328 1253 0	1368 1226 0	Turn Iron Winch 23104							
1329 1253 0	1368 1226 0	Turn Iron Winch 23104							
2903 9813 1	2906 9813 0	Climb Steps 30190							
2906 9813 0	2903 9813 1	Climb Steps 30189							
2883 9825 0	2880 9825 1	Climb Steps 30189							
2880 9825 1	2883 9825 0	Climb Steps 30190							
2924 9803 0	2923 9803 0	Open Gate 2623		DUSTY_KEY=1					
2923 9803 0	2924 9803 0	Open Gate 2623							
									
# Taverley									
2914 3450 0	2914 3450 1	Climb-up Ladder 16683							
2914 3450 1	2914 3450 0	Climb-down Ladder 16679							
2915 3451 0	2915 3451 1	Climb-up Ladder 16683							
2915 3451 1	2915 3451 0	Climb-down Ladder 16679							
2915 3449 0	2915 3449 1	Climb-up Ladder 16683							
2915 3449 1	2915 3449 0	Climb-down Ladder 16679							
2916 3450 0	2916 3450 1	Climb-up Ladder 16683							
2914 3441 0	2914 3441 1	Climb-up Ladder 17026							
2914 3441 1	2914 3441 0	Climb-down Ladder 16685							
2918 3439 0	2916 3438 0	Climb-over Stile 993							
2916 3438 0	2919 3438 0	Climb-over Stile 993							
2919 3438 0	2916 3438 0	Climb-over Stile 993							
2917 3437 0	2919 3438 0	Climb-over Stile 993							
2918 3437 0	2916 3438 0	Climb-over Stile 993							
2917 3439 0	2919 3438 0	Climb-over Stile 993							
2898 3427 0	2898 3427 1	Climb-up Staircase 16671							
2898 3427 1	2897 3428 0	Climb-down Staircase 16673							
2897 3428 0	2898 3427 1	Climb-up Staircase 16671							
2897 3429 0	2898 3427 1	Climb-up Staircase 16671							
2898 3430 0	2898 3427 1	Climb-up Staircase 16671							
2899 3430 0	2898 3427 1	Climb-up Staircase 16671							
2899 3427 0	2898 3427 1	Climb-up Staircase 16671							
2900 3428 0	2898 3427 1	Climb-up Staircase 16671							
2900 3429 0	2898 3427 1	Climb-up Staircase 16671							
2900 3473 0	2901 3473 0	Open Door 2861							
2901 3473 0	2900 3473 0	Open Door 2861							
2906 3468 0	2906 3472 1	Walk-up Staircase 24672							
2906 3472 1	2906 3468 0	Walk-down Staircase 24673							
2907 3468 0	2906 3472 1	Walk-up Staircase 24672							
2907 3472 1	2906 3468 0	Walk-down Staircase 24673							
2906 3476 0	2906 9876 0	Climb-down Ladder 24718							
2906 9876 0	2906 3476 0	Climb-up Ladder 24717							
2907 3475 0	2906 9876 0	Climb-down Ladder 24718							
2907 9875 0	2906 3476 0	Climb-up Ladder 24717							
2898 3469 0	2901 9867 0	Enter Manhole 24842							
2901 9867 0	2899 3469 0	Climb-up Staircase 24687							
2899 3469 0	2901 9867 0	Enter Manhole 24842							
2899 3470 0	2901 9867 0	Enter Manhole 24842							
2899 3468 0	2901 9867 0	Enter Manhole 24842							
2877 3482 0	2876 9878 0	Climb-down Stairs 57					11=5		
2876 9879 0	2877 3482 0	Climb-up Stairs 56					11=5		
2876 3482 0	2876 9878 0	Climb-down Stairs 57					11=5		
2877 9879 0	2877 3482 0	Climb-up Stairs 56					11=5		
2821 9882 0	2820 3486 0	Climb-up Stairs 54					11=5		
2820 3486 0	2820 9882 0	Climb-down Stairs 55					11=5		
2820 9882 0	2820 3486 0	Climb-up Stairs 54					11=5		
2821 3486 0	2820 9882 0	Climb-down Stairs 55					11=5		
									
# Catherby									
2792 3414 0	2792 3417 1	Cross Gangplank 17394						3	
2792 3417 1	2792 3414 0	Cross Gangplank 17395						3	
2813 3450 0	2813 3450 1	Climb-up Ladder 16683							
2813 3450 1	2813 3450 0	Climb-down Ladder 16679							
2812 3451 0	2812 3451 1	Climb-up Ladder 16683							
2812 3451 1	2812 3451 0	Climb-down Ladder 16679							
									
# Seers Village and Camelot Castle									
2758 3482 0	2758 3483 0	Open Gate 26082							
2758 3483 0	2758 3482 0	Open Gate 26082							
2757 3482 0	2757 3483 0	Open Gate 26081							
2757 3483 0	2757 3482 0	Open Gate 26081							
2751 3508 0	2751 3513 1	Climb-up Staircase 26106							
2751 3513 1	2751 3508 0	Climb-down Staircase 25604							
2750 3508 0	2750 3513 1	Climb-up Staircase 26106							
2750 3513 1	2750 3508 0	Climb-down Staircase 25604							
2768 3493 0	2768 3493 1	Climb-up Ladder 26107							
2768 3493 1	2768 3493 0	Climb-down Ladder 25606							
2769 3492 0	2769 3492 1	Climb-up Ladder 26107							
2769 3492 1	2769 3492 0	Climb-down Ladder 25606							
2770 3493 0	2770 3493 1	Climb-up Ladder 26107							
2770 3493 1	2770 3493 0	Climb-down Ladder 25606							
2769 3494 0	2769 3494 1	Climb-up Ladder 26107							
2769 3494 1	2769 3494 0	Climb-down Ladder 25606							
2748 3493 0	2748 3493 1	Climb-up Ladder 26107							
2748 3493 1	2748 3493 0	Climb-down Ladder 25606							
2747 3494 0	2747 3494 1	Climb-up Ladder 26107							
2747 3494 1	2747 3494 0	Climb-down Ladder 25606							
2747 3492 0	2747 3492 1	Climb-up Ladder 26107							
2747 3492 1	2747 3492 0	Climb-down Ladder 25606							
2746 3493 0	2746 3493 1	Climb-up Ladder 26107							
2746 3493 1	2746 3493 0	Climb-down Ladder 25606							
2728 3490 0	2728 3490 1	Climb-up Ladder 25938							
2728 3490 1	2728 3490 0	Climb-down Ladder 25939							
2729 3491 0	2729 3491 1	Climb-up Ladder 25938							
2729 3491 1	2729 3491 0	Climb-down Ladder 25939							
2728 3492 0	2728 3492 1	Climb-up Ladder 25938							
2728 3492 1	2728 3492 0	Climb-down Ladder 25939							
2727 3491 0	2727 3491 1	Climb-up Ladder 25938							
2727 3491 1	2727 3491 0	Climb-down Ladder 25939							
2715 3471 0	2715 3471 1	Climb-up Ladder 25938							
2715 3471 1	2715 3471 0	Climb-down Ladder 25939							
2714 3470 0	2714 3470 1	Climb-up Ladder 25938							
2714 3470 1	2714 3470 0	Climb-down Ladder 25939							
2699 3475 0	2699 3475 1	Climb-up Ladder 25941							
2699 3475 1	2699 3475 0	Climb-down Ladder 25940							
2697 3496 0	2698 3495 1	Climb-up Staircase 25935							
2698 3495 1	2697 3496 0	Climb-down Staircase 25801							
2697 3497 0	2698 3495 1	Climb-up Staircase 25935							
2698 3498 0	2698 3495 1	Climb-up Staircase 25935							
2699 3498 0	2698 3495 1	Climb-up Staircase 25935							
2698 3495 0	2698 3495 1	Climb-up Staircase 25935							
2700 3497 0	2698 3495 1	Climb-up Staircase 25935							
2699 3495 0	2698 3495 1	Climb-up Staircase 25935							
2700 3496 0	2698 3495 1	Climb-up Staircase 25935							
2807 3453 0	2807 3453 1	Climb-up Ladder 16683							
2807 3453 1	2807 3453 0	Climb-down Ladder 16679							
2808 3454 1	2808 3453 0	Climb-down Ladder 16679							
2767 3492 1	2767 3492 2	Climb-up Ladder 26107							
2767 3492 2	2767 3492 1	Climb-down Ladder 25606							
2766 3491 1	2766 3491 2	Climb-up Ladder 26107							
2766 3491 2	2766 3491 1	Climb-down Ladder 25606							
2768 3491 1	2768 3491 2	Climb-up Ladder 26107							
2768 3491 2	2768 3491 1	Climb-down Ladder 25606							
2767 3490 1	2767 3490 2	Climb-up Ladder 26107							
2767 3490 2	2767 3490 1	Climb-down Ladder 25606							
2749 3492 1	2749 3492 2	Climb-up Ladder 26107							
2749 3492 2	2749 3492 1	Climb-down Ladder 25606							
2748 3491 1	2748 3491 2	Climb-up Ladder 26107							
2748 3491 2	2748 3491 1	Climb-down Ladder 25606							
2749 3490 1	2749 3490 2	Climb-up Ladder 26107							
2749 3490 2	2749 3490 1	Climb-down Ladder 25606							
2750 3491 1	2750 3491 2	Climb-up Ladder 26107							
2750 3491 2	2750 3491 1	Climb-down Ladder 25606							

# Lighthouse									
2596 3608 0	2598 3608 0	Cross Broken bridge 4615						2	
2598 3608 0	2596 3608 0	Cross Broken bridge 4616						2	
2522 3595 0	2522 3597 0	Jump-across Basalt rock 4551						2	
2522 3597 0	2522 3595 0	Jump-to Beach 4550						2	
2522 3600 0	2522 3602 0	Jump-across Basalt rock 4553						2	
2522 3602 0	2522 3600 0	Jump-across Basalt rock 4552						2	
2518 3611 0	2516 3611 0	Jump-across Basalt rock 4555						2	
2516 3611 0	2518 3611 0	Jump-across Basalt rock 4554						2	
2514 3613 0	2514 3615 0	Jump-across Basalt rock 4557						2	
2514 3615 0	2514 3613 0	Jump-across Basalt rock 4556						2	
2514 3617 0	2514 3619 0	Jump-to Rocky shore 4559						2	
2514 3619 0	2514 3617 0	Jump-across Basalt rock 4558						2	
2508 3640 0	2505 3641 1	Climb-up Staircase 4568							
2508 3640 0	2505 3641 2	Top-floor Staircase 4568							
2505 3641 1	2506 3642 0	Climb-down Staircase 4569							
2505 3641 1	2505 3641 2	Climb-up Staircase 4569							
2505 3641 2	2506 3584 1	Climb-down Staircase 4570							
2505 3641 2	2506 3642 0	Bottom-floor Staircase 4570							
2444 4600 0	2441 4601 1	Climb-up Staircase 4568									~geometry ~duration
2444 4600 0	2441 4601 2	Top-floor Staircase 4568						1			~geometry ~duration
2441 4601 1	2442 4602 0	Climb-down Staircase 4569									~geometry ~duration
2441 4601 1	2441 4601 2	Climb-up Staircase 4569									~geometry ~duration
2441 4601 2	2441 4601 1	Climb-down Staircase 4570									~geometry ~duration
2441 4601 2	2442 4602 0	Bottom-floor Staircase 4570						1			~geometry ~duration
1649 3091 0	1649 3091 1	Climb-up Staircase 52630									~geometry ~duration
1649 3091 0	1649 3091 2	Top-floor Staircase 52630						1			~geometry ~duration
1649 3091 1	1649 3091 0	Climb-down Staircase 52631									~geometry ~duration
1649 3091 1	1649 3091 2	Climb-up Staircase 52631									~geometry ~duration
1649 3091 2	1649 3091 1	Climb-down Staircase 52632									~geometry ~duration
1649 3091 2	1649 3091 0	Bottom-floor Staircase 52632						1			~geometry ~duration
# Varlamore building staircases (ids 27851-27856): stamped from field-captured exemplars
1608 3819 2	1615 3819 1	Climb Stairs 27852						2			~geometry
1610 3795 1	1617 3795 0	Climb Stairs 27855						2			~geometry
1610 3796 1	1617 3796 0	Climb Stairs 27856						2			~geometry
1610 3826 1	1617 3826 0	Climb Stairs 27855						2			~geometry
1610 3827 1	1617 3827 0	Climb Stairs 27856						2			~geometry
1615 3820 1	1608 3819 2	Climb Stairs 27851						2			~geometry
1617 3795 0	1610 3795 1	Climb Stairs 27853						2			~geometry
1617 3796 0	1610 3796 1	Climb Stairs 27854						2			~geometry
1617 3826 0	1610 3826 1	Climb Stairs 27853						2			~geometry
1617 3827 0	1610 3827 1	Climb Stairs 27854						2			~geometry
1619 3798 2	1621 3791 1	Climb Stairs 27852						2			~geometry
1621 3791 1	1621 3798 2	Climb Stairs 27851						2			~geometry
1638 3802 2	1638 3810 1	Climb Stairs 27852						2			~geometry
1638 3810 1	1638 3803 2	Climb Stairs 27851						2			~geometry
1643 3828 1	1650 3828 2	Climb Stairs 27851						2			~geometry
1644 3818 0	1644 3825 1	Climb Stairs 27853						2			~geometry
1644 3825 1	1644 3818 0	Climb Stairs 27855						2			~geometry
1645 3818 0	1645 3825 1	Climb Stairs 27854						2			~geometry
1645 3825 1	1645 3818 0	Climb Stairs 27856						2			~geometry
1646 3716 2	1646 3724 1	Climb Stairs 27852						2			~geometry
1646 3724 1	1646 3717 2	Climb Stairs 27851						2			~geometry
1649 3753 0	1649 3760 1	Climb Stairs 27851						2			~geometry
1649 3826 2	1643 3828 1	Climb Stairs 27852						2			~geometry
1654 3716 1	1654 3724 0	Climb Stairs 27852						2			~geometry
1654 3724 0	1654 3717 1	Climb Stairs 27851						2			~geometry
1666 3729 0	1666 3722 1	Climb Stairs 27851						2			~geometry
1678 3784 0	1685 3784 1	Climb Stairs 27854						2			~geometry
1678 3785 0	1685 3785 1	Climb Stairs 27853						2			~geometry
1678 3802 0	1685 3802 1	Climb Stairs 27854						2			~geometry
1678 3803 0	1685 3803 1	Climb Stairs 27853						2			~geometry
1681 3763 1	1688 3763 2	Climb Stairs 27851						2			~geometry
1681 3771 0	1688 3771 1	Climb Stairs 27851						2			~geometry
1685 3715 1	1692 3715 0	Climb Stairs 27855						2			~geometry
1685 3716 1	1692 3716 0	Climb Stairs 27856						2			~geometry
1685 3723 1	1685 3730 2	Climb Stairs 27851						2			~geometry
1685 3784 1	1678 3784 0	Climb Stairs 27856						2			~geometry
1685 3785 1	1678 3785 0	Climb Stairs 27855						2			~geometry
1685 3802 1	1678 3802 0	Climb Stairs 27856						2			~geometry
1685 3803 1	1678 3803 0	Climb Stairs 27855						2			~geometry
1688 3794 1	1695 3794 0	Climb Stairs 27852						2			~geometry
1692 3715 0	1685 3715 1	Climb Stairs 27853						2			~geometry
1692 3716 0	1685 3716 1	Climb Stairs 27854						2			~geometry
1695 3795 0	1688 3794 1	Climb Stairs 27851						2			~geometry
1698 3771 0	1705 3771 1	Climb Stairs 27851						2			~geometry
1699 3715 1	1699 3722 2	Climb Stairs 27851						2			~geometry
1703 3793 2	1710 3793 1	Climb Stairs 27855						2			~geometry
1703 3794 2	1710 3794 1	Climb Stairs 27856						2			~geometry
1704 3769 1	1698 3771 0	Climb Stairs 27852						2			~geometry
1710 3793 1	1703 3793 2	Climb Stairs 27853						2			~geometry
1710 3794 1	1703 3794 2	Climb Stairs 27854						2			~geometry
1716 3765 0	1716 3772 1	Climb Stairs 27853						2			~geometry
1716 3772 1	1716 3765 0	Climb Stairs 27855						2			~geometry
1717 3765 0	1717 3772 1	Climb Stairs 27854						2			~geometry
1717 3772 1	1717 3765 0	Climb Stairs 27856						2			~geometry
1718 3738 0	1725 3738 1	Climb Stairs 27851						2			~geometry
1721 3716 1	1721 3724 0	Climb Stairs 27852						2			~geometry
1721 3724 0	1721 3717 1	Climb Stairs 27851						2			~geometry
1721 3772 2	1723 3765 1	Climb Stairs 27852						2			~geometry
1723 3765 1	1723 3772 2	Climb Stairs 27851						2			~geometry
2510 3644 0	2518 9994 0	Climb Iron ladder 4383							
2518 9994 0	2510 3644 0	Climb Iron ladder 4384							
2515 10005 0	2515 10008 0	Climb Iron ladder 4384							
2515 10008 0	2515 10005 0	Climb Iron ladder 4383							
2516 10002 0	2516 10003 0	Open Strange wall 4384							
2513 10003 0	2513 10002 0	Open Strange wall 4384							
									
# Dwarf Cannon Quest area									
2569 3441 0	2569 3441 1	Climb-up Ladder 16683							
2569 3441 1	2569 3441 0	Climb-down Ladder 16679							
2570 3442 0	2570 3442 1	Climb-up Ladder 16683							
2570 3442 1	2570 3442 0	Climb-down Ladder 16679							
2571 3441 0	2571 3441 1	Climb-up Ladder 16683							
2571 3441 1	2571 3441 0	Climb-down Ladder 16679							
2570 3440 0	2570 3440 1	Climb-up Ladder 16683							
2570 3440 1	2570 3440 0	Climb-down Ladder 16679							
2570 3442 1	2569 3443 2	Climb-up Ladder 11							
2569 3443 2	2569 3443 1	Climb-down Ladder 16679							
2569 3443 1	2569 3443 2	Climb-up Ladder 11							
2570 3444 2	2570 3444 1	Climb-down Ladder 16679							
2570 3444 1	2569 3443 2	Climb-up Ladder 11							
2570 3442 2	2570 3442 1	Climb-down Ladder 16679							
2571 3443 1	2569 3443 2	Climb-up Ladder 11							
2571 3443 2	2571 3443 1	Climb-down Ladder 16679							
2568 3455 0	2568 3456 0	Open Gate 15605							
2568 3456 0	2568 3455 0	Open Gate 15605							
2567 3455 0	2567 3456 0	Open Gate 15604							
2567 3456 0	2567 3455 0	Open Gate 15604							
2555 3475 0	2554 3475 0	Open Gate 15604							
2554 3475 0	2555 3475 0	Open Gate 15604							
2555 3474 0	2554 3474 0	Open Gate 15605							
2554 3474 0	2555 3474 0	Open Gate 15605							
									
# Tourist Information Center									
2518 3431 0	2518 3431 1	Climb-up Staircase 16671							
2518 3431 1	2519 3430 0	Climb-down Staircase 16673							
2519 3430 0	2518 3431 1	Climb-up Staircase 16671							
2519 3429 0	2518 3431 1	Climb-up Staircase 16671							
2518 3428 0	2518 3431 1	Climb-up Staircase 16671							
2517 3428 0	2518 3431 1	Climb-up Staircase 16671							
2517 3431 0	2518 3431 1	Climb-up Staircase 16671							
2516 3430 0	2518 3431 1	Climb-up Staircase 16671							
2516 3429 0	2518 3431 1	Climb-up Staircase 16671							
2517 3426 1	2516 3423 0	Climb-down Staircase 16667							
2516 3423 0	2517 3426 1	Climb-up Staircase 16668							
									
# Waterfall Island and Dungeon (varplayer:65=8?GLARIALS_AMULET=1)									
2512 3476 0	2527 3413 0	Swim River 10283							
2510 3494 0	2512 3481 0	Board Log raft 1987							
2511 3477 0	2527 3413 0	Swim River 10283							
2510 3493 0	2512 3481 0	Board Log raft 1987							
2511 3463 0	2527 3413 0	Get in Barrel 2022							
2512 3466 0	2527 3413 0	Climb Dead Tree 2020							
2512 3476 0	2527 3413 0	Swim to Rock 1996							
2511 3463 0	2575 9861 0	Open Door 2010							
2575 9861 0	2511 3463 0	Open Door 2000							
2568 9893 0	2568 9894 0	Open Door 2002		298=1					
2568 9894 0	2568 9893 0	Open Door 2002							
2566 9901 0	2604 9901 0	Open Door 2002							
2604 9901 0	2566 9901 0	Open Door 2002							
									
# Glarial's Tomb									
2557 9844 0	2557 3444 0	Climb-up Ladder 17387						2	
									
# Tree Gnome Village Dungeon (during Waterfall quest)									
2533 3156 0	2533 9556 0	Climb-down Ladder 5250					65>2		
2534 3155 0	2534 9555 0	Climb-down Ladder 5250					65>2		
2532 3155 0	2532 9555 0	Climb-down Ladder 5250					65>2		
2533 9556 0	2533 3156 0	Climb-up Ladder 17387					65>2		
									
# Tree Gnome Village Dungeon (after Waterfall quest)									
2533 3156 0	2597 4436 0	Climb-down Ladder 5250					65=10		
2532 3155 0	2596 4435 0	Climb-down Ladder 5250					65=10		
2534 3155 0	2598 4435 0	Climb-down Ladder 5250					65=10		
2597 4436 0	2533 3156 0	Climb-up Ladder 5251					65=10		
2596 4435 0	2533 3156 0	Climb-up Ladder 5251					65=10		
2598 4435 0	2533 3156 0	Climb-up Ladder 5251					65=10		
2597 4434 0	2533 3156 0	Climb-up Ladder 5251					65=10		
									
# Lithkren									
3555 4002 0	3549 10448 0	Climb-down Staircase 32080							
3549 10448 0	3555 4002 0	Climb-up Staircase 32112							
3554 4002 0	3549 10448 0	Climb-down Staircase 32080							
3550 10448 0	3555 4002 0	Climb-up Staircase 32112							
3549 10468 0	3549 10473 0	Climb Staircase 32113							
3549 10473 0	3549 10468 0	Climb Staircase 32113							
3550 10468 0	3550 10473 0	Climb Staircase 32113							
3550 10473 0	3550 10468 0	Climb Staircase 32113							
3551 10481 0	1568 5061 0	Enter Broken Grandiose Doors 32117							
1570 5061 0	3549 10481 0	Enter Broken Grandiose Doors 32132							
3550 10481 0	1568 5061 0	Enter Broken Grandiose Doors 32117							
1569 5061 0	3549 10481 0	Enter Broken Grandiose Doors 32132							
3549 10481 0	1568 5061 0	Enter Broken Grandiose Doors 32117							
1568 5061 0	3549 10481 0	Enter Broken Grandiose Doors 32132							
1567 5061 0	3549 10481 0	Enter Broken Grandiose Doors 32132							
1566 5061 0	3549 10481 0	Enter Broken Grandiose Doors 32132							
1565 5061 0	3549 10481 0	Enter Broken Grandiose Doors 32132							
1573 5077 0	1575 5077 0	Pass Barrier 32153							
1575 5077 0	1573 5077 0	Pass Barrier 32153							
1573 5076 0	1575 5076 0	Pass Barrier 32153							
1575 5076 0	1573 5076 0	Pass Barrier 32153							
1573 5075 0	1575 5075 0	Pass Barrier 32153							
1575 5075 0	1573 5075 0	Pass Barrier 32153							
1573 5074 0	1575 5074 0	Pass Barrier 32153							
1575 5074 0	1573 5074 0	Pass Barrier 32153							
1573 5073 0	1575 5073 0	Pass Barrier 32153							
1575 5073 0	1573 5073 0	Pass Barrier 32153							
1573 5072 0	1575 5072 0	Pass Barrier 32153							
1575 5072 0	1573 5072 0	Pass Barrier 32153							
1584 5089 0	1584 5087 0	Pass Barrier 32153							
1584 5087 0	1584 5089 0	Pass Barrier 32153							
1585 5089 0	1585 5087 0	Pass Barrier 32153							
1585 5087 0	1585 5089 0	Pass Barrier 32153							
1586 5089 0	1586 5087 0	Pass Barrier 32153							
1586 5087 0	1586 5089 0	Pass Barrier 32153							
1587 5089 0	1587 5087 0	Pass Barrier 32153							
1587 5087 0	1587 5089 0	Pass Barrier 32153							
1588 5089 0	1588 5087 0	Pass Barrier 32153							
1588 5087 0	1588 5089 0	Pass Barrier 32153							
1589 5089 0	1589 5087 0	Pass Barrier 32153							
1589 5087 0	1589 5089 0	Pass Barrier 32153							
1546 5089 0	1546 5087 0	Pass Barrier 32153							
1546 5087 0	1546 5089 0	Pass Barrier 32153							
1547 5089 0	1547 5087 0	Pass Barrier 32153							
1547 5087 0	1547 5089 0	Pass Barrier 32153							
1548 5089 0	1548 5087 0	Pass Barrier 32153							
1548 5087 0	1548 5089 0	Pass Barrier 32153							
1549 5089 0	1549 5087 0	Pass Barrier 32153							
1549 5087 0	1549 5089 0	Pass Barrier 32153							
1550 5089 0	1550 5087 0	Pass Barrier 32153							
1550 5087 0	1550 5089 0	Pass Barrier 32153							
1551 5089 0	1551 5087 0	Pass Barrier 32153							
1551 5087 0	1551 5089 0	Pass Barrier 32153							
1560 5072 0	1562 5072 0	Pass Barrier 32153							
1562 5072 0	1560 5072 0	Pass Barrier 32153							
1560 5073 0	1562 5073 0	Pass Barrier 32153							
1562 5073 0	1560 5073 0	Pass Barrier 32153							
1560 5074 0	1562 5074 0	Pass Barrier 32153							
1562 5074 0	1560 5074 0	Pass Barrier 32153							
1560 5075 0	1562 5075 0	Pass Barrier 32153							
1562 5075 0	1560 5075 0	Pass Barrier 32153							
1560 5076 0	1562 5076 0	Pass Barrier 32153							
1562 5076 0	1560 5076 0	Pass Barrier 32153							
1560 5077 0	1562 5077 0	Pass Barrier 32153							
1562 5077 0	1560 5077 0	Pass Barrier 32153							
3554 4000 0	3554 4000 1	Climb-up Ladder 32083							
3554 4000 1	3554 4000 0	Climb-down Trapdoor 32084							
3555 4000 0	3554 4000 1	Climb-up Ladder 32083							
3555 4000 1	3554 4000 0	Climb-down Trapdoor 32084							
3556 4003 1	3561 4004 0	Climb-down Stairs 32082							
3561 4004 0	3556 4004 1	Climb-up Stairs 32081							
3556 4004 1	3561 4004 0	Climb-down Stairs 32082							
3561 4005 0	3556 4004 1	Climb-up Stairs 32081							
3556 4005 1	3561 4004 0	Climb-down Stairs 32082							
3561 4003 0	3556 4004 1	Climb-up Stairs 32081							
									
# Fossil Island									
3595 10291 0	3680 3854 0	Climb-up Exit 30844							
3680 3854 0	3595 10291 0	Climb Down Trap Door 30842							
3596 10291 0	3680 3854 0	Climb-up Exit 30844							
3603 10291 0	3607 10290 0	Climb Stairs 31485							
3607 10290 0	3603 10290 0	Climb Stairs 31485							
3603 10290 0	3607 10290 0	Climb Stairs 31485							
3607 10291 0	3603 10290 0	Climb Stairs 31485							
3606 10292 0	3603 10290 0	Climb Stairs 31485							
3605 10292 0	3603 10290 0	Climb Stairs 31485							
3606 10289 0	3603 10290 0	Climb Stairs 31485							
3605 10289 0	3603 10290 0	Climb Stairs 31485							
3680 3855 0	3595 10291 0	Climb Down Trap Door 30842							
3680 3853 0	3595 10291 0	Climb Down Trap Door 30842							
3666 3810 0	3685 3756 0	Jump on Rubber cap mushroom 30606							
3666 3809 0	3685 3756 0	Jump on Rubber cap mushroom 30606							
3663 3808 0	3685 3756 0	Jump on Rubber cap mushroom 30606							
3664 3808 0	3685 3756 0	Jump on Rubber cap mushroom 30606							
3665 3808 0	3685 3756 0	Jump on Rubber cap mushroom 30606							
3768 3868 1	3768 3868 0	Climb-down Trapdoor 30725							
3768 3868 0	3768 3868 1	Climb-up Ladder 30727							
3767 3868 1	3768 3868 0	Climb-down Trapdoor 30725							
3767 3868 0	3768 3868 1	Climb-up Ladder 30727							
3766 3867 1	3768 3868 0	Climb-down Trapdoor 30725							
3769 3867 0	3768 3868 1	Climb-up Ladder 30727							
3766 3867 0	3768 3868 1	Climb-up Ladder 30727							
3766 3866 0	3768 3868 1	Climb-up Ladder 30727							
3767 3865 0	3768 3868 1	Climb-up Ladder 30727							
3757 3870 1	3753 3869 0	Descend Stairs 30682							
3753 3869 0	3757 3869 1	Climb Stairs 30681							
3757 3869 1	3753 3869 0	Descend Stairs 30682							
3753 3870 0	3757 3869 1	Climb Stairs 30681							
3757 3868 1	3753 3869 0	Descend Stairs 30682							
3753 3868 0	3757 3869 1	Climb Stairs 30681							
3746 3832 0	3745 3831 1	Climb Up Ladder 30940							
3745 3831 1	3747 3831 0	Climb Down Ladder 30941							
3747 3831 0	3745 3831 1	Climb Up Ladder 30940							
3746 3830 0	3745 3831 1	Climb Up Ladder 30940							
3730 3831 1	3728 3831 0	Climb Down Ladder 30939							
3728 3831 0	3730 3831 1	Climb Up Ladder 30938							
3729 3830 0	3730 3831 1	Climb Up Ladder 30938							
3729 3832 0	3730 3831 1	Climb Up Ladder 30938							
									
# Musa Point									
2956 3146 0	2956 3143 1	Cross Gangplank 2081						3	
2956 3143 1	2956 3146 0	Cross Gangplank 2082						3	
2960 3141 0	2960 3141 1	Climb-up Ship's ladder 272							
2960 3141 1	2960 3141 0	Climb-down Ship's ladder 273							
2956 3141 0	2956 3141 1	Climb-up Ship's ladder 272							
2956 3141 1	2956 3141 0	Climb-down Ship's ladder 273							
2952 3141 0	2952 3141 1	Climb-up Ship's ladder 272							
2952 3141 1	2952 3141 0	Climb-down Ship's ladder 273							
2962 3139 1	2964 3139 2	Climb-up Ship's ladder 245							
2964 3139 2	2962 3139 1	Climb-down Ship's ladder 246							
2962 3143 1	2964 3143 2	Climb-up Ship's ladder 245							
2964 3143 2	2962 3143 1	Climb-down Ship's ladder 246							
2954 3158 0	2957 3158 1	Cross Gangplank 17398						3	
2957 3158 1	2954 3158 0	Cross Gangplank 17399						3	
									
# Brimhaven									
2763 3238 1	2760 3238 0	Cross Gangplank 17401						3	
2760 3238 0	2763 3238 1	Cross Gangplank 17400						3	
2772 3234 0	2775 3234 1	Cross Gangplank 2087						3	
2775 3234 1	2772 3234 0	Cross Gangplank 2088						3	
2776 3235 0	2776 3235 1	Climb-up Ship's ladder 9744							
2776 3235 1	2776 3235 0	Climb-down Ship's ladder 9745							
2777 3234 1	2776 3235 0	Climb-down Ship's ladder 9745							
2775 3234 1	2776 3235 0	Climb-down Ship's ladder 9745							
2690 9547 0	2682 9548 0	Cross Stepping stone 19040						4	
2695 9533 0	2697 9525 0	Cross Stepping stone 19040						4	
									
# Karamja Volcano									
2855 3169 0	2855 9569 0	Climb-down Rocks 11441							
2855 9569 0	2856 3167 0	Climb Climbing rope 18969							
2856 3167 0	2856 9567 0	Climb-down Rocks 11441							
2856 9568 0	2856 3167 0	Climb Climbing rope 18969							
2855 3168 0	2855 9568 0	Climb-down Rocks 11441							
2856 9570 0	2856 3167 0	Climb Climbing rope 18969							
2857 3167 0	2857 9567 0	Climb-down Rocks 11441							
2857 9569 0	2856 3167 0	Climb Climbing rope 18969							
2858 3168 0	2858 9568 0	Climb-down Rocks 11441							
2858 3169 0	2858 9569 0	Climb-down Rocks 11441							
2857 3170 0	2857 9570 0	Climb-down Rocks 11441							
2856 3170 0	2856 9570 0	Climb-down Rocks 11441							
2862 9573 0	2480 5175 0	Enter Cave entrance 11835							
2480 5175 0	2862 9572 0	Enter Cave exit 11836							
2862 9572 0	2480 5175 0	Enter Cave entrance 11835							
2481 5175 0	2862 9572 0	Enter Cave exit 11836							
2862 9571 0	2480 5175 0	Enter Cave entrance 11835							
2479 5175 0	2862 9572 0	Enter Cave exit 11836							
2863 9574 0	2480 5175 0	Enter Cave entrance 11835							
2863 9570 0	2480 5175 0	Enter Cave entrance 11835							
2864 9570 0	2480 5175 0	Enter Cave entrance 11835							
2865 9571 0	2480 5175 0	Enter Cave entrance 11835							
2865 9572 0	2480 5175 0	Enter Cave entrance 11835							
									
# Island West of Brimhaven									
2709 3209 0	2704 3209 0	Swing-on Ropeswing 23568						5	
2705 3205 0	2709 3205 0	Swing-on Ropeswing 23569						5	
									
# Port Piscarillius									
1824 3694 1	1824 3691 0	Cross Gangplank 27778						3	
1824 3691 0	1824 3694 1	Cross Gangplank 27777						3	
									
# Tree Gnome Village									
2515 3160 0	2515 3161 0	Squeeze-through Loose Railing 2186							
2515 3161 0	2515 3160 0	Squeeze-through Loose Railing 2186							
2516 3166 1	2516 3166 0	Climb-down Ladder 16679							
2516 3166 0	2516 3166 1	Climb-up Ladder 17026							
2515 3165 1	2515 3165 0	Climb-down Ladder 16679							
2517 3165 1	2517 3165 0	Climb-down Ladder 16679							
2521 3163 1	2521 3163 0	Climb-down Ladder 16685							
2521 3163 0	2521 3163 1	Climb-up Ladder 17026							
2526 3162 0	2526 3162 1	Climb-up Ladder 17026							
2525 3163 1	2525 3163 0	Climb-down Ladder 16679							
2526 3162 1	2526 3162 0	Climb-down Ladder 16679							
2525 3161 1	2525 3161 0	Climb-down Ladder 16679							
2526 3172 1	2526 3172 0	Climb-down Ladder 16679							
2526 3172 0	2526 3172 1	Climb-up Ladder 17026							
2525 3171 1	2525 3171 0	Climb-down Ladder 16679							
2504 3191 0	2515 3159 0	Follow Elkoy 4968					111>0	5	
2515 3159 0	2504 3191 0	Follow Elkoy 4968					111>0	5	
									
# Tree Gnome Stronghold									
2449 3463 0	2449 3463 1	Climb-up Ladder 16683							
2449 3463 1	2449 3463 0	Climb-down Ladder 16679							
2443 3462 0	2443 3462 1	Climb-up Ladder 16683							
2443 3462 1	2443 3462 0	Climb-down Ladder 16679							
2444 3463 0	2444 3463 1	Climb-up Ladder 16683							
2444 3463 1	2444 3463 0	Climb-down Ladder 16679							
2443 3464 0	2443 3464 1	Climb-up Ladder 16683							
2443 3464 1	2443 3464 0	Climb-down Ladder 16679							
2442 3463 0	2442 3463 1	Climb-up Ladder 16683							
2442 3463 1	2442 3463 0	Climb-down Ladder 16679							
2438 3464 0	2438 3464 1	Climb-up Ladder 16683							
2438 3464 1	2438 3464 0	Climb-down Ladder 16679							
2437 3465 0	2437 3465 1	Climb-up Ladder 16683							
2437 3465 1	2437 3465 0	Climb-down Ladder 16679							
2436 3464 1	2436 3464 0	Climb-down Ladder 16679							
2436 3464 0	2436 3464 1	Climb-up Ladder 16683							
2437 3463 1	2437 3463 0	Climb-down Ladder 16679							
2437 3463 0	2437 3463 1	Climb-up Ladder 16683							
2423 3441 0	2423 3441 1	Climb-up Ladder 16683							
2423 3441 1	2423 3441 0	Climb-down Ladder 16679							
2424 3442 0	2424 3442 1	Climb-up Ladder 16683							
2424 3442 1	2424 3442 0	Climb-down Ladder 16679							
2423 3443 0	2423 3443 1	Climb-up Ladder 16683							
2423 3443 1	2423 3443 0	Climb-down Ladder 16679							
2422 3442 0	2422 3442 1	Climb-up Ladder 16683							
2422 3442 1	2422 3442 0	Climb-down Ladder 16679							
2422 3422 1	2422 3422 2	Climb-up Ladder 16683							
2422 3422 2	2422 3422 1	Climb-down Ladder 16679							
2423 3423 1	2423 3423 2	Climb-up Ladder 16683							
2423 3423 2	2423 3423 1	Climb-down Ladder 16679							
2424 3422 1	2424 3422 2	Climb-up Ladder 16683							
2424 3422 2	2424 3422 1	Climb-down Ladder 16679							
2416 3444 0	2415 3446 1	Climb-up Staircase 16675							
2415 3446 1	2416 3447 0	Climb-down Staircase 16677							
2416 3447 0	2415 3446 1	Climb-up Staircase 16675							
2417 3447 0	2415 3446 1	Climb-up Staircase 16675							
2418 3446 0	2415 3446 1	Climb-up Staircase 16675							
2418 3445 0	2415 3446 1	Climb-up Staircase 16675							
2417 3444 0	2415 3446 1	Climb-up Staircase 16675							
2415 3445 0	2415 3446 1	Climb-up Staircase 16675							
2403 3450 0	2400 3450 1	Climb-up Staircase 16675							
2400 3450 1	2401 3451 0	Climb-down Staircase 16677							
2401 3451 0	2400 3450 1	Climb-up Staircase 16675							
2402 3451 0	2400 3450 1	Climb-up Staircase 16675							
2400 3450 0	2400 3450 1	Climb-up Staircase 16675							
2403 3449 0	2400 3450 1	Climb-up Staircase 16675							
2402 3448 0	2400 3450 1	Climb-up Staircase 16675							
2401 3448 0	2400 3450 1	Climb-up Staircase 16675							
2408 3436 0	2408 3436 1	Climb-up Ladder 16683							
2408 3436 1	2408 3436 0	Climb-down Ladder 16679							
2409 3435 0	2409 3435 1	Climb-up Ladder 16683							
2409 3435 1	2409 3435 0	Climb-down Ladder 16679							
2408 3434 0	2408 3434 1	Climb-up Ladder 16683							
2408 3434 1	2408 3434 0	Climb-down Ladder 16679							
2407 3435 0	2407 3435 1	Climb-up Ladder 16683							
2407 3435 1	2407 3435 0	Climb-down Ladder 16679							
2418 3416 1	2417 3417 0	Climb-down Staircase 16677							
2417 3417 0	2418 3416 1	Climb-up Staircase 16675							
2417 3418 0	2418 3416 1	Climb-up Staircase 16675							
2418 3419 0	2418 3416 1	Climb-up Staircase 16675							
2419 3419 0	2418 3416 1	Climb-up Staircase 16675							
2418 3416 0	2418 3416 1	Climb-up Staircase 16675							
2420 3417 0	2418 3416 1	Climb-up Staircase 16675							
2420 3418 0	2418 3416 1	Climb-up Staircase 16675							
2443 3415 0	2445 3416 1	Climb-up Staircase 16675							
2445 3416 1	2446 3415 0	Climb-down Staircase 16677							
2446 3415 0	2445 3416 1	Climb-up Staircase 16675							
2446 3414 0	2445 3416 1	Climb-up Staircase 16675							
2445 3413 0	2445 3416 1	Climb-up Staircase 16675							
2444 3413 0	2445 3416 1	Climb-up Staircase 16675							
2443 3414 0	2445 3416 1	Climb-up Staircase 16675							
2445 3416 0	2445 3416 1	Climb-up Staircase 16675							
2444 3416 0	2445 3416 1	Climb-up Staircase 16675							
2445 3433 1	2444 3434 0	Climb-down Staircase 16677							
2444 3434 0	2445 3433 1	Climb-up Staircase 16675							
2444 3435 0	2445 3433 1	Climb-up Staircase 16675							
2445 3436 0	2445 3433 1	Climb-up Staircase 16675							
2446 3436 0	2445 3433 1	Climb-up Staircase 16675							
2447 3435 0	2445 3433 1	Climb-up Staircase 16675							
2447 3434 0	2445 3433 1	Climb-up Staircase 16675							
2445 3433 0	2445 3433 1	Climb-up Staircase 16675							
2446 3433 0	2445 3433 1	Climb-up Staircase 16675							
2442 3405 0	2440 3403 1	Climb-up Staircase 16675							
2440 3403 1	2439 3404 0	Climb-down Staircase 16677							
2439 3404 0	2440 3403 1	Climb-up Staircase 16675							
2439 3405 0	2440 3403 1	Climb-up Staircase 16675							
2440 3406 0	2440 3403 1	Climb-up Staircase 16675							
2441 3406 0	2440 3403 1	Climb-up Staircase 16675							
2440 3403 0	2440 3403 1	Climb-up Staircase 16675							
2442 3404 0	2440 3403 1	Climb-up Staircase 16675							
2461 3415 0	2460 3417 1	Climb-up Staircase 16675							
2460 3417 1	2461 3418 0	Climb-down Staircase 16677							
2461 3418 0	2460 3417 1	Climb-up Staircase 16675							
2462 3418 0	2460 3417 1	Climb-up Staircase 16675							
2463 3417 0	2460 3417 1	Climb-up Staircase 16675							
2463 3416 0	2460 3417 1	Climb-up Staircase 16675							
2462 3415 0	2460 3417 1	Climb-up Staircase 16675							
2460 3417 0	2460 3417 1	Climb-up Staircase 16675							
2460 3416 0	2460 3417 1	Climb-up Staircase 16675							
2457 3417 1	2456 3416 0	Climb-down Staircase 16677							
2456 3416 0	2457 3417 1	Climb-up Staircase 16675							
2455 3416 0	2457 3417 1	Climb-up Staircase 16675							
2457 3418 0	2457 3417 1	Climb-up Staircase 16675							
2457 3417 0	2457 3417 1	Climb-up Staircase 16675							
2456 3419 0	2457 3417 1	Climb-up Staircase 16675							
2455 3419 0	2457 3417 1	Climb-up Staircase 16675							
2477 3400 0	2475 3399 1	Climb-up Staircase 16675							
2475 3399 1	2474 3400 0	Climb-down Staircase 16677							
2474 3400 0	2475 3399 1	Climb-up Staircase 16675							
2474 3401 0	2475 3399 1	Climb-up Staircase 16675							
2475 3402 0	2475 3399 1	Climb-up Staircase 16675							
2475 3399 0	2475 3399 1	Climb-up Staircase 16675							
2477 3401 0	2475 3399 1	Climb-up Staircase 16675							
2476 3402 0	2475 3399 1	Climb-up Staircase 16675							
2378 3490 0	2378 3489 1	Climb-up Staircase 16675							
2378 3489 1	2377 3488 0	Climb-down Staircase 16677							
2377 3488 0	2378 3489 1	Climb-up Staircase 16675							
2378 3489 0	2378 3489 1	Climb-up Staircase 16675							
2377 3491 0	2378 3489 1	Climb-up Staircase 16675							
2376 3491 0	2378 3489 1	Climb-up Staircase 16675							
2375 3490 0	2378 3489 1	Climb-up Staircase 16675							
2375 3489 0	2378 3489 1	Climb-up Staircase 16675							
2384 3505 0	2384 3505 1	Climb-up Staircase 16675							
2384 3505 1	2383 3506 0	Climb-down Staircase 16677							
2383 3506 0	2384 3505 1	Climb-up Staircase 16675							
2383 3507 0	2384 3505 1	Climb-up Staircase 16675							
2384 3508 0	2384 3505 1	Climb-up Staircase 16675							
2385 3508 0	2384 3505 1	Climb-up Staircase 16675							
2386 3507 0	2384 3505 1	Climb-up Staircase 16675							
2386 3506 0	2384 3505 1	Climb-up Staircase 16675							
2385 3505 0	2384 3505 1	Climb-up Staircase 16675							
2388 3513 0	2388 3513 1	Climb-up Staircase 16675							
2388 3513 1	2389 3514 0	Climb-down Staircase 16677							
2389 3514 0	2388 3513 1	Climb-up Staircase 16675							
2390 3514 0	2388 3513 1	Climb-up Staircase 16675							
2391 3512 0	2388 3513 1	Climb-up Staircase 16675							
2390 3511 0	2388 3513 1	Climb-up Staircase 16675							
2389 3511 0	2388 3513 1	Climb-up Staircase 16675							
2388 3512 0	2388 3513 1	Climb-up Staircase 16675							
2397 3512 0	2397 3513 1	Climb-up Staircase 16675							
2397 3513 1	2398 3514 0	Climb-down Staircase 16677							
2398 3514 0	2397 3513 1	Climb-up Staircase 16675							
2399 3514 0	2397 3513 1	Climb-up Staircase 16675							
2397 3513 0	2397 3513 1	Climb-up Staircase 16675							
2398 3511 0	2397 3513 1	Climb-up Staircase 16675							
2399 3511 0	2397 3513 1	Climb-up Staircase 16675							
2400 3512 0	2397 3513 1	Climb-up Staircase 16675							
2414 3490 0	2412 3489 1	Climb-up Staircase 16675							
2413 3490 0	2412 3489 1	Climb-up Staircase 16675							
2412 3489 1	2413 3490 0	Climb-down Staircase 16677							
2412 3489 0	2412 3489 1	Climb-up Staircase 16675							
2412 3488 0	2412 3489 1	Climb-up Staircase 16675							
2413 3487 0	2412 3489 1	Climb-up Staircase 16675							
2414 3487 0	2412 3489 1	Climb-up Staircase 16675							
2415 3489 0	2412 3489 1	Climb-up Staircase 16675							
2415 3488 0	2412 3489 1	Climb-up Staircase 16675							
2416 3491 0	2418 3492 1	Climb-up Staircase 16675							
2418 3492 1	2419 3491 0	Climb-down Staircase 16677							
2419 3491 0	2418 3492 1	Climb-up Staircase 16675							
2419 3490 0	2418 3492 1	Climb-up Staircase 16675							
2417 3492 0	2418 3492 1	Climb-up Staircase 16675							
2417 3489 0	2418 3492 1	Climb-up Staircase 16675							
2416 3490 0	2418 3492 1	Climb-up Staircase 16675							
2422 3472 0	2421 3473 1	Climb-up Staircase 16675							
2421 3473 1	2422 3472 0	Climb-down Staircase 16677							
2422 3471 0	2421 3473 1	Climb-up Staircase 16675							
2421 3470 0	2421 3473 1	Climb-up Staircase 16675							
2421 3473 0	2421 3473 1	Climb-up Staircase 16675							
2420 3473 0	2421 3473 1	Climb-up Staircase 16675							
2419 3472 0	2421 3473 1	Climb-up Staircase 16675							
2419 3471 0	2421 3473 1	Climb-up Staircase 16675							
2420 3470 0	2421 3473 1	Climb-up Staircase 16675							
2395 3473 0	2396 3476 1	Climb-up Staircase 16675							
2396 3476 1	2397 3475 0	Climb-down Staircase 16677							
2397 3475 0	2396 3476 1	Climb-up Staircase 16675							
2397 3474 0	2396 3476 1	Climb-up Staircase 16675							
2396 3473 0	2396 3476 1	Climb-up Staircase 16675							
2396 3476 0	2396 3476 1	Climb-up Staircase 16675							
2395 3476 0	2396 3476 1	Climb-up Staircase 16675							
2394 3475 0	2396 3476 1	Climb-up Staircase 16675							
2394 3474 0	2396 3476 1	Climb-up Staircase 16675							
2396 3503 0	2396 3500 1	Climb-up Staircase 16675							
2396 3500 1	2395 3501 0	Climb-down Staircase 16677							
2395 3501 0	2396 3500 1	Climb-up Staircase 16675							
2395 3502 0	2396 3500 1	Climb-up Staircase 16675							
2397 3500 0	2396 3500 1	Climb-up Staircase 16675							
2397 3503 0	2396 3500 1	Climb-up Staircase 16675							
2398 3502 0	2396 3500 1	Climb-up Staircase 16675							
2398 3501 0	2396 3500 1	Climb-up Staircase 16675							
2477 3463 0	2477 3463 1	Climb-up Ladder 16683							
2477 3463 1	2477 3463 0	Climb-down Ladder 16679							
2476 3464 0	2476 3464 1	Climb-up Ladder 16683							
2476 3464 1	2476 3464 0	Climb-down Ladder 16679							
2475 3463 0	2475 3463 1	Climb-up Ladder 16683							
2475 3463 1	2475 3463 0	Climb-down Ladder 16679							
2476 3462 0	2476 3462 1	Climb-up Ladder 16683							
2476 3462 1	2476 3462 0	Climb-down Ladder 16679							
2481 3409 0	2479 3407 1	Climb-up Staircase 16675							
2479 3407 1	2478 3408 0	Climb-down Staircase 16677							
2478 3408 0	2479 3407 1	Climb-up Staircase 16675							
2478 3409 0	2479 3407 1	Climb-up Staircase 16675							
2479 3410 0	2479 3407 1	Climb-up Staircase 16675							
2480 3410 0	2479 3407 1	Climb-up Staircase 16675							
2479 3407 0	2479 3407 1	Climb-up Staircase 16675							
2480 3407 0	2479 3407 1	Climb-up Staircase 16675							
2481 3408 0	2479 3407 1	Climb-up Staircase 16675							
2487 3407 0	2489 3409 1	Climb-up Staircase 16675							
2489 3409 1	2490 3408 0	Climb-down Staircase 16677							
2490 3408 0	2489 3409 1	Climb-up Staircase 16675							
2490 3407 0	2489 3409 1	Climb-up Staircase 16675							
2489 3406 0	2489 3409 1	Climb-up Staircase 16675							
2488 3406 0	2489 3409 1	Climb-up Staircase 16675							
2488 3409 0	2489 3409 1	Climb-up Staircase 16675							
2486 3401 0	2485 3401 1	Climb-up Staircase 16675							
2485 3401 1	2484 3402 0	Climb-down Staircase 16677							
2484 3402 0	2485 3401 1	Climb-up Staircase 16675							
2484 3403 0	2485 3401 1	Climb-up Staircase 16675							
2485 3404 0	2485 3401 1	Climb-up Staircase 16675							
2485 3401 0	2485 3401 1	Climb-up Staircase 16675							
2487 3402 0	2485 3401 1	Climb-up Staircase 16675							
2487 3403 0	2485 3401 1	Climb-up Staircase 16675							
2486 3404 0	2485 3401 1	Climb-up Staircase 16675							
2461 3385 0	2461 3382 0	Open Gate 190							
2461 3382 0	2461 3385 0	Open Gate 190							
2462 3385 0	2461 3382 0	Open Gate 190							
2460 3382 0	2461 3385 0	Open Gate 190							
2460 3385 0	2461 3382 0	Open Gate 190							
2462 3382 0	2461 3385 0	Open Gate 190							
2465 3491 0	2465 3493 0	Open Tree Door 1967							
2465 3493 0	2465 3491 0	Open Tree Door 1967							
2466 3491 0	2466 3493 0	Open Tree Door 1968							
2466 3493 0	2466 3491 0	Open Tree Door 1968							
2467 3493 0	2466 3491 0	Open Tree Door 1968							
2467 3491 0	2466 3493 0	Open Tree Door 1968							
2464 3493 0	2465 3491 0	Open Tree Door 1967							
2464 3491 0	2465 3493 0	Open Tree Door 1967							
2466 3494 0	2466 3494 1	Climb-up Ladder 16683							
2466 3494 1	2466 3494 0	Climb-down Ladder 16684							
2465 3495 0	2465 3495 1	Climb-up Ladder 16683							
2465 3495 1	2465 3495 0	Climb-down Ladder 16684							
2466 3496 0	2466 3496 1	Climb-up Ladder 16683							
2466 3496 1	2466 3496 0	Climb-down Ladder 16684							
2467 3495 0	2467 3495 1	Climb-up Ladder 16683							
2467 3495 1	2467 3495 0	Climb-down Ladder 16684							
2467 3495 1	2467 3495 2	Climb-up Ladder 16684							
2467 3495 2	2467 3495 3	Climb-up Ladder 2884							
2467 3495 3	2467 3495 2	Climb-down Ladder 16679							
2467 3495 2	2467 3495 1	Climb-down Ladder 2884							
2466 3496 1	2466 3496 2	Climb-up Ladder 16684							
2466 3496 2	2466 3496 1	Climb-down Ladder 2884							
2465 3495 1	2465 3495 2	Climb-up Ladder 16684							
2465 3495 2	2465 3495 1	Climb-down Ladder 2884							
2466 3494 1	2466 3494 2	Climb-up Ladder 16684							
2466 3494 2	2466 3494 1	Climb-down Ladder 2884							
2466 3494 2	2466 3494 3	Climb-up Ladder 2884							
2466 3494 3	2466 3494 2	Climb-down Ladder 16679							
2465 3495 2	2465 3495 3	Climb-up Ladder 2884							
2465 3495 3	2465 3495 2	Climb-down Ladder 16679							
2466 3496 2	2466 3496 3	Climb-up Ladder 2884							
2466 3496 3	2466 3496 2	Climb-down Ladder 16679							
2466 3494 0	2466 3494 3	Top-Floor Ladder 4458						2	
2466 3494 1	2466 3494 3	Top-Floor Ladder 56233						1	
2466 3494 3	2466 3494 0	Bottom-Floor Ladder 56229						2	
2466 3494 2	2466 3494 0	Bottom-Floor Ladder 56232						1	
2465 3495 0	2465 3495 3	Top-Floor Ladder 4458						2	
2465 3495 1	2465 3495 3	Top-Floor Ladder 56233						1	
2465 3495 3	2465 3495 0	Bottom-Floor Ladder 56229						2	
2465 3495 2	2465 3495 0	Bottom-Floor Ladder 56232						1	
2466 3496 0	2466 3496 3	Top-Floor Ladder 4458						2	
2466 3496 1	2466 3496 3	Top-Floor Ladder 56233						1	
2466 3496 3	2466 3496 0	Bottom-Floor Ladder 56229						2	
2466 3496 2	2466 3496 0	Bottom-Floor Ladder 56232						1	
2467 3495 0	2467 3495 3	Top-Floor Ladder 4458						2	
2467 3495 1	2467 3495 3	Top-Floor Ladder 56233						1	
2467 3495 3	2467 3495 0	Bottom-Floor Ladder 56229						2	
2467 3495 2	2467 3495 0	Bottom-Floor Ladder 56232						1	
2464 3497 0	2464 9897 0	Open Trapdoor 2446							
2464 9897 0	2464 3497 0	Climb-up Ladder 17385							
2467 9903 0	2467 9905 0	Push Roots 2451							
2467 9905 0	2467 9903 0	Push Roots 2451							
2468 9903 0	2468 9905 0	Push Roots 2451							
2468 9905 0	2468 9903 0	Push Roots 2451							
2430 3424 0	2429 9824 0	Enter Cave 26709							
2429 9824 0	2430 3424 0	Use Tunnel 27257							
2429 9825 0	2430 3424 0	Use Tunnel 27258							
2435 9807 0	2429 9807 0	Enter Tunnel 30174							
2435 9806 0	2429 9806 0	Enter Tunnel 30174							
2402 3420 0	2409 9812 0	Enter Cave entrance 17209							
2409 9812 0	2402 3419 0	Exit Tunnel 17223							
2402 3419 0	2409 9812 0	Enter Cave entrance 17209							
2402 3418 0	2409 9812 0	Enter Cave entrance 17209							
2403 3421 0	2409 9812 0	Enter Cave entrance 17209							
2408 9812 0	2402 3419 0	Exit Tunnel 17222							
2403 3417 0	2409 9812 0	Enter Cave entrance 17209							
2405 3420 0	2409 9812 0	Enter Cave entrance 17209							
2405 3419 0	2409 9812 0	Enter Cave entrance 17209							
2405 3418 0	2409 9812 0	Enter Cave entrance 17209							
									
# Tolna's Rift									
3309 3452 0	3297 9824 0	Enter Rift 13968							
3297 9824 0	3312 3450 0	Climb-up Rope 13999							
3298 9823 0	3312 3450 0	Climb-up Rope 13999							
3296 9823 0	3312 3450 0	Climb-up Rope 13999							
3297 9822 0	3312 3450 0	Climb-up Rope 13999							
2484 3463 1	2486 3465 2	Climb-up Tree 2447							
2485 3465 2	2484 3463 1	Climb-down Tree 28800							
									
# Land's End									
1504 3396 1	1504 3399 0	Cross Gangplank 29724						3	
1504 3399 0	1504 3396 1	Cross Gangplank 29723						3	
1512 3416 0	1512 3416 1	Climb-up Ladder 18324							
1512 3416 1	1512 3416 0	Climb-down Ladder 18325							
									
# Shayzien									
1483 3549 0	1483 9951 3	Enter Crypt Entrance 32403							
1483 9951 3	1483 3549 0	Climb-up Ladder 32401							
1561 3596 0	1561 3592 1	Climb Stairs 27201							
1561 3592 1	1561 3596 0	Climb Stairs 27202							
1562 3596 0	1562 3592 1	Climb Stairs 27201							
1562 3592 1	1562 3596 0	Climb Stairs 27202							
1579 3590 0	1579 3586 1	Climb Stairs 27201							
1579 3586 1	1579 3590 0	Climb Stairs 27202							
1580 3590 0	1580 3586 1	Climb Stairs 27201							
1580 3586 1	1580 3590 0	Climb Stairs 27202							
1509 3595 0	1509 3593 1	Climb-up Ladder 42207							
1509 3593 1	1509 3590 0	Climb-down Ladder 42208							
1511 3592 1	1507 3592 2	Climb Stairs 27199							
1507 3592 2	1511 3592 1	Climb Stairs 27200							
1496 3571 0	1496 3571 1	Climb-up Ladder 42207							
1496 3571 1	1496 3571 0	Climb-down Ladder 42208							
1519 3592 0	1519 3592 1	Climb-up Ladder 42207							
1519 3592 1	1519 3592 0	Climb-down Ladder 42208							
1539 3581 0	1539 3581 1	Climb-up Ladder 42207							
1539 3581 1	1539 3581 0	Climb-down Ladder 42208							
1524 3563 0	1520 3563 1	Climb Stairs 27201							
1520 3563 1	1524 3563 0	Climb Stairs 27202							
1527 3563 0	1523 3563 1	Climb Stairs 27201							
1523 3563 1	1527 3563 0	Climb Stairs 27202							
1524 3543 0	1528 3543 1	Climb Stairs 27199							
1528 3543 1	1524 3543 0	Climb Stairs 27200							
1539 3547 0	1539 3547 1	Climb-up Ladder 42207							
1539 3547 1	1539 3547 0	Climb-down Ladder 42208							
1539 3556 0	1539 3556 1	Climb-up Ladder 42207							
1539 3556 1	1539 3556 0	Climb-down Ladder 42208							
1543 3570 0	1543 3570 1	Climb-up Ladder 42207							
1543 3570 1	1543 3570 0	Climb-down Ladder 42208							
1552 3567 0	1552 3567 1	Climb-up Staircase 42193							
1552 3567 1	1552 3567 0	Climb-down Staircase 42194							
1552 3560 1	1552 3560 2	Climb-up Staircase 42193							
1552 3560 2	1552 3560 1	Climb-down Staircase 42194							
1565 3570 0	1565 3570 1	Climb-up Ladder 42207							
1565 3570 1	1565 3570 0	Climb-down Ladder 42208							
1567 3557 0	1571 3557 1	Climb-up Staircase 42195							
1571 3557 1	1567 3557 0	Climb-down Staircase 42196							
1567 3557 1	1563 3557 2	Climb-up Staircase 42195							
1563 3557 2	1567 3557 1	Climb-down Staircase 42196							
1568 3545 0	1568 3545 1	Climb-up Ladder 42207							
1568 3545 1	1568 3545 0	Climb-down Ladder 42208							
									
# Meyerditch									
3649 3220 0	3631 3219 0	Enter Door 32660				2573=320			
3631 3219 0	3649 3219 0	Enter Door 32659				2573=320			
3649 3219 0	3631 3219 0	Enter Door 32660				2573=320			
3631 3220 0	3649 3219 0	Enter Door 32659				2573=320			
3649 3218 0	3631 3219 0	Enter Door 32660				2573=320			
3631 3218 0	3649 3219 0	Enter Door 32659				2573=320			
3632 3205 0	3632 3202 1	Climb-up Stairs up 17976							
3632 3202 1	3632 3205 0	Climb-down Stairs down 17978							
3604 3202 0	3602 3202 1	Climb-up Ladder 17974							
3602 3202 1	3604 3202 0	Climb-down Ladder 17975							
3588 3180 0	3592 3180 0	Climb-over Wall rubble 18037							
3592 3180 0	3588 3180 0	Climb-over Wall rubble 18038							
3589 3179 0	3592 3180 0	Climb-over Wall rubble 18037							
3590 3173 1	3588 3173 0	Climb-down Floor 18122							
3588 3173 0	3590 3173 1	Climb-up Floor 18124							
3589 3174 1	3588 3173 0	Climb-down Floor 18122							
3589 3174 0	3590 3173 1	Climb-up Floor 18124							
3589 3173 1	3588 3173 0	Climb-down Floor 18122							
3588 3173 1	3588 3173 0	Climb-down Floor 18122							
3589 3173 0	3590 3173 1	Climb-up Floor 18124							
3588 3211 0	3588 3209 1	Climb-up Ladder 18000							
3588 3209 1	3588 3211 0	Climb-down Ladder 17999							
3589 3214 0	3589 3215 0	Open Barricade 18054							
3589 3215 0	3589 3214 0	Open Barricade 18054							
3592 3230 0	3594 3230 1	Climb-up Ladder 18000							
3594 3230 1	3592 3230 0	Climb-down Ladder 17999							
3588 3250 1	3588 3252 2	Climb-up Ladder 18002							
3588 3252 2	3588 3250 1	Climb-down Ladder 18001							
3588 3258 2	3588 3260 1	Climb-down Ladder 18001							
3588 3260 1	3588 3258 2	Climb-up Ladder 18002							
3595 3310 1	3595 3312 0	Climb-up Wall 39173							
3595 3312 0	3595 3310 1	Climb-down Wall 39172							
3601 3163 1	3605 3163 1	Climb-down Rock 17960							
3605 3163 1	3601 3163 1	Climb-up Rock 17959							
3605 3161 1	3605 3163 1	Jump-onto Rock 17958							
3595 3203 0	3595 3205 1	Climb-up Ladder 17974							
3595 3205 1	3595 3203 0	Climb-down Ladder 17975							
3598 3203 1	3598 3201 1	Jump-to Floorboards 18070							
3598 3201 1	3598 3203 1	Jump-to Floorboards 18071							
3599 3200 1	3601 3200 1	Jump-to Floorboards 18072							
3601 3200 1	3599 3200 1	Jump-to Floorboards 18073							
3605 3203 1	3605 3206 1	Walk-across Floor 18129							
3605 3206 1	3605 3203 1	Walk-across Floor 18130							
3606 3207 1	3606 3208 1	Crawl-under Wall 18078							
3606 3208 1	3606 3207 1	Crawl-under Wall 18078							
3604 3214 1	3601 3214 1	Walk-across Floor 18132							
3601 3214 1	3604 3214 1	Walk-across Floor 18133							
3601 3216 1	3601 3214 0	Climb-down Ladder 17975							
3601 3214 0	3601 3216 1	Climb-up Ladder 17974							
3598 3215 0	3598 3220 0	Climb-into Trapdoor tunnel 18083							
3598 3220 0	3598 3215 0	Climb-into Tunnel 18085							
3597 3219 0	3598 3215 0	Climb-into Tunnel 18085							
3594 3223 0	3595 3223 1	Climb-up Shelf 18086							
3595 3223 1	3594 3223 0	Climb-down Shelf 18087							
3596 3223 1	3597 3223 1	Crawl-under Wall 18088							
3597 3223 1	3596 3223 1	Crawl-under Wall 18088							
3598 3222 1	3601 3222 1	Jump-to Floorboards 18089							
3601 3222 1	3598 3222 1	Jump-to Floorboards 18090							
3603 3223 1	3603 3221 0	Climb-down Ladder 17975							
3603 3221 0	3603 3223 1	Climb-up Ladder 17974							
3608 3221 0	3609 3221 0	Open Door 18091							
3609 3221 0	3608 3221 0	Open Door 18091							
3619 3219 0	3617 3219 1	Climb-up Ladder 17974							
3617 3219 1	3619 3219 0	Climb-down Ladder 17975							
3615 3218 1	3615 3216 1	Jump-to Floorboards 18093							
3615 3216 1	3615 3218 1	Jump-to Floorboards 18094							
3615 3210 1	3614 3210 2	Climb-up Shelf 18095							
3614 3210 2	3615 3210 1	Climb-down Shelf 18096							
3610 3211 2	3610 3209 3	Climb-up Ladder 17974							
3610 3209 3	3610 3211 2	Climb-down Ladder 17975							
3613 3208 3	3613 3205 3	Jump-to Floorboards 18097							
3613 3205 3	3613 3208 3	Jump-to Floorboards 18098							
3613 3203 3	3611 3203 2	Climb-down Ladder 17975							
3611 3203 2	3613 3203 3	Climb-up Ladder 17974							
3612 3201 2	3610 3201 1	Climb-down Ladder 17975							
3610 3201 1	3612 3201 2	Climb-up Ladder 17974							
3611 3199 1	3611 3201 0	Climb-down Ladder 17975							
3611 3201 0	3611 3199 1	Climb-up Ladder 17974							
3616 3202 2	3622 3202 2	Walk-across Washing line 18099							
3622 3202 2	3616 3202 2	Walk-across Washing line 18100							
3625 3202 2	3625 3204 1	Climb-down Ladder 17975							
3625 3204 1	3625 3202 2	Climb-up Ladder 17974							
3623 3207 1	3623 3210 1	Walk-across Floor 18135							
3623 3210 1	3623 3207 1	Walk-across Floor 18136							
3623 3217 1	3623 3218 2	Climb-up Shelf 18105							
3623 3218 2	3623 3217 1	Climb-down Shelf 18106							
3623 3218 0	3621 3218 1	Climb-up Ladder 17974							
3621 3218 1	3623 3218 0	Climb-down Ladder 17975							
3625 3223 0	3625 3224 0	Open Door 18057							
3625 3224 0	3625 3223 0	Open Door 18057							
3625 3221 2	3626 3221 1	Climb-down Shelf 18107							
3626 3221 1	3625 3221 2	Climb-up Shelf 18108							
3623 3223 1	3623 3226 1	Jump-to Floorboards 18109							
3623 3226 1	3623 3223 1	Jump-to Floorboards 18110							
3622 3230 1	3622 3232 1	Jump-to Floorboards 18111							
3622 3232 1	3622 3230 1	Jump-to Floorboards 18112							
3624 3240 1	3626 3240 1	Jump-to Floorboards 18113							
3626 3240 1	3624 3240 1	Jump-to Floorboards 18114							
3631 3239 2	3629 3239 1	Climb-down Ladder 17975							
3629 3239 1	3631 3239 2	Climb-up Ladder 17974							
3628 3240 1	3630 3240 0	Climb-down Ladder 18116							
3630 3240 0	3628 3240 1	Climb-up Ladder 17974							
3625 3251 0	3627 3251 1	Climb-up Ladder 17974							
3627 3251 1	3625 3251 0	Climb-down Ladder 17975							
3632 3258 0	3630 3258 1	Climb-up Ladder 17974							
3630 3258 1	3632 3258 0	Climb-down Ladder 17975							
3633 3256 1	3636 3256 1	Jump-to Floorboards 18117							
3636 3256 1	3633 3256 1	Jump-to Floorboards 18118							
3639 3255 1	3639 3258 0	Climb-down Stairs down 17978							
3639 3258 0	3639 3255 1	Climb-up Stairs up 17976							
3640 3253 0	3640 3252 0	Push Wall 17980							
3640 3252 0	3640 3253 0	Push Wall 17980							
3627 3269 0	3624 3269 1	Climb-up Stairs up 17976							
3624 3269 1	3627 3269 0	Climb-down Stairs down 17978							
3632 3270 1	3629 3270 0	Climb-down Stairs down 17978							
3629 3270 0	3632 3270 1	Climb-up Stairs up 17976							
3631 3274 1	3633 3274 2	Climb-up Ladder 17974							
3633 3274 2	3631 3274 1	Climb-down Ladder 17975							
3613 3279 0	3615 3279 1	Climb-up Ladder 17974							
3615 3279 1	3613 3279 0	Climb-down Ladder 17975							
3598 3278 0	3598 3281 1	Climb-up Stairs up 17976							
3598 3281 1	3598 3278 0	Climb-down Stairs down 17978							
3593 9674 0	3593 3272 0	Climb-up Stairs 32561							
3593 3272 0	3593 9674 0	Climb-down Stairs 32560							
3596 9679 0	3596 9680 0	Open Door 32562							
3596 9680 0	3596 9679 0	Open Door 32562							
3606 3291 0	3606 3293 1	Climb-up Ladder 17974							
3606 3293 1	3606 3291 0	Climb-down Ladder 17975							
3607 3291 1	3609 3291 2	Climb-up Ladder 17974							
3609 3291 2	3607 3291 1	Climb-down Ladder 17975							
3615 3299 0	3613 3299 1	Climb-up Ladder 17974							
3613 3299 1	3615 3299 0	Climb-down Ladder 17975							
3638 3304 0	3638 3305 0	Walk-through Slashed tapestry 18125							
3638 3305 0	3638 3304 0	Walk-through Slashed tapestry 18125							
3642 3307 0	3641 3307 0	Open Door 18047							
3641 3307 0	3642 3307 0	Open Door 18047							
3637 9695 0	3643 3306 0	Climb-up Staircase 18050							
3643 3306 0	3637 9695 0	Climb-down Staircase 18049							
3629 9681 0	3629 9680 0	Open Door 17911							
3629 9680 0	3629 9681 0	Open Door 17911							
3630 9681 0	3630 9680 0	Open Door 17912							
3630 9680 0	3630 9681 0	Open Door 17912							
3513 9811 0	3492 9862 0	Enter Cave 38016							
3492 9862 0	3513 9811 0	Enter Cave entrance 12771							
3491 9876 0	3483 9832 0	Enter Cave entrance 12771							
3483 9832 0	3491 9876 0	Enter Cave entrance 12770							
3626 3293 0	3626 3291 1	Climb-up Ladder 17974							
3626 3291 1	3626 3293 0	Climb-down Ladder 17975							
3621 3317 0	3619 3317 1	Climb-up Ladder 17974							
3619 3317 1	3621 3317 0	Climb-down Ladder 17975							
									
# Darkmeyer									
3627 3328 0	3627 3332 0	Enter Cracked wall 39170							
3627 3332 0	3627 3328 0	Enter Cracked wall 39170							
3696 9764 2	3633 3339 0	Climb-up Staircase 39093							
3633 3339 0	3696 9764 2	Climb-down Staircase 39092							
3697 9764 2	3633 3339 0	Climb-up Staircase 39093							
3633 3340 0	3696 9764 2	Climb-down Staircase 39092							
3654 3384 0	2400 5969 0	Enter Mausoleum Door 38574							
2400 5969 0	3654 3384 0	Climb-up Stairs 38601							
2399 5969 0	3654 3384 0	Climb-up Stairs 38601							
2401 5969 0	3654 3384 0	Climb-up Stairs 38601							
3614 3362 0	3615 3361 0	Open Large door 39253							
3615 3361 0	3614 3361 0	Open Large door 39253							
3614 3361 0	3615 3361 0	Open Large door 39253							
3615 3362 0	3614 3361 0	Open Large door 39253							
3613 3338 0	3613 3342 1	Climb-up Staircase 39491							
3613 3342 1	3613 3338 0	Climb-down Staircase 39492							
3599 3317 0	3603 3317 1	Climb-up Staircase 39491							
3603 3317 1	3599 3317 0	Climb-down Staircase 39492							
									
# The Hollows									
3480 9837 0	3480 9836 0	Search Wall 5052							
3480 9836 0	3480 9837 0	Search Wall 5052							
3500 9811 0	3509 3449 0	Open Wooden doors 5056							
3509 3449 0	3500 9811 0	Open Wooden doors 5061							
3501 9811 0	3509 3449 0	Open Wooden doors 5057							
3510 3449 0	3500 9811 0	Open Wooden doors 5060							
3481 9824 0	3466 9820 0	Enter Cave entrance 5046							
3466 9820 0	3481 9824 0	Enter Cave entrance 5046							
3460 9813 0	3447 9822 0	Enter Cave entrance 16308							
3447 9822 0	3460 9813 0	Enter Cave entrance 16308							
3475 9806 0	3488 9815 0	Enter Cave entrance 5046							
3488 9815 0	3475 9806 0	Enter Cave entrance 5046							
3492 9809 0	3477 9799 0	Enter Cave entrance 5046							
3477 9799 0	3492 9809 0	Enter Cave entrance 5046							
3492 9824 0	3505 9832 0	Enter Cave entrance 5046							
3505 9832 0	3492 9824 0	Enter Cave entrance 5046							
									
# Slepe									
3703 3335 0	3700 3334 1	Climb-up Stairs 32647							
3700 3335 1	3703 3334 0	Climb-down Stairs 32648							
3703 3336 0	3700 3334 1	Climb-up Stairs 32647							
3703 3334 0	3700 3334 1	Climb-up Stairs 32647							
3720 3307 0	3732 9683 0	Climb-down Trapdoor 32643							
3732 9683 0	3720 3307 0	Climb-up Ladder 32644							
3727 3302 0	3738 9703 1	Climb-down Stairs 32637							
3738 9703 1	3728 3302 0	Climb-up Stairs 32638							
3728 3302 0	3738 9703 1	Climb-down Stairs 32637							
3739 9703 1	3728 3302 0	Climb-up Stairs 32638							
3729 3302 0	3738 9703 1	Climb-down Stairs 32637							
3735 3319 1	3736 3318 0	Climb-down Staircase 24359							
3736 3318 0	3735 3319 1	Climb-up Staircase 24358							
3736 3316 1	3736 3316 2	Climb-up Ladder 24351							
3736 3316 2	3736 3316 1	Climb-down Ladder 24352							
3741 3318 1	3742 3319 0	Climb-down Staircase 24359							
3742 3319 0	3741 3318 1	Climb-up Staircase 24358							
3741 3316 2	3741 3316 3	Climb-up Ladder 24351							
3741 3316 3	3741 3316 2	Climb-down Ladder 24352							
3745 3334 0	3745 3337 1	Climb-up Stairs 32647							
3746 3334 0	3745 3337 1	Climb-up Stairs 32647							
3747 3334 0	3745 3337 1	Climb-up Stairs 32647							
3746 3337 1	3745 3334 0	Climb-down Stairs 32648							
3728 9752 1	3728 9753 1	Open Gate 39512							
3728 9753 1	3728 9752 1	Open Gate 39512							
3727 9756 1	3725 3356 0	Climb-up Ladder 32642							
3725 3356 0	3727 9756 1	Climb-down Trapdoor 32641							
3725 3352 0	3725 3356 1	Climb-up Staircase 32645							
3725 3356 1	3725 3352 0	Climb-down Staircase 32646							
3726 3352 0	3726 3356 1	Climb-up Staircase 32645							
3726 3356 1	3726 3352 0	Climb-down Staircase 32646							
3728 9765 1	3728 9766 1	Open Gate 39510							
3728 9766 1	3728 9765 1	Open Gate 39510							
3728 9775 1	3728 9776 1	Open Gate 39510							
3728 9776 1	3728 9775 1	Open Gate 39510							
3737 9780 1	3738 9780 1	Open Gate 39510							
3738 9780 1	3737 9780 1	Open Gate 39510							
3746 9780 1	3747 9780 1	Open Gate 39510							
3747 9780 1	3746 9780 1	Open Gate 39510							
3788 9778 1	3792 9778 2	Climb-up Stairs 37832							
3792 9778 2	3788 9778 1	Climb-down Stairs 37833							
3788 9777 1	3792 9777 2	Climb-up Stairs 37832							
3792 9777 2	3788 9777 1	Climb-down Stairs 37833							
3824 9777 2	3828 9777 1	Climb-down Stairs 37833							
3828 9777 1	3824 9777 2	Climb-up Stairs 37832							
3828 9778 1	3824 9778 2	Climb-up Stairs 37832							
3824 9778 2	3828 9778 1	Climb-down Stairs 37833							
3807 9797 2	3807 9801 1	Climb-down Stairs 37836							
3807 9801 1	3807 9797 2	Climb-up Stairs 37835							
3808 9797 2	3808 9801 1	Climb-down Stairs 37836							
3808 9801 1	3808 9797 2	Climb-up Stairs 37835							
3809 9797 2	3809 9801 1	Climb-down Stairs 37836							
3809 9801 1	3809 9797 2	Climb-up Stairs 37835							
									
# Ectofunctus									
3672 3376 0	3670 3375 0	Climb Wall 39541							
3672 3374 0	3670 3375 0	Climb Wall 39541							
3666 3517 0	3666 3522 1	Climb-up Staircase 16646							
3666 3522 1	3666 3517 0	Climb-down Staircase 16647							
3667 3517 0	3667 3522 1	Climb-up Staircase 16646							
3667 3522 1	3667 3517 0	Climb-down Staircase 16647							
3669 9888 3	3654 3519 0	Climb-up Ladder 16110							
3654 3519 0	3669 9888 3	Climb-down Trapdoor 16114							
3653 3520 0	3669 9888 3	Climb-down Trapdoor 16114							
3653 3518 0	3669 9888 3	Climb-down Trapdoor 16114							
3652 3519 0	3669 9888 3	Climb-down Trapdoor 16114							
3671 9889 2	3675 9888 1	Climb-down Stairs 16109							
3675 9888 1	3671 9886 2	Climb-up Stairs 16108							
3671 9887 2	3675 9888 1	Climb-down Stairs 16109							
3675 9889 1	3671 9886 2	Climb-up Stairs 16108							
3671 9888 2	3675 9888 1	Climb-down Stairs 16109							
3675 9887 1	3671 9886 2	Climb-up Stairs 16108							
3674 9890 1	3671 9886 2	Climb-up Stairs 16108							
3672 9886 2	3675 9888 1	Climb-down Stairs 16109							
3673 9890 1	3671 9886 2	Climb-up Stairs 16108							
3674 9886 1	3671 9886 2	Climb-up Stairs 16108							
3673 9886 1	3671 9886 2	Climb-up Stairs 16108							
3687 9889 1	3683 9888 0	Climb-down Stairs 16109							
3683 9889 0	3687 9887 1	Climb-up Stairs 16108							
3687 9887 1	3683 9888 0	Climb-down Stairs 16109							
3683 9888 0	3687 9887 1	Climb-up Stairs 16108							
3687 9888 1	3683 9888 0	Climb-down Stairs 16109							
3683 9887 0	3687 9887 1	Climb-up Stairs 16108							
3686 9886 1	3683 9888 0	Climb-down Stairs 16109							
3686 9890 1	3683 9888 0	Climb-down Stairs 16109							
3689 9890 2	3692 9887 3	Climb-up Stairs 16108							
3688 9889 2	3692 9887 3	Climb-up Stairs 16108							
3688 9888 2	3692 9887 3	Climb-up Stairs 16108							
3688 9887 2	3692 9887 3	Climb-up Stairs 16108							
3690 9890 3	3688 9888 2	Climb-down Stairs 16109							
3691 9890 3	3688 9888 2	Climb-down Stairs 16109							
3692 9889 3	3688 9888 2	Climb-down Stairs 16109							
3692 9888 3	3688 9888 2	Climb-down Stairs 16109							
3692 9887 3	3688 9888 2	Climb-down Stairs 16109							
3691 9886 3	3688 9888 2	Climb-down Stairs 16109							
3690 9886 3	3688 9888 2	Climb-down Stairs 16109							
									
# Port Phasmatys (varbit:217=7?ECTO_TOKEN=2)									
3659 3509 0	3659 3507 0	Pay-toll(2-Ecto) Energy Barrier 16105						2	
3660 3509 0	3660 3507 0	Pay-toll(2-Ecto) Energy Barrier 16105						2	
3659 3507 0	3659 3509 0	Pay-toll(2-Ecto) Energy Barrier 16105						2	
3660 3507 0	3660 3509 0	Pay-toll(2-Ecto) Energy Barrier 16105						2	
3651 3486 0	3653 3486 0	Pay-toll(2-Ecto) Energy Barrier 16105						2	
3651 3485 0	3653 3485 0	Pay-toll(2-Ecto) Energy Barrier 16105						2	
3653 3486 0	3651 3486 0	Pay-toll(2-Ecto) Energy Barrier 16105						2	
3653 3485 0	3651 3485 0	Pay-toll(2-Ecto) Energy Barrier 16105						2	
3669 3452 0	3669 3454 0	Pay-toll(2-Ecto) Energy Barrier 16105						2	
3670 3452 0	3670 3454 0	Pay-toll(2-Ecto) Energy Barrier 16105						2	
3669 3454 0	3669 3452 0	Pay-toll(2-Ecto) Energy Barrier 16105						2	
3670 3454 0	3670 3452 0	Pay-toll(2-Ecto) Energy Barrier 16105						2	
3702 3503 0	3705 3503 1	Cross Gangplank 17392						2	
3705 3503 1	3702 3503 0	Cross Gangplank 17393						2	
3709 3496 0	3712 3496 0	Cross Gangplank 11209						2	
3712 3496 0	3709 3496 0	Cross Gangplank 11210						2	
3714 3503 0	3714 3503 1	Climb-up Ship's ladder 11308						2	
3714 3503 1	3714 3503 0	Climb-down Ship's ladder 11309						2	
									
# Shipwreck (Morytania)									
3614 3541 1	3616 3541 2	Climb-up Ship's ladder 16111							
3616 3541 2	3614 3541 1	Climb-down Ship's ladder 16112							
3610 3543 0	3608 3543 1	Climb-up Ship's ladder 16111							
3608 3543 1	3610 3543 0	Climb-down Ship's ladder 16112							
3614 3543 1	3612 3543 0	Climb-down Ship's ladder 16112							
3612 3543 0	3614 3543 1	Climb-up Ship's ladder 16111							
3605 3545 1	3605 3548 0	Cross Gangplank 16651						3	
3605 3548 0	3605 3545 1	Cross Gangplank 16652						3	
3604 3550 0	3602 3550 0	Jump-To Rock 16115							
3602 3550 0	3604 3550 0	Jump-To Rock 16115							
3599 3552 0	3597 3552 0	Jump-To Rock 16115							
3597 3552 0	3599 3552 0	Jump-To Rock 16115							
3595 3554 0	3595 3556 0	Jump-To Rock 16115							
3595 3556 0	3595 3554 0	Jump-To Rock 16115							
3597 3559 0	3597 3561 0	Jump-To Rock 16115							
3597 3561 0	3597 3559 0	Jump-To Rock 16115							
3599 3564 0	3601 3564 0	Jump-To Rock 16115							
3601 3564 0	3599 3564 0	Jump-To Rock 16115							
									
# Experiment cave									
3578 3526 0	3577 9927 0	Push Memorial 5167			Creature of Fenkenstrain			2	
3577 9927 0	3578 3526 0	Climb-up Ladder 17387						2	
3504 9969 0	3504 3569 0	Climb-up Ladder 17387			Creature of Fenkenstrain			2	
3504 3571 0	3504 9969 0	Push Memorial 5167						2	
									
# Fenkenstrain's Castle									
3559 3550 0	3559 3554 1	Climb-up Staircase 5206							
3559 3554 1	3559 3549 0	Climb-down Staircase 5207							
3560 3550 0	3559 3554 1	Climb-up Staircase 5206							
3560 3554 1	3559 3549 0	Climb-down Staircase 5207							
3538 3554 1	3537 3549 0	Climb-down Staircase 5207							
3537 3550 0	3537 3554 1	Climb-up Staircase 5206							
3537 3554 1	3537 3549 0	Climb-down Staircase 5207							
3538 3550 0	3537 3554 1	Climb-up Staircase 5206							
3540 3543 0	3540 3543 1	Climb-up Ladder 16683							
3540 3543 1	3540 3543 0	Climb-down Ladder 16679							
3539 3544 0	3539 3544 1	Climb-up Ladder 16683							
3539 3544 1	3539 3544 0	Climb-down Ladder 16679							
3539 3542 0	3539 3542 1	Climb-up Ladder 16683							
3539 3542 1	3539 3542 0	Climb-down Ladder 16679							
3538 3543 1	3538 3543 0	Climb-down Ladder 16679							
3538 3543 0	3538 3543 1	Climb-up Ladder 16683							
3548 3565 0	3547 3565 0	Open Door 5174							
3547 3565 0	3548 3565 0	Open Door 5174							
3548 3551 1	3548 3552 1	Open Door 5172							
3548 3552 1	3548 3551 1	Open Door 5172							
3548 3553 1	3548 3553 2	Climb-up Ladder 16683							
3548 3553 2	3548 3553 1	Climb-down Ladder 16679							
3547 3554 1	3547 3554 2	Climb-up Ladder 16683							
3547 3554 2	3547 3554 1	Climb-down Ladder 16679							
3548 3555 1	3548 3555 2	Climb-up Ladder 16683							
3548 3555 2	3548 3555 1	Climb-down Ladder 16679							
3549 3554 1	3549 3554 2	Climb-up Ladder 16683							
3549 3554 2	3549 3554 1	Climb-down Ladder 16679							
3549 3543 1	3549 3542 1	Open Door 5183							
3549 3542 1	3549 3543 1	Open Door 5183							
3548 3543 1	3548 3542 1	Open Door 5186							
3548 3542 1	3548 3543 1	Open Door 5186							
3548 3540 1	3548 3540 2	Climb-up Ladder 16683							
3548 3540 2	3548 3540 1	Climb-down Ladder 16679							
3549 3539 1	3549 3539 2	Climb-up Ladder 16683							
3549 3539 2	3549 3539 1	Climb-down Ladder 16679							
3548 3538 1	3548 3538 2	Climb-up Ladder 16683							
3548 3538 2	3548 3538 1	Climb-down Ladder 16679							
3547 3539 1	3547 3539 2	Climb-up Ladder 16683							
3547 3539 2	3547 3539 1	Climb-down Ladder 16679							
									
# Slayer Tower									
3417 3536 0	3412 9932 3	Climb-down Ladder 30191							
3412 9932 3	3417 3536 0	Climb-up Ladder 30192							
3427 3555 1	3427 3556 1	Open Door 2104							
3427 3556 1	3427 3555 1	Open Door 2104							
3426 3555 1	3426 3556 1	Open Door 2102							
3426 3556 1	3426 3555 1	Open Door 2102							
3433 3538 1	3438 3537 0	Climb-down Staircase 2118							
3438 3537 0	3433 3537 1	Climb-up Staircase 2114							
3433 3537 1	3438 3537 0	Climb-down Staircase 2118							
3438 3538 0	3433 3537 1	Climb-up Staircase 2114							
3417 3540 2	3412 3540 1	Climb-down Staircase 2120							
3412 3540 1	3417 3540 2	Climb-up Staircase 2119							
3417 3541 2	3412 3540 1	Climb-down Staircase 2120							
3412 3541 1	3417 3540 2	Climb-up Staircase 2119							
									
# Monastery									
3057 3484 0	3057 3484 1	Climb-up Ladder 2641	31 Prayer					2	
3056 3483 0	3056 3483 1	Climb-up Ladder 2641	31 Prayer					2	
3057 3482 0	3057 3482 1	Climb-up Ladder 2641	31 Prayer					2	
3058 3483 0	3058 3483 1	Climb-up Ladder 2641	31 Prayer					2	
3047 3483 0	3047 3483 1	Climb-up Ladder 2641	31 Prayer					2	
3046 3484 0	3046 3484 1	Climb-up Ladder 2641	31 Prayer					2	
3045 3483 0	3045 3483 1	Climb-up Ladder 2641	31 Prayer					2	
3046 3482 0	3046 3482 1	Climb-up Ladder 2641	31 Prayer					2	
3057 3484 1	3057 3484 0	Climb-down Ladder 16679						2	
3056 3483 1	3056 3483 0	Climb-down Ladder 16679						2	
3057 3482 1	3057 3482 0	Climb-down Ladder 16679						2	
3058 3483 1	3058 3483 0	Climb-down Ladder 16679						2	
3047 3483 1	3047 3483 0	Climb-down Ladder 16679						2	
3046 3484 1	3046 3484 0	Climb-down Ladder 16679						2	
3045 3483 1	3045 3483 0	Climb-down Ladder 16679						2	
3046 3482 1	3046 3482 0	Climb-down Ladder 16679						2	
									
# Dwarven Mine									
3018 3450 0	3018 9850 0	Climb-down Trapdoor 11867							
3018 9850 0	3018 3450 0	Climb-up Ladder 17387							
3020 3450 0	3020 9850 0	Climb-down Trapdoor 11867							
3058 9777 0	3061 3377 0	Climb-up Staircase 23969							
3061 3377 0	3058 9777 0	Climb-down Staircase 16664							
3058 9776 0	3061 3376 0	Climb-up Staircase 23969							
3061 3376 0	3058 9776 0	Climb-down Staircase 16664							
3728 5692 0	3060 9766 0	Exit Tunnel 26655							
3060 9766 0	3728 5692 0	Enter Cave 26654							
									
# Mining Guild									
# Two entrances, both require 60 Mining									
# Underground tunnels:									
3046 9757 0	3046 9756 0	Open Door 30364	60 Mining					1	
3046 9756 0	3046 9757 0	Open Door 30364						1	
# Surface entrance:									
3019 9741 0	3019 9741 0 	Climb-down Ladder 30367	60 Mining					2	
3019 9741 0	3019 9741 0	Climb-up Ladder 17386						2	
3021 3339 0	3021 9739 0 	Climb-down Ladder 30367	60 Mining					2	
3021 9739 0	3021 3339 0 	Climb-up Ladder 17386						2	
3019 3337 0	3019 9737 0	Climb-down Ladder 30367	60 Mining					2	
3019 9737 0	3019 3337 0	Climb-up Ladder 17386						2	
3017 3339 0	3017 9739 0	Climb-down Ladder 30367	60 Mining					2	
3017 9739 0	3017 3339 0	Climb-up Ladder 17386						2	
									
# Rimmington									
2964 3216 0	2968 3215 1	Climb-up Staircase 18991						1	
2968 3215 1	2964 3215 0	Climb-down Staircase 18992						1	
2964 3215 0	2968 3215 1	Climb-up Staircase 18991						1	
2968 3216 1	2964 3215 0	Climb-down Staircase 18992						1	
2949 3213 1	2949 3213 0	Climb-down Ladder 9559						2	
2949 3213 0	2949 3213 1	Climb-up Ladder 9558						2	
2915 3225 0	2915 3222 1	Cross Gangplank 34669						3	
2915 3222 1	2915 3225 0	Cross Gangplank 34670						3	
2913 3221 0	2913 3221 1	Climb-up Ship's ladder 9744						2	
2913 3221 1	2913 3221 0	Climb-down Ship's ladder 9745						2	
2914 3222 1	2913 3221 0	Climb-down Ship's ladder 9745						2	
2914 3220 1	2913 3221 0	Climb-down Ship's ladder 9745						2	
2915 3221 1	2913 3221 0	Climb-down Ship's ladder 9745						2	
2909 3226 0	2909 3229 1	Cross Gangplank 34667						3	
2909 3229 1	2909 3226 0	Cross Gangplank 34668						3	
2933 3289 0	2933 3288 0	Open Guild Door 14910	40 Crafting	BROWN_APRON=1|MAX_CAPE=1|MAX_HOOD=1				1	
2933 3288 0	2933 3289 0	Open Guild Door 14910						1	
2941 3248 0	2940 3248 0	Open Door 2595		MAZE_KEY=1				1	
2940 3248 0	2941 3248 0	Open Door 2595						1	
2938 3252 0	2937 3252 0	Open Exit door 2602						1	
2925 3244 0	2926 3244 0	Open Red door 2596		1543=1				1	
2926 3244 0	2925 3244 0	Open Red door 2596		1543=1				1	
2925 3248 0	2926 3248 0	Open Red door 2596		1543=1				1	
2926 3248 0	2925 3248 0	Open Red door 2596		1543=1				1	
2926 3253 0	2925 3253 0	Open Red door 2596		1543=1				1	
2925 3253 0	2926 3253 0	Open Red door 2596		1543=1				1	
									
# Burthorpe									
2892 3556 0	2892 3556 1	Climb-up Ladder 16683						2	
2892 3556 1	2892 3556 0	Climb-down Ladder 16679						2	
2891 3557 0	2891 3557 1	Climb-up Ladder 16683						2	
2891 3557 1	2891 3557 0	Climb-down Ladder 16679						2	
2905 3556 0	2905 3556 1	Climb-up Ladder 16683						2	
2905 3556 1	2905 3556 0	Climb-down Ladder 16679						2	
2906 3557 0	2906 3557 1	Climb-up Ladder 16683						2	
2906 3557 1	2906 3557 0	Climb-down Ladder 16679						2	
2899 3565 0	2205 4933 1	Climb-down Stairs 4624							
2205 4934 1	2899 3564 0	Climb-up Stairs 4627							
2900 3565 0	2205 4933 1	Climb-down Stairs 4624							
2206 4934 1	2900 3565 0	Climb-up Stairs 4627							
2207 4934 1	2207 4938 0	Climb-down Stairs 4620							
2207 4938 0	2207 4934 1	Climb-up Stairs 4622							
2208 4934 1	2207 4938 0	Climb-down Stairs 4620							
2208 4938 0	2207 4934 1	Climb-up Stairs 4622							
2212 4940 0	2212 4944 1	Climb-up Stairs 4622							
2213 4940 0	2212 4944 1	Climb-up Stairs 4622							
2212 4944 1	2212 4940 0	Climb-down Stairs 4620							
2213 4944 1	2212 4940 0	Climb-down Stairs 4620							
2898 3565 0	2897 3569 1	Climb-up Stairs 4626							
2897 3569 1	2897 3565 0	Climb-down Stairs 4625							
2897 3565 0	2897 3569 1	Climb-up Stairs 4626							
2898 3569 1	2897 3565 0	Climb-down Stairs 4625							
2905 3571 0	2905 3571 1	Climb-up Ladder 16683						2	
2905 3571 1	2905 3571 0	Climb-down Ladder 16679						2	
2906 3570 0	2906 3570 1	Climb-up Ladder 16683						2	
2906 3570 1	2906 3570 0	Climb-down Ladder 16679						2	
2877 3546 0	2876 3546 0	Open Door 24318						1	
2876 3546 0	2877 3546 0	Open Door 24318						1	
2855 3546 0	2855 3545 0	Open Door 24309						1	
2855 3545 0	2855 3546 0	Open Door 24309						1	
2854 3546 0	2854 3545 0	Open Door 24306						1	
2854 3545 0	2854 3546 0	Open Door 24306						1	
2841 3538 0	2840 3539 1	Climb-up Staircase 16671						1	
2840 3539 1	2841 3538 0	Climb-down Staircase 16672						1	
2841 3537 0	2840 3539 1	Climb-up Staircase 16671						1	
2841 3538 1	2841 3538 0	Climb-down Staircase 16672						1	
2840 3539 0	2840 3539 1	Climb-up Staircase 16671						1	
2839 3539 0	2840 3539 1	Climb-up Staircase 16671						1	
2838 3538 0	2840 3539 1	Climb-up Staircase 16671						1	
2838 3537 0	2840 3539 1	Climb-up Staircase 16671						1	
2840 3539 1	2840 3539 2	Climb-up Staircase 16672						1	
2840 3539 2	2841 3538 1	Climb-down Staircase 24303						1	
2841 3538 1	2840 3539 2	Climb-up Staircase 16672						1	
2842 3541 1	2842 3542 1	Open Door 24312						1	
2842 3542 1	2842 3541 1	Open Door 24312						1	
2852 3551 1	2853 3551 1	Open Heavy door 15660							
2853 3551 1	2852 3551 1	Open Heavy door 15660							
2852 3552 1	2853 3552 1	Open Heavy door 15658							
2853 3552 1	2852 3552 1	Open Heavy door 15658							
2834 3542 0	2907 9968 0	Climb-down Ladder 10042						2	
2907 9968 0	2834 3542 0	Climb-up Ladder 9742						2	
3061 4985 1	2906 3537 0	Enter Passageway 7258							
2906 3537 0	3061 4985 1	Enter Trapdoor 7257							
2915 3538 0	2914 3542 1	Climb-up Staircase 15645						1	
2914 3542 1	2914 3538 0	Climb-down Staircase 15648						1	
2914 3538 0	2914 3542 1	Climb-up Staircase 15645						1	
2915 3542 1	2914 3538 0	Climb-down Staircase 15648						1	
2929 3545 0	2929 3545 1	Climb-up Ladder 17026						2	
2929 3545 1	2929 3545 0	Climb-down Ladder 16685						2	
2857 3577 0	2269 4752 0	Enter Cave Entrance 3735							
2269 4752 0	2858 3577 0	Exit Cave Exit 3736							
2858 3577 0	2269 4752 0	Enter Cave Entrance 3735							
2270 4752 0	2858 3577 0	Exit Cave Exit 3736							
2859 3577 0	2269 4752 0	Enter Cave Entrance 3735							
2268 4752 0	2858 3577 0	Exit Cave Exit 3736							
2860 3578 0	2269 4752 0	Enter Cave Entrance 3735							
2892 3571 0	2892 3571 1	Climb-up Ladder 16683						2	
2892 3571 1	2892 3571 0	Climb-down Ladder 16679						2	
2891 3570 0	2891 3570 1	Climb-up Ladder 16683						2	
2891 3570 1	2891 3570 0	Climb-down Ladder 16679						2	
2894 3566 0	2894 3567 0	Open Large door 3743							
2894 3567 0	2894 3566 0	Open Large door 3743							
									
# Wilderness									
3158 3950 0	3158 3952 0	Slash Web 733						4	
3158 3952 0	3158 3950 0	Slash Web 733						4	
3232 10351 0	3233 3950 0	Use Crevice 26763							
3233 3950 0	3232 10351 0	Enter Cavern 26762							
3232 3950 0	3232 10351 0	Enter Cavern 26762							
3242 3948 0	3243 10351 0	Enter Cavern 26762							
3243 10351 0	3242 3948 0	Use Crevice 26763							
3243 3948 0	3243 10351 0	Enter Cavern 26762							
3232 3938 0	3233 10332 0	Enter Cavern 26762							
3233 10332 0	3233 3938 0	Use Crevice 26763							
3233 3938 0	3233 10332 0	Enter Cavern 26762							
3095 3957 0	3094 3957 0	Slash Web 733						4	
3093 3957 0	3092 3957 0	Slash Web 733						4	
3092 3957 0	3093 3957 0	Slash Web 733						4	
3094 3957 0	3095 3957 0	Slash Web 733						4	
3106 3959 0	3106 3957 0	Slash Web 733						4	
3105 3959 0	3105 3957 0	Slash Web 733						4	
3105 3957 0	3105 3959 0	Slash Web 733						4	
3106 3957 0	3106 3959 0	Slash Web 733						4	
3018 3958 0	3018 3958 1	Climb-up Ship's ladder 272							
3018 3958 1	3018 3958 0	Climb-down Ship's ladder 273							
3019 3958 1	3019 3960 2	Climb-up Ship's ladder 245							
3019 3960 2	3019 3958 1	Climb-down Ship's ladder 246							
3017 3958 1	3017 3960 2	Climb-up Ship's ladder 245							
3017 3960 2	3017 3958 1	Climb-down Ship's ladder 246							
2998 3931 0	2998 3916 0	Open Gate 23552							
2997 3931 0	2998 3916 0	Open Gate 23554							
3005 3962 0	3005 10362 0	Climb-down Ladder 14758						2	
3005 10362 0	3005 3962 0	Climb-up Ladder 17385						2	
3069 10255 0	3016 3849 0	Climb-up Ladder 18988						2	
3017 3850 0	3069 10255 0	Climb-down Ladder 18987						2	
3068 10256 0	3016 3849 0	Climb-up Ladder 18988						2	
3069 10257 0	3016 3849 0	Climb-up Ladder 18988						2	
3029 3852 0	3031 3852 0	Slash Web 733						4	
3031 3852 0	3029 3852 0	Slash Web 733						4	
3115 3858 0	3115 3860 0	Slash Web 733						4	
3115 3860 0	3115 3858 0	Slash Web 733						4	
3069 3857 0	3016 10249 0	Climb-down Ladder 18989						2	
3016 10249 0	3070 3856 0	Climb-up Ladder 18990						2	
3017 10250 0	3070 3856 0	Climb-up Ladder 18990						2	
3017 10248 0	3070 3856 0	Climb-up Ladder 18990						2	
3018 10249 0	3070 3856 0	Climb-up Ladder 18990						2	
3044 3927 0	3044 10322 0	Climb-down Staircase 16664						1	
3044 10323 0	3044 3927 0	Climb-up Staircase 16665						1	
3045 3927 0	3044 10322 0	Climb-down Staircase 16664						1	
3045 10323 0	3044 3927 0	Climb-up Staircase 16665						1	
2995 3530 0	2998 3530 0	Cross Wilderness Ditch 23271						4	
2998 3530 0	2995 3530 0	Cross Wilderness Ditch 23271						4	
2995 3531 0	2998 3531 0	Cross Wilderness Ditch 23271						4	
2998 3531 0	2995 3531 0	Cross Wilderness Ditch 23271						4	
2995 3532 0	2998 3532 0	Cross Wilderness Ditch 23271						4	
2998 3532 0	2995 3532 0	Cross Wilderness Ditch 23271						4	
2995 3533 0	2998 3533 0	Cross Wilderness Ditch 23271						4	
2998 3533 0	2995 3533 0	Cross Wilderness Ditch 23271						4	
2946 3520 0	2946 3523 0	Cross Wilderness Ditch 23271						4	
2946 3523 0	2946 3520 0	Cross Wilderness Ditch 23271						4	
2947 3520 0	2947 3523 0	Cross Wilderness Ditch 23271						4	
2947 3523 0	2947 3520 0	Cross Wilderness Ditch 23271						4	
2948 3520 0	2948 3523 0	Cross Wilderness Ditch 23271						4	
2948 3523 0	2948 3520 0	Cross Wilderness Ditch 23271						4	
2949 3520 0	2949 3523 0	Cross Wilderness Ditch 23271						4	
2949 3523 0	2949 3520 0	Cross Wilderness Ditch 23271						4	
2950 3520 0	2950 3523 0	Cross Wilderness Ditch 23271						4	
2950 3523 0	2950 3520 0	Cross Wilderness Ditch 23271						4	
2951 3520 0	2951 3523 0	Cross Wilderness Ditch 23271						4	
2951 3523 0	2951 3520 0	Cross Wilderness Ditch 23271						4	
2952 3520 0	2952 3523 0	Cross Wilderness Ditch 23271						4	
2952 3523 0	2952 3520 0	Cross Wilderness Ditch 23271						4	
2953 3520 0	2953 3523 0	Cross Wilderness Ditch 23271						4	
2953 3523 0	2953 3520 0	Cross Wilderness Ditch 23271						4	
2954 3520 0	2954 3523 0	Cross Wilderness Ditch 23271						4	
2954 3523 0	2954 3520 0	Cross Wilderness Ditch 23271						4	
2955 3520 0	2955 3523 0	Cross Wilderness Ditch 23271						4	
2955 3523 0	2955 3520 0	Cross Wilderness Ditch 23271						4	
2956 3520 0	2956 3523 0	Cross Wilderness Ditch 23271						4	
2956 3523 0	2956 3520 0	Cross Wilderness Ditch 23271						4	
2957 3520 0	2957 3523 0	Cross Wilderness Ditch 23271						4	
2957 3523 0	2957 3520 0	Cross Wilderness Ditch 23271						4	
2958 3520 0	2958 3523 0	Cross Wilderness Ditch 23271						4	
2958 3523 0	2958 3520 0	Cross Wilderness Ditch 23271						4	
2959 3520 0	2959 3523 0	Cross Wilderness Ditch 23271						4	
2959 3523 0	2959 3520 0	Cross Wilderness Ditch 23271						4	
2960 3520 0	2960 3523 0	Cross Wilderness Ditch 23271						4	
2960 3523 0	2960 3520 0	Cross Wilderness Ditch 23271						4	
2961 3520 0	2961 3523 0	Cross Wilderness Ditch 23271						4	
2961 3523 0	2961 3520 0	Cross Wilderness Ditch 23271						4	
2962 3520 0	2962 3523 0	Cross Wilderness Ditch 23271						4	
2962 3523 0	2962 3520 0	Cross Wilderness Ditch 23271						4	
2963 3520 0	2963 3523 0	Cross Wilderness Ditch 23271						4	
2963 3523 0	2963 3520 0	Cross Wilderness Ditch 23271						4	
2964 3520 0	2964 3523 0	Cross Wilderness Ditch 23271						4	
2964 3523 0	2964 3520 0	Cross Wilderness Ditch 23271						4	
2965 3520 0	2965 3523 0	Cross Wilderness Ditch 23271						4	
2965 3523 0	2965 3520 0	Cross Wilderness Ditch 23271						4	
2966 3520 0	2966 3523 0	Cross Wilderness Ditch 23271						4	
2966 3523 0	2966 3520 0	Cross Wilderness Ditch 23271						4	
2967 3520 0	2967 3523 0	Cross Wilderness Ditch 23271						4	
2967 3523 0	2967 3520 0	Cross Wilderness Ditch 23271						4	
2968 3520 0	2968 3523 0	Cross Wilderness Ditch 23271						4	
2968 3523 0	2968 3520 0	Cross Wilderness Ditch 23271						4	
2969 3520 0	2969 3523 0	Cross Wilderness Ditch 23271						4	
2969 3523 0	2969 3520 0	Cross Wilderness Ditch 23271						4	
2970 3520 0	2970 3523 0	Cross Wilderness Ditch 23271						4	
2970 3523 0	2970 3520 0	Cross Wilderness Ditch 23271						4	
2971 3520 0	2971 3523 0	Cross Wilderness Ditch 23271						4	
2971 3523 0	2971 3520 0	Cross Wilderness Ditch 23271						4	
2972 3520 0	2972 3523 0	Cross Wilderness Ditch 23271						4	
2972 3523 0	2972 3520 0	Cross Wilderness Ditch 23271						4	
2973 3520 0	2973 3523 0	Cross Wilderness Ditch 23271						4	
2973 3523 0	2973 3520 0	Cross Wilderness Ditch 23271						4	
2974 3520 0	2974 3523 0	Cross Wilderness Ditch 23271						4	
2974 3523 0	2974 3520 0	Cross Wilderness Ditch 23271						4	
2975 3520 0	2975 3523 0	Cross Wilderness Ditch 23271						4	
2975 3523 0	2975 3520 0	Cross Wilderness Ditch 23271						4	
2976 3520 0	2976 3523 0	Cross Wilderness Ditch 23271						4	
2976 3523 0	2976 3520 0	Cross Wilderness Ditch 23271						4	
2977 3520 0	2977 3523 0	Cross Wilderness Ditch 23271						4	
2977 3523 0	2977 3520 0	Cross Wilderness Ditch 23271						4	
2978 3520 0	2978 3523 0	Cross Wilderness Ditch 23271						4	
2978 3523 0	2978 3520 0	Cross Wilderness Ditch 23271						4	
2979 3520 0	2979 3523 0	Cross Wilderness Ditch 23271						4	
2979 3523 0	2979 3520 0	Cross Wilderness Ditch 23271						4	
2980 3520 0	2980 3523 0	Cross Wilderness Ditch 23271						4	
2980 3523 0	2980 3520 0	Cross Wilderness Ditch 23271						4	
2981 3520 0	2981 3523 0	Cross Wilderness Ditch 23271						4	
2981 3523 0	2981 3520 0	Cross Wilderness Ditch 23271						4	
2982 3520 0	2982 3523 0	Cross Wilderness Ditch 23271						4	
2982 3523 0	2982 3520 0	Cross Wilderness Ditch 23271						4	
2983 3520 0	2983 3523 0	Cross Wilderness Ditch 23271						4	
2983 3523 0	2983 3520 0	Cross Wilderness Ditch 23271						4	
2984 3520 0	2984 3523 0	Cross Wilderness Ditch 23271						4	
2984 3523 0	2984 3520 0	Cross Wilderness Ditch 23271						4	
2985 3520 0	2985 3523 0	Cross Wilderness Ditch 23271						4	
2985 3523 0	2985 3520 0	Cross Wilderness Ditch 23271						4	
2986 3520 0	2986 3523 0	Cross Wilderness Ditch 23271						4	
2986 3523 0	2986 3520 0	Cross Wilderness Ditch 23271						4	
2987 3520 0	2987 3523 0	Cross Wilderness Ditch 23271						4	
2987 3523 0	2987 3520 0	Cross Wilderness Ditch 23271						4	
2988 3520 0	2988 3523 0	Cross Wilderness Ditch 23271						4	
2988 3523 0	2988 3520 0	Cross Wilderness Ditch 23271						4	
2989 3520 0	2989 3523 0	Cross Wilderness Ditch 23271						4	
2989 3523 0	2989 3520 0	Cross Wilderness Ditch 23271						4	
2990 3520 0	2990 3523 0	Cross Wilderness Ditch 23271						4	
2990 3523 0	2990 3520 0	Cross Wilderness Ditch 23271						4	
2991 3520 0	2991 3523 0	Cross Wilderness Ditch 23271						4	
2991 3523 0	2991 3520 0	Cross Wilderness Ditch 23271						4	
3042 3520 0	3042 3523 0	Cross Wilderness Ditch 23271						4	
3042 3523 0	3042 3520 0	Cross Wilderness Ditch 23271						4	
3043 3520 0	3043 3523 0	Cross Wilderness Ditch 23271						4	
3043 3523 0	3043 3520 0	Cross Wilderness Ditch 23271						4	
3044 3520 0	3044 3523 0	Cross Wilderness Ditch 23271						4	
3044 3523 0	3044 3520 0	Cross Wilderness Ditch 23271						4	
3045 3520 0	3045 3523 0	Cross Wilderness Ditch 23271						4	
3045 3523 0	3045 3520 0	Cross Wilderness Ditch 23271						4	
3046 3520 0	3046 3523 0	Cross Wilderness Ditch 23271						4	
3046 3523 0	3046 3520 0	Cross Wilderness Ditch 23271						4	
3047 3520 0	3047 3523 0	Cross Wilderness Ditch 23271						4	
3047 3523 0	3047 3520 0	Cross Wilderness Ditch 23271						4	
3048 3520 0	3048 3523 0	Cross Wilderness Ditch 23271						4	
3048 3523 0	3048 3520 0	Cross Wilderness Ditch 23271						4	
3049 3520 0	3049 3523 0	Cross Wilderness Ditch 23271						4	
3049 3523 0	3049 3520 0	Cross Wilderness Ditch 23271						4	
3050 3520 0	3050 3523 0	Cross Wilderness Ditch 23271						4	
3050 3523 0	3050 3520 0	Cross Wilderness Ditch 23271						4	
3051 3520 0	3051 3523 0	Cross Wilderness Ditch 23271						4	
3051 3523 0	3051 3520 0	Cross Wilderness Ditch 23271						4	
3052 3520 0	3052 3523 0	Cross Wilderness Ditch 23271						4	
3052 3523 0	3052 3520 0	Cross Wilderness Ditch 23271						4	
3053 3520 0	3053 3523 0	Cross Wilderness Ditch 23271						4	
3053 3523 0	3053 3520 0	Cross Wilderness Ditch 23271						4	
3054 3520 0	3054 3523 0	Cross Wilderness Ditch 23271						4	
3054 3523 0	3054 3520 0	Cross Wilderness Ditch 23271						4	
3055 3520 0	3055 3523 0	Cross Wilderness Ditch 23271						4	
3055 3523 0	3055 3520 0	Cross Wilderness Ditch 23271						4	
3056 3520 0	3056 3523 0	Cross Wilderness Ditch 23271						4	
3056 3523 0	3056 3520 0	Cross Wilderness Ditch 23271						4	
3057 3520 0	3057 3523 0	Cross Wilderness Ditch 23271						4	
3057 3523 0	3057 3520 0	Cross Wilderness Ditch 23271						4	
3058 3520 0	3058 3523 0	Cross Wilderness Ditch 23271						4	
3058 3523 0	3058 3520 0	Cross Wilderness Ditch 23271						4	
3059 3520 0	3059 3523 0	Cross Wilderness Ditch 23271						4	
3059 3523 0	3059 3520 0	Cross Wilderness Ditch 23271						4	
3060 3520 0	3060 3523 0	Cross Wilderness Ditch 23271						4	
3060 3523 0	3060 3520 0	Cross Wilderness Ditch 23271						4	
3061 3520 0	3061 3523 0	Cross Wilderness Ditch 23271						4	
3061 3523 0	3061 3520 0	Cross Wilderness Ditch 23271						4	
3062 3520 0	3062 3523 0	Cross Wilderness Ditch 23271						4	
3062 3523 0	3062 3520 0	Cross Wilderness Ditch 23271						4	
3063 3520 0	3063 3523 0	Cross Wilderness Ditch 23271						4	
3063 3523 0	3063 3520 0	Cross Wilderness Ditch 23271						4	
3064 3520 0	3064 3523 0	Cross Wilderness Ditch 23271						4	
3064 3523 0	3064 3520 0	Cross Wilderness Ditch 23271						4	
3065 3520 0	3065 3523 0	Cross Wilderness Ditch 23271						4	
3065 3523 0	3065 3520 0	Cross Wilderness Ditch 23271						4	
3066 3520 0	3066 3523 0	Cross Wilderness Ditch 23271						4	
3066 3523 0	3066 3520 0	Cross Wilderness Ditch 23271						4	
3067 3520 0	3067 3523 0	Cross Wilderness Ditch 23271						4	
3067 3523 0	3067 3520 0	Cross Wilderness Ditch 23271						4	
3068 3520 0	3068 3523 0	Cross Wilderness Ditch 23271						4	
3068 3523 0	3068 3520 0	Cross Wilderness Ditch 23271						4	
3069 3520 0	3069 3523 0	Cross Wilderness Ditch 23271						4	
3069 3523 0	3069 3520 0	Cross Wilderness Ditch 23271						4	
3070 3520 0	3070 3523 0	Cross Wilderness Ditch 23271						4	
3070 3523 0	3070 3520 0	Cross Wilderness Ditch 23271						4	
3071 3520 0	3071 3523 0	Cross Wilderness Ditch 23271						4	
3071 3523 0	3071 3520 0	Cross Wilderness Ditch 23271						4	
3072 3520 0	3072 3523 0	Cross Wilderness Ditch 23271						4	
3072 3523 0	3072 3520 0	Cross Wilderness Ditch 23271						4	
3073 3520 0	3073 3523 0	Cross Wilderness Ditch 23271						4	
3073 3523 0	3073 3520 0	Cross Wilderness Ditch 23271						4	
3074 3520 0	3074 3523 0	Cross Wilderness Ditch 23271						4	
3074 3523 0	3074 3520 0	Cross Wilderness Ditch 23271						4	
3075 3520 0	3075 3523 0	Cross Wilderness Ditch 23271						4	
3075 3523 0	3075 3520 0	Cross Wilderness Ditch 23271						4	
3076 3520 0	3076 3523 0	Cross Wilderness Ditch 23271						4	
3076 3523 0	3076 3520 0	Cross Wilderness Ditch 23271						4	
3077 3520 0	3077 3523 0	Cross Wilderness Ditch 23271						4	
3077 3523 0	3077 3520 0	Cross Wilderness Ditch 23271						4	
3078 3520 0	3078 3523 0	Cross Wilderness Ditch 23271						4	
3078 3523 0	3078 3520 0	Cross Wilderness Ditch 23271						4	
3079 3520 0	3079 3523 0	Cross Wilderness Ditch 23271						4	
3079 3523 0	3079 3520 0	Cross Wilderness Ditch 23271						4	
3080 3520 0	3080 3523 0	Cross Wilderness Ditch 23271						4	
3080 3523 0	3080 3520 0	Cross Wilderness Ditch 23271						4	
3081 3520 0	3081 3523 0	Cross Wilderness Ditch 23271						4	
3081 3523 0	3081 3520 0	Cross Wilderness Ditch 23271						4	
3082 3520 0	3082 3523 0	Cross Wilderness Ditch 23271						4	
3082 3523 0	3082 3520 0	Cross Wilderness Ditch 23271						4	
3083 3520 0	3083 3523 0	Cross Wilderness Ditch 23271						4	
3083 3523 0	3083 3520 0	Cross Wilderness Ditch 23271						4	
3084 3520 0	3084 3523 0	Cross Wilderness Ditch 23271						4	
3084 3523 0	3084 3520 0	Cross Wilderness Ditch 23271						4	
3085 3520 0	3085 3523 0	Cross Wilderness Ditch 23271						4	
3085 3523 0	3085 3520 0	Cross Wilderness Ditch 23271						4	
3086 3520 0	3086 3523 0	Cross Wilderness Ditch 23271						4	
3086 3523 0	3086 3520 0	Cross Wilderness Ditch 23271						4	
3087 3520 0	3087 3523 0	Cross Wilderness Ditch 23271						4	
3087 3523 0	3087 3520 0	Cross Wilderness Ditch 23271						4	
3088 3520 0	3088 3523 0	Cross Wilderness Ditch 23271						4	
3088 3523 0	3088 3520 0	Cross Wilderness Ditch 23271						4	
3089 3520 0	3089 3523 0	Cross Wilderness Ditch 23271						4	
3089 3523 0	3089 3520 0	Cross Wilderness Ditch 23271						4	
3090 3520 0	3090 3523 0	Cross Wilderness Ditch 23271						4	
3090 3523 0	3090 3520 0	Cross Wilderness Ditch 23271						4	
3091 3520 0	3091 3523 0	Cross Wilderness Ditch 23271						4	
3091 3523 0	3091 3520 0	Cross Wilderness Ditch 23271						4	
3092 3520 0	3092 3523 0	Cross Wilderness Ditch 23271						4	
3092 3523 0	3092 3520 0	Cross Wilderness Ditch 23271						4	
3093 3520 0	3093 3523 0	Cross Wilderness Ditch 23271						4	
3093 3523 0	3093 3520 0	Cross Wilderness Ditch 23271						4	
3094 3520 0	3094 3523 0	Cross Wilderness Ditch 23271						4	
3094 3523 0	3094 3520 0	Cross Wilderness Ditch 23271						4	
3095 3520 0	3095 3523 0	Cross Wilderness Ditch 23271						4	
3095 3523 0	3095 3520 0	Cross Wilderness Ditch 23271						4	
3096 3520 0	3096 3523 0	Cross Wilderness Ditch 23271						4	
3096 3523 0	3096 3520 0	Cross Wilderness Ditch 23271						4	
3097 3520 0	3097 3523 0	Cross Wilderness Ditch 23271						4	
3097 3523 0	3097 3520 0	Cross Wilderness Ditch 23271						4	
3098 3520 0	3098 3523 0	Cross Wilderness Ditch 23271						4	
3098 3523 0	3098 3520 0	Cross Wilderness Ditch 23271						4	
3099 3520 0	3099 3523 0	Cross Wilderness Ditch 23271						4	
3099 3523 0	3099 3520 0	Cross Wilderness Ditch 23271						4	
3100 3520 0	3100 3523 0	Cross Wilderness Ditch 23271						4	
3100 3523 0	3100 3520 0	Cross Wilderness Ditch 23271						4	
3101 3520 0	3101 3523 0	Cross Wilderness Ditch 23271						4	
3101 3523 0	3101 3520 0	Cross Wilderness Ditch 23271						4	
3102 3520 0	3102 3523 0	Cross Wilderness Ditch 23271						4	
3102 3523 0	3102 3520 0	Cross Wilderness Ditch 23271						4	
3103 3520 0	3103 3523 0	Cross Wilderness Ditch 23271						4	
3103 3523 0	3103 3520 0	Cross Wilderness Ditch 23271						4	
3104 3520 0	3104 3523 0	Cross Wilderness Ditch 23271						4	
3104 3523 0	3104 3520 0	Cross Wilderness Ditch 23271						4	
3105 3520 0	3105 3523 0	Cross Wilderness Ditch 23271						4	
3105 3523 0	3105 3520 0	Cross Wilderness Ditch 23271						4	
3106 3520 0	3106 3523 0	Cross Wilderness Ditch 23271						4	
3106 3523 0	3106 3520 0	Cross Wilderness Ditch 23271						4	
3107 3520 0	3107 3523 0	Cross Wilderness Ditch 23271						4	
3107 3523 0	3107 3520 0	Cross Wilderness Ditch 23271						4	
3108 3520 0	3108 3523 0	Cross Wilderness Ditch 23271						4	
3108 3523 0	3108 3520 0	Cross Wilderness Ditch 23271						4	
3109 3520 0	3109 3523 0	Cross Wilderness Ditch 23271						4	
3109 3523 0	3109 3520 0	Cross Wilderness Ditch 23271						4	
3110 3520 0	3110 3523 0	Cross Wilderness Ditch 23271						4	
3110 3523 0	3110 3520 0	Cross Wilderness Ditch 23271						4	
3111 3520 0	3111 3523 0	Cross Wilderness Ditch 23271						4	
3111 3523 0	3111 3520 0	Cross Wilderness Ditch 23271						4	
3112 3520 0	3112 3523 0	Cross Wilderness Ditch 23271						4	
3112 3523 0	3112 3520 0	Cross Wilderness Ditch 23271						4	
3113 3520 0	3113 3523 0	Cross Wilderness Ditch 23271						4	
3113 3523 0	3113 3520 0	Cross Wilderness Ditch 23271						4	
3114 3520 0	3114 3523 0	Cross Wilderness Ditch 23271						4	
3114 3523 0	3114 3520 0	Cross Wilderness Ditch 23271						4	
3115 3520 0	3115 3523 0	Cross Wilderness Ditch 23271						4	
3115 3523 0	3115 3520 0	Cross Wilderness Ditch 23271						4	
3116 3520 0	3116 3523 0	Cross Wilderness Ditch 23271						4	
3116 3523 0	3116 3520 0	Cross Wilderness Ditch 23271						4	
3117 3520 0	3117 3523 0	Cross Wilderness Ditch 23271						4	
3117 3523 0	3117 3520 0	Cross Wilderness Ditch 23271						4	
3118 3520 0	3118 3523 0	Cross Wilderness Ditch 23271						4	
3118 3523 0	3118 3520 0	Cross Wilderness Ditch 23271						4	
3119 3520 0	3119 3523 0	Cross Wilderness Ditch 23271						4	
3119 3523 0	3119 3520 0	Cross Wilderness Ditch 23271						4	
3120 3520 0	3120 3523 0	Cross Wilderness Ditch 23271						4	
3120 3523 0	3120 3520 0	Cross Wilderness Ditch 23271						4	
3121 3520 0	3121 3523 0	Cross Wilderness Ditch 23271						4	
3121 3523 0	3121 3520 0	Cross Wilderness Ditch 23271						4	
3122 3520 0	3122 3523 0	Cross Wilderness Ditch 23271						4	
3122 3523 0	3122 3520 0	Cross Wilderness Ditch 23271						4	
3136 3520 0	3136 3523 0	Cross Wilderness Ditch 23271						4	
3136 3523 0	3136 3520 0	Cross Wilderness Ditch 23271						4	
3137 3520 0	3137 3523 0	Cross Wilderness Ditch 23271						4	
3137 3523 0	3137 3520 0	Cross Wilderness Ditch 23271						4	
3138 3520 0	3138 3523 0	Cross Wilderness Ditch 23271						4	
3138 3523 0	3138 3520 0	Cross Wilderness Ditch 23271						4	
3139 3520 0	3139 3523 0	Cross Wilderness Ditch 23271						4	
3139 3523 0	3139 3520 0	Cross Wilderness Ditch 23271						4	
3140 3520 0	3140 3523 0	Cross Wilderness Ditch 23271						4	
3140 3523 0	3140 3520 0	Cross Wilderness Ditch 23271						4	
3141 3520 0	3141 3523 0	Cross Wilderness Ditch 23271						4	
3141 3523 0	3141 3520 0	Cross Wilderness Ditch 23271						4	
3142 3520 0	3142 3523 0	Cross Wilderness Ditch 23271						4	
3142 3523 0	3142 3520 0	Cross Wilderness Ditch 23271						4	
3143 3520 0	3143 3523 0	Cross Wilderness Ditch 23271						4	
3143 3523 0	3143 3520 0	Cross Wilderness Ditch 23271						4	
3144 3520 0	3144 3523 0	Cross Wilderness Ditch 23271						4	
3144 3523 0	3144 3520 0	Cross Wilderness Ditch 23271						4	
3145 3520 0	3145 3523 0	Cross Wilderness Ditch 23271						4	
3145 3523 0	3145 3520 0	Cross Wilderness Ditch 23271						4	
3146 3520 0	3146 3523 0	Cross Wilderness Ditch 23271						4	
3146 3523 0	3146 3520 0	Cross Wilderness Ditch 23271						4	
3147 3520 0	3147 3523 0	Cross Wilderness Ditch 23271						4	
3147 3523 0	3147 3520 0	Cross Wilderness Ditch 23271						4	
3148 3520 0	3148 3523 0	Cross Wilderness Ditch 23271						4	
3148 3523 0	3148 3520 0	Cross Wilderness Ditch 23271						4	
3149 3520 0	3149 3523 0	Cross Wilderness Ditch 23271						4	
3149 3523 0	3149 3520 0	Cross Wilderness Ditch 23271						4	
3150 3520 0	3150 3523 0	Cross Wilderness Ditch 23271						4	
3150 3523 0	3150 3520 0	Cross Wilderness Ditch 23271						4	
3151 3520 0	3151 3523 0	Cross Wilderness Ditch 23271						4	
3151 3523 0	3151 3520 0	Cross Wilderness Ditch 23271						4	
3152 3520 0	3152 3523 0	Cross Wilderness Ditch 23271						4	
3152 3523 0	3152 3520 0	Cross Wilderness Ditch 23271						4	
3153 3520 0	3153 3523 0	Cross Wilderness Ditch 23271						4	
3153 3523 0	3153 3520 0	Cross Wilderness Ditch 23271						4	
3154 3520 0	3154 3523 0	Cross Wilderness Ditch 23271						4	
3154 3523 0	3154 3520 0	Cross Wilderness Ditch 23271						4	
3155 3520 0	3155 3523 0	Cross Wilderness Ditch 23271						4	
3155 3523 0	3155 3520 0	Cross Wilderness Ditch 23271						4	
3156 3520 0	3156 3523 0	Cross Wilderness Ditch 23271						4	
3156 3523 0	3156 3520 0	Cross Wilderness Ditch 23271						4	
3157 3520 0	3157 3523 0	Cross Wilderness Ditch 23271						4	
3157 3523 0	3157 3520 0	Cross Wilderness Ditch 23271						4	
3158 3520 0	3158 3523 0	Cross Wilderness Ditch 23271						4	
3158 3523 0	3158 3520 0	Cross Wilderness Ditch 23271						4	
3159 3520 0	3159 3523 0	Cross Wilderness Ditch 23271						4	
3159 3523 0	3159 3520 0	Cross Wilderness Ditch 23271						4	
3160 3520 0	3160 3523 0	Cross Wilderness Ditch 23271						4	
3160 3523 0	3160 3520 0	Cross Wilderness Ditch 23271						4	
3161 3520 0	3161 3523 0	Cross Wilderness Ditch 23271						4	
3161 3523 0	3161 3520 0	Cross Wilderness Ditch 23271						4	
3162 3520 0	3162 3523 0	Cross Wilderness Ditch 23271						4	
3162 3523 0	3162 3520 0	Cross Wilderness Ditch 23271						4	
3163 3520 0	3163 3523 0	Cross Wilderness Ditch 23271						4	
3163 3523 0	3163 3520 0	Cross Wilderness Ditch 23271						4	
3164 3520 0	3164 3523 0	Cross Wilderness Ditch 23271						4	
3164 3523 0	3164 3520 0	Cross Wilderness Ditch 23271						4	
3165 3520 0	3165 3523 0	Cross Wilderness Ditch 23271						4	
3165 3523 0	3165 3520 0	Cross Wilderness Ditch 23271						4	
3166 3520 0	3166 3523 0	Cross Wilderness Ditch 23271						4	
3166 3523 0	3166 3520 0	Cross Wilderness Ditch 23271						4	
3167 3520 0	3167 3523 0	Cross Wilderness Ditch 23271						4	
3167 3523 0	3167 3520 0	Cross Wilderness Ditch 23271						4	
3168 3520 0	3168 3523 0	Cross Wilderness Ditch 23271						4	
3168 3523 0	3168 3520 0	Cross Wilderness Ditch 23271						4	
3169 3520 0	3169 3523 0	Cross Wilderness Ditch 23271						4	
3169 3523 0	3169 3520 0	Cross Wilderness Ditch 23271						4	
3170 3520 0	3170 3523 0	Cross Wilderness Ditch 23271						4	
3170 3523 0	3170 3520 0	Cross Wilderness Ditch 23271						4	
3171 3520 0	3171 3523 0	Cross Wilderness Ditch 23271						4	
3171 3523 0	3171 3520 0	Cross Wilderness Ditch 23271						4	
3172 3520 0	3172 3523 0	Cross Wilderness Ditch 23271						4	
3172 3523 0	3172 3520 0	Cross Wilderness Ditch 23271						4	
3173 3520 0	3173 3523 0	Cross Wilderness Ditch 23271						4	
3173 3523 0	3173 3520 0	Cross Wilderness Ditch 23271						4	
3174 3520 0	3174 3523 0	Cross Wilderness Ditch 23271						4	
3174 3523 0	3174 3520 0	Cross Wilderness Ditch 23271						4	
3175 3520 0	3175 3523 0	Cross Wilderness Ditch 23271						4	
3175 3523 0	3175 3520 0	Cross Wilderness Ditch 23271						4	
3176 3520 0	3176 3523 0	Cross Wilderness Ditch 23271						4	
3176 3523 0	3176 3520 0	Cross Wilderness Ditch 23271						4	
3177 3520 0	3177 3523 0	Cross Wilderness Ditch 23271						4	
3177 3523 0	3177 3520 0	Cross Wilderness Ditch 23271						4	
3178 3520 0	3178 3523 0	Cross Wilderness Ditch 23271						4	
3178 3523 0	3178 3520 0	Cross Wilderness Ditch 23271						4	
3179 3520 0	3179 3523 0	Cross Wilderness Ditch 23271						4	
3179 3523 0	3179 3520 0	Cross Wilderness Ditch 23271						4	
3180 3520 0	3180 3523 0	Cross Wilderness Ditch 23271						4	
3180 3523 0	3180 3520 0	Cross Wilderness Ditch 23271						4	
3181 3520 0	3181 3523 0	Cross Wilderness Ditch 23271						4	
3181 3523 0	3181 3520 0	Cross Wilderness Ditch 23271						4	
3182 3520 0	3182 3523 0	Cross Wilderness Ditch 23271						4	
3182 3523 0	3182 3520 0	Cross Wilderness Ditch 23271						4	
3183 3520 0	3183 3523 0	Cross Wilderness Ditch 23271						4	
3183 3523 0	3183 3520 0	Cross Wilderness Ditch 23271						4	
3184 3520 0	3184 3523 0	Cross Wilderness Ditch 23271						4	
3184 3523 0	3184 3520 0	Cross Wilderness Ditch 23271						4	
3185 3520 0	3185 3523 0	Cross Wilderness Ditch 23271						4	
3185 3523 0	3185 3520 0	Cross Wilderness Ditch 23271						4	
3186 3520 0	3186 3523 0	Cross Wilderness Ditch 23271						4	
3186 3523 0	3186 3520 0	Cross Wilderness Ditch 23271						4	
3187 3520 0	3187 3523 0	Cross Wilderness Ditch 23271						4	
3187 3523 0	3187 3520 0	Cross Wilderness Ditch 23271						4	
3188 3520 0	3188 3523 0	Cross Wilderness Ditch 23271						4	
3188 3523 0	3188 3520 0	Cross Wilderness Ditch 23271						4	
3189 3520 0	3189 3523 0	Cross Wilderness Ditch 23271						4	
3189 3523 0	3189 3520 0	Cross Wilderness Ditch 23271						4	
3190 3520 0	3190 3523 0	Cross Wilderness Ditch 23271						4	
3190 3523 0	3190 3520 0	Cross Wilderness Ditch 23271						4	
3191 3520 0	3191 3523 0	Cross Wilderness Ditch 23271						4	
3191 3523 0	3191 3520 0	Cross Wilderness Ditch 23271						4	
3192 3520 0	3192 3523 0	Cross Wilderness Ditch 23271						4	
3192 3523 0	3192 3520 0	Cross Wilderness Ditch 23271						4	
3193 3520 0	3193 3523 0	Cross Wilderness Ditch 23271						4	
3193 3523 0	3193 3520 0	Cross Wilderness Ditch 23271						4	
3194 3520 0	3194 3523 0	Cross Wilderness Ditch 23271						4	
3194 3523 0	3194 3520 0	Cross Wilderness Ditch 23271						4	
3195 3520 0	3195 3523 0	Cross Wilderness Ditch 23271						4	
3195 3523 0	3195 3520 0	Cross Wilderness Ditch 23271						4	
3196 3520 0	3196 3523 0	Cross Wilderness Ditch 23271						4	
3196 3523 0	3196 3520 0	Cross Wilderness Ditch 23271						4	
3197 3520 0	3197 3523 0	Cross Wilderness Ditch 23271						4	
3197 3523 0	3197 3520 0	Cross Wilderness Ditch 23271						4	
3198 3520 0	3198 3523 0	Cross Wilderness Ditch 23271						4	
3198 3523 0	3198 3520 0	Cross Wilderness Ditch 23271						4	
3199 3520 0	3199 3523 0	Cross Wilderness Ditch 23271						4	
3199 3523 0	3199 3520 0	Cross Wilderness Ditch 23271						4	
3200 3520 0	3200 3523 0	Cross Wilderness Ditch 23271						4	
3200 3523 0	3200 3520 0	Cross Wilderness Ditch 23271						4	
3201 3520 0	3201 3523 0	Cross Wilderness Ditch 23271						4	
3201 3523 0	3201 3520 0	Cross Wilderness Ditch 23271						4	
3202 3520 0	3202 3523 0	Cross Wilderness Ditch 23271						4	
3202 3523 0	3202 3520 0	Cross Wilderness Ditch 23271						4	
3203 3520 0	3203 3523 0	Cross Wilderness Ditch 23271						4	
3203 3523 0	3203 3520 0	Cross Wilderness Ditch 23271						4	
3204 3520 0	3204 3523 0	Cross Wilderness Ditch 23271						4	
3204 3523 0	3204 3520 0	Cross Wilderness Ditch 23271						4	
3205 3520 0	3205 3523 0	Cross Wilderness Ditch 23271						4	
3205 3523 0	3205 3520 0	Cross Wilderness Ditch 23271						4	
3206 3520 0	3206 3523 0	Cross Wilderness Ditch 23271						4	
3206 3523 0	3206 3520 0	Cross Wilderness Ditch 23271						4	
3207 3520 0	3207 3523 0	Cross Wilderness Ditch 23271						4	
3207 3523 0	3207 3520 0	Cross Wilderness Ditch 23271						4	
3208 3520 0	3208 3523 0	Cross Wilderness Ditch 23271						4	
3208 3523 0	3208 3520 0	Cross Wilderness Ditch 23271						4	
3209 3520 0	3209 3523 0	Cross Wilderness Ditch 23271						4	
3209 3523 0	3209 3520 0	Cross Wilderness Ditch 23271						4	
3210 3520 0	3210 3523 0	Cross Wilderness Ditch 23271						4	
3210 3523 0	3210 3520 0	Cross Wilderness Ditch 23271						4	
3211 3520 0	3211 3523 0	Cross Wilderness Ditch 23271						4	
3211 3523 0	3211 3520 0	Cross Wilderness Ditch 23271						4	
3212 3520 0	3212 3523 0	Cross Wilderness Ditch 23271						4	
3212 3523 0	3212 3520 0	Cross Wilderness Ditch 23271						4	
3213 3520 0	3213 3523 0	Cross Wilderness Ditch 23271						4	
3213 3523 0	3213 3520 0	Cross Wilderness Ditch 23271						4	
3214 3520 0	3214 3523 0	Cross Wilderness Ditch 23271						4	
3214 3523 0	3214 3520 0	Cross Wilderness Ditch 23271						4	
3215 3520 0	3215 3523 0	Cross Wilderness Ditch 23271						4	
3215 3523 0	3215 3520 0	Cross Wilderness Ditch 23271						4	
3216 3520 0	3216 3523 0	Cross Wilderness Ditch 23271						4	
3216 3523 0	3216 3520 0	Cross Wilderness Ditch 23271						4	
3217 3520 0	3217 3523 0	Cross Wilderness Ditch 23271						4	
3217 3523 0	3217 3520 0	Cross Wilderness Ditch 23271						4	
3218 3520 0	3218 3523 0	Cross Wilderness Ditch 23271						4	
3218 3523 0	3218 3520 0	Cross Wilderness Ditch 23271						4	
3219 3520 0	3219 3523 0	Cross Wilderness Ditch 23271						4	
3219 3523 0	3219 3520 0	Cross Wilderness Ditch 23271						4	
3220 3520 0	3220 3523 0	Cross Wilderness Ditch 23271						4	
3220 3523 0	3220 3520 0	Cross Wilderness Ditch 23271						4	
3221 3520 0	3221 3523 0	Cross Wilderness Ditch 23271						4	
3221 3523 0	3221 3520 0	Cross Wilderness Ditch 23271						4	
3222 3520 0	3222 3523 0	Cross Wilderness Ditch 23271						4	
3222 3523 0	3222 3520 0	Cross Wilderness Ditch 23271						4	
3223 3520 0	3223 3523 0	Cross Wilderness Ditch 23271						4	
3223 3523 0	3223 3520 0	Cross Wilderness Ditch 23271						4	
3224 3520 0	3224 3523 0	Cross Wilderness Ditch 23271						4	
3224 3523 0	3224 3520 0	Cross Wilderness Ditch 23271						4	
3225 3520 0	3225 3523 0	Cross Wilderness Ditch 23271						4	
3225 3523 0	3225 3520 0	Cross Wilderness Ditch 23271						4	
3226 3520 0	3226 3523 0	Cross Wilderness Ditch 23271						4	
3226 3523 0	3226 3520 0	Cross Wilderness Ditch 23271						4	
3227 3520 0	3227 3523 0	Cross Wilderness Ditch 23271						4	
3227 3523 0	3227 3520 0	Cross Wilderness Ditch 23271						4	
3228 3520 0	3228 3523 0	Cross Wilderness Ditch 23271						4	
3228 3523 0	3228 3520 0	Cross Wilderness Ditch 23271						4	
3229 3520 0	3229 3523 0	Cross Wilderness Ditch 23271						4	
3229 3523 0	3229 3520 0	Cross Wilderness Ditch 23271						4	
3230 3520 0	3230 3523 0	Cross Wilderness Ditch 23271						4	
3230 3523 0	3230 3520 0	Cross Wilderness Ditch 23271						4	
3231 3520 0	3231 3523 0	Cross Wilderness Ditch 23271						4	
3231 3523 0	3231 3520 0	Cross Wilderness Ditch 23271						4	
3232 3520 0	3232 3523 0	Cross Wilderness Ditch 23271						4	
3232 3523 0	3232 3520 0	Cross Wilderness Ditch 23271						4	
3233 3520 0	3233 3523 0	Cross Wilderness Ditch 23271						4	
3233 3523 0	3233 3520 0	Cross Wilderness Ditch 23271						4	
3234 3520 0	3234 3523 0	Cross Wilderness Ditch 23271						4	
3234 3523 0	3234 3520 0	Cross Wilderness Ditch 23271						4	
3235 3520 0	3235 3523 0	Cross Wilderness Ditch 23271						4	
3235 3523 0	3235 3520 0	Cross Wilderness Ditch 23271						4	
3236 3520 0	3236 3523 0	Cross Wilderness Ditch 23271						4	
3236 3523 0	3236 3520 0	Cross Wilderness Ditch 23271						4	
3237 3520 0	3237 3523 0	Cross Wilderness Ditch 23271						4	
3237 3523 0	3237 3520 0	Cross Wilderness Ditch 23271						4	
3238 3520 0	3238 3523 0	Cross Wilderness Ditch 23271						4	
3238 3523 0	3238 3520 0	Cross Wilderness Ditch 23271						4	
3239 3520 0	3239 3523 0	Cross Wilderness Ditch 23271						4	
3239 3523 0	3239 3520 0	Cross Wilderness Ditch 23271						4	
3240 3520 0	3240 3523 0	Cross Wilderness Ditch 23271						4	
3240 3523 0	3240 3520 0	Cross Wilderness Ditch 23271						4	
3241 3520 0	3241 3523 0	Cross Wilderness Ditch 23271						4	
3241 3523 0	3241 3520 0	Cross Wilderness Ditch 23271						4	
3242 3520 0	3242 3523 0	Cross Wilderness Ditch 23271						4	
3242 3523 0	3242 3520 0	Cross Wilderness Ditch 23271						4	
3243 3520 0	3243 3523 0	Cross Wilderness Ditch 23271						4	
3243 3523 0	3243 3520 0	Cross Wilderness Ditch 23271						4	
3244 3520 0	3244 3523 0	Cross Wilderness Ditch 23271						4	
3244 3523 0	3244 3520 0	Cross Wilderness Ditch 23271						4	
3245 3520 0	3245 3523 0	Cross Wilderness Ditch 23271						4	
3245 3523 0	3245 3520 0	Cross Wilderness Ditch 23271						4	
3246 3520 0	3246 3523 0	Cross Wilderness Ditch 23271						4	
3246 3523 0	3246 3520 0	Cross Wilderness Ditch 23271						4	
3247 3520 0	3247 3523 0	Cross Wilderness Ditch 23271						4	
3247 3523 0	3247 3520 0	Cross Wilderness Ditch 23271						4	
3248 3520 0	3248 3523 0	Cross Wilderness Ditch 23271						4	
3248 3523 0	3248 3520 0	Cross Wilderness Ditch 23271						4	
3249 3520 0	3249 3523 0	Cross Wilderness Ditch 23271						4	
3249 3523 0	3249 3520 0	Cross Wilderness Ditch 23271						4	
3250 3520 0	3250 3523 0	Cross Wilderness Ditch 23271						4	
3250 3523 0	3250 3520 0	Cross Wilderness Ditch 23271						4	
3251 3520 0	3251 3523 0	Cross Wilderness Ditch 23271						4	
3251 3523 0	3251 3520 0	Cross Wilderness Ditch 23271						4	
3252 3520 0	3252 3523 0	Cross Wilderness Ditch 23271						4	
3252 3523 0	3252 3520 0	Cross Wilderness Ditch 23271						4	
3253 3520 0	3253 3523 0	Cross Wilderness Ditch 23271						4	
3253 3523 0	3253 3520 0	Cross Wilderness Ditch 23271						4	
3254 3520 0	3254 3523 0	Cross Wilderness Ditch 23271						4	
3254 3523 0	3254 3520 0	Cross Wilderness Ditch 23271						4	
3255 3520 0	3255 3523 0	Cross Wilderness Ditch 23271						4	
3255 3523 0	3255 3520 0	Cross Wilderness Ditch 23271						4	
3256 3520 0	3256 3523 0	Cross Wilderness Ditch 23271						4	
3256 3523 0	3256 3520 0	Cross Wilderness Ditch 23271						4	
3257 3520 0	3257 3523 0	Cross Wilderness Ditch 23271						4	
3257 3523 0	3257 3520 0	Cross Wilderness Ditch 23271						4	
3258 3520 0	3258 3523 0	Cross Wilderness Ditch 23271						4	
3258 3523 0	3258 3520 0	Cross Wilderness Ditch 23271						4	
3259 3520 0	3259 3523 0	Cross Wilderness Ditch 23271						4	
3259 3523 0	3259 3520 0	Cross Wilderness Ditch 23271						4	
3260 3520 0	3260 3523 0	Cross Wilderness Ditch 23271						4	
3260 3523 0	3260 3520 0	Cross Wilderness Ditch 23271						4	
3261 3520 0	3261 3523 0	Cross Wilderness Ditch 23271						4	
3261 3523 0	3261 3520 0	Cross Wilderness Ditch 23271						4	
3262 3520 0	3262 3523 0	Cross Wilderness Ditch 23271						4	
3262 3523 0	3262 3520 0	Cross Wilderness Ditch 23271						4	
3263 3520 0	3263 3523 0	Cross Wilderness Ditch 23271						4	
3263 3523 0	3263 3520 0	Cross Wilderness Ditch 23271						4	
3264 3520 0	3264 3523 0	Cross Wilderness Ditch 23271						4	
3264 3523 0	3264 3520 0	Cross Wilderness Ditch 23271						4	
3265 3520 0	3265 3523 0	Cross Wilderness Ditch 23271						4	
3265 3523 0	3265 3520 0	Cross Wilderness Ditch 23271						4	
3266 3520 0	3266 3523 0	Cross Wilderness Ditch 23271						4	
3266 3523 0	3266 3520 0	Cross Wilderness Ditch 23271						4	
3267 3520 0	3267 3523 0	Cross Wilderness Ditch 23271						4	
3267 3523 0	3267 3520 0	Cross Wilderness Ditch 23271						4	
3268 3520 0	3268 3523 0	Cross Wilderness Ditch 23271						4	
3268 3523 0	3268 3520 0	Cross Wilderness Ditch 23271						4	
3269 3520 0	3269 3523 0	Cross Wilderness Ditch 23271						4	
3269 3523 0	3269 3520 0	Cross Wilderness Ditch 23271						4	
3270 3520 0	3270 3523 0	Cross Wilderness Ditch 23271						4	
3270 3523 0	3270 3520 0	Cross Wilderness Ditch 23271						4	
3271 3520 0	3271 3523 0	Cross Wilderness Ditch 23271						4	
3271 3523 0	3271 3520 0	Cross Wilderness Ditch 23271						4	
3272 3520 0	3272 3523 0	Cross Wilderness Ditch 23271						4	
3272 3523 0	3272 3520 0	Cross Wilderness Ditch 23271						4	
3273 3520 0	3273 3523 0	Cross Wilderness Ditch 23271						4	
3273 3523 0	3273 3520 0	Cross Wilderness Ditch 23271						4	
3274 3520 0	3274 3523 0	Cross Wilderness Ditch 23271						4	
3274 3523 0	3274 3520 0	Cross Wilderness Ditch 23271						4	
3275 3520 0	3275 3523 0	Cross Wilderness Ditch 23271						4	
3275 3523 0	3275 3520 0	Cross Wilderness Ditch 23271						4	
3276 3520 0	3276 3523 0	Cross Wilderness Ditch 23271						4	
3276 3523 0	3276 3520 0	Cross Wilderness Ditch 23271						4	
3277 3520 0	3277 3523 0	Cross Wilderness Ditch 23271						4	
3277 3523 0	3277 3520 0	Cross Wilderness Ditch 23271						4	
3278 3520 0	3278 3523 0	Cross Wilderness Ditch 23271						4	
3278 3523 0	3278 3520 0	Cross Wilderness Ditch 23271						4	
3279 3520 0	3279 3523 0	Cross Wilderness Ditch 23271						4	
3279 3523 0	3279 3520 0	Cross Wilderness Ditch 23271						4	
3280 3520 0	3280 3523 0	Cross Wilderness Ditch 23271						4	
3280 3523 0	3280 3520 0	Cross Wilderness Ditch 23271						4	
3281 3520 0	3281 3523 0	Cross Wilderness Ditch 23271						4	
3281 3523 0	3281 3520 0	Cross Wilderness Ditch 23271						4	
3282 3520 0	3282 3523 0	Cross Wilderness Ditch 23271						4	
3282 3523 0	3282 3520 0	Cross Wilderness Ditch 23271						4	
3283 3520 0	3283 3523 0	Cross Wilderness Ditch 23271						4	
3283 3523 0	3283 3520 0	Cross Wilderness Ditch 23271						4	
3284 3520 0	3284 3523 0	Cross Wilderness Ditch 23271						4	
3284 3523 0	3284 3520 0	Cross Wilderness Ditch 23271						4	
3285 3520 0	3285 3523 0	Cross Wilderness Ditch 23271						4	
3285 3523 0	3285 3520 0	Cross Wilderness Ditch 23271						4	
3286 3520 0	3286 3523 0	Cross Wilderness Ditch 23271						4	
3286 3523 0	3286 3520 0	Cross Wilderness Ditch 23271						4	
3287 3520 0	3287 3523 0	Cross Wilderness Ditch 23271						4	
3287 3523 0	3287 3520 0	Cross Wilderness Ditch 23271						4	
3288 3520 0	3288 3523 0	Cross Wilderness Ditch 23271						4	
3288 3523 0	3288 3520 0	Cross Wilderness Ditch 23271						4	
3289 3520 0	3289 3523 0	Cross Wilderness Ditch 23271						4	
3289 3523 0	3289 3520 0	Cross Wilderness Ditch 23271						4	
3290 3520 0	3290 3523 0	Cross Wilderness Ditch 23271						4	
3290 3523 0	3290 3520 0	Cross Wilderness Ditch 23271						4	
3291 3520 0	3291 3523 0	Cross Wilderness Ditch 23271						4	
3291 3523 0	3291 3520 0	Cross Wilderness Ditch 23271						4	
3292 3520 0	3292 3523 0	Cross Wilderness Ditch 23271						4	
3292 3523 0	3292 3520 0	Cross Wilderness Ditch 23271						4	
3293 3520 0	3293 3523 0	Cross Wilderness Ditch 23271						4	
3293 3523 0	3293 3520 0	Cross Wilderness Ditch 23271						4	
3294 3520 0	3294 3523 0	Cross Wilderness Ditch 23271						4	
3294 3523 0	3294 3520 0	Cross Wilderness Ditch 23271						4	
3295 3520 0	3295 3523 0	Cross Wilderness Ditch 23271						4	
3295 3523 0	3295 3520 0	Cross Wilderness Ditch 23271						4	
3296 3520 0	3296 3523 0	Cross Wilderness Ditch 23271						4	
3296 3523 0	3296 3520 0	Cross Wilderness Ditch 23271						4	
3297 3520 0	3297 3523 0	Cross Wilderness Ditch 23271						4	
3297 3523 0	3297 3520 0	Cross Wilderness Ditch 23271						4	
3298 3520 0	3298 3523 0	Cross Wilderness Ditch 23271						4	
3298 3523 0	3298 3520 0	Cross Wilderness Ditch 23271						4	
3299 3520 0	3299 3523 0	Cross Wilderness Ditch 23271						4	
3299 3523 0	3299 3520 0	Cross Wilderness Ditch 23271						4	
3300 3520 0	3300 3523 0	Cross Wilderness Ditch 23271						4	
3300 3523 0	3300 3520 0	Cross Wilderness Ditch 23271						4	
3301 3520 0	3301 3523 0	Cross Wilderness Ditch 23271						4	
3301 3523 0	3301 3520 0	Cross Wilderness Ditch 23271						4	
3302 3520 0	3302 3523 0	Cross Wilderness Ditch 23271						4	
3302 3523 0	3302 3520 0	Cross Wilderness Ditch 23271						4	
3303 3520 0	3303 3523 0	Cross Wilderness Ditch 23271						4	
3303 3523 0	3303 3520 0	Cross Wilderness Ditch 23271						4	
3304 3520 0	3304 3523 0	Cross Wilderness Ditch 23271						4	
3304 3523 0	3304 3520 0	Cross Wilderness Ditch 23271						4	
3305 3520 0	3305 3523 0	Cross Wilderness Ditch 23271						4	
3305 3523 0	3305 3520 0	Cross Wilderness Ditch 23271						4	
3306 3520 0	3306 3523 0	Cross Wilderness Ditch 23271						4	
3306 3523 0	3306 3520 0	Cross Wilderness Ditch 23271						4	
3307 3520 0	3307 3523 0	Cross Wilderness Ditch 23271						4	
3307 3523 0	3307 3520 0	Cross Wilderness Ditch 23271						4	
3308 3520 0	3308 3523 0	Cross Wilderness Ditch 23271						4	
3308 3523 0	3308 3520 0	Cross Wilderness Ditch 23271						4	
3309 3520 0	3309 3523 0	Cross Wilderness Ditch 23271						4	
3309 3523 0	3309 3520 0	Cross Wilderness Ditch 23271						4	
3310 3520 0	3310 3523 0	Cross Wilderness Ditch 23271						4	
3310 3523 0	3310 3520 0	Cross Wilderness Ditch 23271						4	
3311 3520 0	3311 3523 0	Cross Wilderness Ditch 23271						4	
3311 3523 0	3311 3520 0	Cross Wilderness Ditch 23271						4	
3312 3520 0	3312 3523 0	Cross Wilderness Ditch 23271						4	
3312 3523 0	3312 3520 0	Cross Wilderness Ditch 23271						4	
3313 3520 0	3313 3523 0	Cross Wilderness Ditch 23271						4	
3313 3523 0	3313 3520 0	Cross Wilderness Ditch 23271						4	
3314 3520 0	3314 3523 0	Cross Wilderness Ditch 23271						4	
3314 3523 0	3314 3520 0	Cross Wilderness Ditch 23271						4	
3315 3520 0	3315 3523 0	Cross Wilderness Ditch 23271						4	
3315 3523 0	3315 3520 0	Cross Wilderness Ditch 23271						4	
3316 3520 0	3316 3523 0	Cross Wilderness Ditch 23271						4	
3316 3523 0	3316 3520 0	Cross Wilderness Ditch 23271						4	
3317 3520 0	3317 3523 0	Cross Wilderness Ditch 23271						4	
3317 3523 0	3317 3520 0	Cross Wilderness Ditch 23271						4	
3318 3520 0	3318 3523 0	Cross Wilderness Ditch 23271						4	
3318 3523 0	3318 3520 0	Cross Wilderness Ditch 23271						4	
3319 3520 0	3319 3523 0	Cross Wilderness Ditch 23271						4	
3319 3523 0	3319 3520 0	Cross Wilderness Ditch 23271						4	
3320 3520 0	3320 3523 0	Cross Wilderness Ditch 23271						4	
3320 3523 0	3320 3520 0	Cross Wilderness Ditch 23271						4	
3321 3520 0	3321 3523 0	Cross Wilderness Ditch 23271						4	
3321 3523 0	3321 3520 0	Cross Wilderness Ditch 23271						4	
3322 3520 0	3322 3523 0	Cross Wilderness Ditch 23271						4	
3322 3523 0	3322 3520 0	Cross Wilderness Ditch 23271						4	
3323 3520 0	3323 3523 0	Cross Wilderness Ditch 23271						4	
3323 3523 0	3323 3520 0	Cross Wilderness Ditch 23271						4	
3324 3520 0	3324 3523 0	Cross Wilderness Ditch 23271						4	
3324 3523 0	3324 3520 0	Cross Wilderness Ditch 23271						4	
3325 3520 0	3325 3523 0	Cross Wilderness Ditch 23271						4	
3325 3523 0	3325 3520 0	Cross Wilderness Ditch 23271						4	
3326 3520 0	3326 3523 0	Cross Wilderness Ditch 23271						4	
3326 3523 0	3326 3520 0	Cross Wilderness Ditch 23271						4	
3329 3520 0	3329 3523 0	Cross Wilderness Ditch 23271						4	
3329 3523 0	3329 3520 0	Cross Wilderness Ditch 23271						4	
3330 3520 0	3330 3523 0	Cross Wilderness Ditch 23271						4	
3330 3523 0	3330 3520 0	Cross Wilderness Ditch 23271						4	
3331 3520 0	3331 3523 0	Cross Wilderness Ditch 23271						4	
3331 3523 0	3331 3520 0	Cross Wilderness Ditch 23271						4	
3332 3520 0	3332 3523 0	Cross Wilderness Ditch 23271						4	
3332 3523 0	3332 3520 0	Cross Wilderness Ditch 23271						4	
3333 3520 0	3333 3523 0	Cross Wilderness Ditch 23271						4	
3333 3523 0	3333 3520 0	Cross Wilderness Ditch 23271						4	
3334 3520 0	3334 3523 0	Cross Wilderness Ditch 23271						4	
3334 3523 0	3334 3520 0	Cross Wilderness Ditch 23271						4	
3335 3520 0	3335 3523 0	Cross Wilderness Ditch 23271						4	
3335 3523 0	3335 3520 0	Cross Wilderness Ditch 23271						4	
3336 3520 0	3336 3523 0	Cross Wilderness Ditch 23271						4	
3336 3523 0	3336 3520 0	Cross Wilderness Ditch 23271						4	
3337 3520 0	3337 3523 0	Cross Wilderness Ditch 23271						4	
3337 3523 0	3337 3520 0	Cross Wilderness Ditch 23271						4	
3338 3520 0	3338 3523 0	Cross Wilderness Ditch 23271						4	
3338 3523 0	3338 3520 0	Cross Wilderness Ditch 23271						4	
3339 3520 0	3339 3523 0	Cross Wilderness Ditch 23271						4	
3339 3523 0	3339 3520 0	Cross Wilderness Ditch 23271						4	
3340 3520 0	3340 3523 0	Cross Wilderness Ditch 23271						4	
3340 3523 0	3340 3520 0	Cross Wilderness Ditch 23271						4	
3259 3663 0	3385 10052 0	Walk-down Stairs 40388						2	
3260 3663 0	3385 10052 0	Walk-down Stairs 40388						2	
3384 10052 0	3259 3663 0	Exit Opening 40389						2	
3385 10052 0	3259 3663 0	Exit Opening 40389						2	
3386 10052 0	3259 3663 0	Exit Opening 40389						2	
3293 3749 0	3406 10145 0	Walk-down Stairs 40390						2	
3294 3749 0	3406 10145 0	Walk-down Stairs 40390						2	
3405 10145 0	3294 3749 0	Exit Opening 40391						2	
3406 10145 0	3294 3749 0	Exit Opening 40391						2	
3407 10145 0	3294 3749 0	Exit Opening 40391						2	
3073 3653 0	3197 10056 0	Enter Cavern 31555						2	
3074 3653 0	3197 10056 0	Enter Cavern 31555						2	
3075 3653 0	3197 10056 0	Enter Cavern 31555						2	
3076 3653 0	3197 10056 0	Enter Cavern 31555						2	
3069 3740 0	3187 10128 0	Jump-down Crevice 40386						2	
3069 3741 0	3187 10128 0	Jump-down Crevice 40386						2	
3069 3742 0	3187 10128 0	Jump-down Crevice 40386						2	
3069 3743 0	3187 10128 0	Jump-down Crevice 40386						2	
3066 3740 0	3187 10128 0	Jump-down Crevice 40386						2	
3066 3741 0	3187 10128 0	Jump-down Crevice 40386						2	
3066 3742 0	3187 10128 0	Jump-down Crevice 40386						2	
3066 3743 0	3187 10128 0	Jump-down Crevice 40386						2	
3067 3739 0	3187 10128 0	Jump-down Crevice 40386						2	
3068 3739 0	3187 10128 0	Jump-down Crevice 40386						2	
3067 3744 0	3187 10128 0	Jump-down Crevice 40386						2	
3068 3744 0	3187 10128 0	Jump-down Crevice 40386						2	
3126 3831 0	3241 10233 0	Enter Cavern 31556						2	
3126 3832 0	3241 10233 0	Enter Cavern 31556						2	
3126 3833 0	3241 10233 0	Enter Cavern 31556						2	
3126 3834 0	3241 10233 0	Enter Cavern 31556						2	
3217 10058 0	3102 3655 0	Climb-up Stairs 31558						2	
3246 10215 0	3124 3805 0	Climb-up Stairs 43868						2	
3184 3944 0	3184 3945 0	Open Gate 26760						2	
3184 3945 0	3184 3944 0	Open Gate 26760		COINS=7500		4469=0;4468=0;4467=0;		2	
3184 3945 0	3184 3944 0	Open Gate 26760		COINS=6000		4469=0;4468=0;4467=1		2	
3184 3945 0	3184 3944 0	Open Gate 26760		COINS=3750		4469=0;4468=1		2	
3184 3945 0	3184 3944 0	Open Gate 26760				4469=1		2	
									
# Nardah									
3409 2932 0	3409 2932 1	Climb-up Ladder 10493						2	
3409 2932 1	3409 2932 0	Climb-down Ladder 10494						2	
3429 2905 0	3429 2905 1	Climb-up Ladder 10493						2	
3429 2905 1	3429 2905 0	Climb-down Ladder 10494						2	
3426 2901 0	3426 2901 1	Climb-up Ladder 10493						2	
3426 2901 1	3426 2901 0	Climb-down Ladder 10494						2	
3439 2892 1	3439 2892 0	Climb-down Ladder 10494						2	
3439 2892 0	3439 2892 1	Climb-up Ladder 10493						2	
3449 2898 0	3449 2898 1	Climb-up Ladder 10493						2	
3449 2898 1	3449 2898 0	Climb-down Ladder 10494						2	
3445 2911 0	3449 2911 1	Climb-up Staircase 10525						1	
3449 2911 1	3445 2911 0	Climb-down Staircase 10526						1	
3445 2912 0	3449 2911 1	Climb-up Staircase 10525						1	
3449 2912 1	3445 2911 0	Climb-down Staircase 10526						1	
3417 2905 1	3417 2905 0	Climb-down Ladder 10494						2	
3417 2905 0	3417 2905 1	Climb-up Ladder 10493						2	
3403 2926 0	3403 2926 1	Climb-up Ladder 10493						2	
3403 2926 1	3403 2926 0	Climb-down Ladder 10494						2	
3371 9312 0	3371 9313 0	Open Door 10431						1	
3371 9313 0	3371 9312 0	Open Door 10431						1	
3373 9304 0	3375 2904 0	Climb Rope 10434							
3375 2904 0	3374 9305 0	Climb-down Crevice 10416							
3374 9305 0	3375 2904 0	Climb Rope 10434							
3375 2905 0	3374 9305 0	Climb-down Crevice 10416							
3373 9306 0	3375 2904 0	Climb Rope 10434							
3375 2906 0	3374 9305 0	Climb-down Crevice 10416							
3372 9305 0	3375 2904 0	Climb Rope 10434							
3374 2903 0	3374 9305 0	Climb-down Crevice 10416							
3374 2902 0	3374 9305 0	Climb-down Crevice 10416							
3372 2902 0	3374 9305 0	Climb-down Crevice 10416							
3372 2903 0	3374 9305 0	Climb-down Crevice 10416							
3372 2904 0	3374 9305 0	Climb-down Crevice 10416							
3372 2905 0	3374 9305 0	Climb-down Crevice 10416							
3372 2906 0	3374 9305 0	Climb-down Crevice 10416							
3372 2907 0	3374 9305 0	Climb-down Crevice 10416							
3374 2907 0	3374 9305 0	Climb-down Crevice 10416							
									
# Agility Pyramid									
3334 2829 0	3338 2829 0	Climb Climbing rocks 11948						8	
3338 2829 0	3334 2829 0	Climb Climbing rocks 11948						8	
3334 2828 0	3338 2828 0	Climb Climbing rocks 11948						8	
3338 2828 0	3334 2828 0	Climb Climbing rocks 11948						8	
3334 2827 0	3338 2827 0	Climb Climbing rocks 11948						8	
3338 2827 0	3334 2827 0	Climb Climbing rocks 11948						8	
3338 2826 0	3334 2826 0	Climb Climbing rocks 11948						8	
3334 2826 0	3338 2826 0	Climb Climbing rocks 11948						8	
3348 2829 0	3352 2829 0	Climb Climbing rocks 11949						8	
3352 2829 0	3348 2829 0	Climb Climbing rocks 11949						8	
3348 2828 0	3352 2828 0	Climb Climbing rocks 11949						8	
3352 2828 0	3348 2828 0	Climb Climbing rocks 11949						8	
3348 2827 0	3352 2827 0	Climb Climbing rocks 11949						8	
3352 2827 0	3348 2827 0	Climb Climbing rocks 11949						8	
									
# Sophanem									
3284 2810 0	3283 2809 0	Open Gate 20391						1	
3283 2809 0	3283 2810 0	Open Gate 20391						1	
3283 2810 0	3283 2809 0	Open Gate 20391						1	
3284 2809 0	3283 2810 0	Open Gate 20391						1	
3317 2786 1	3317 2788 0	Climb-down Ladder 20354						2	
3317 2788 0	3317 2786 1	Climb-up Ladder 20353						2	
3317 2784 1	3317 2782 2	Climb-up Ladder 20353						2	
3317 2782 2	3317 2784 1	Climb-down Ladder 20354						2	
3316 2766 1	3316 2768 0	Climb-down Ladder 20354						2	
3316 2768 0	3316 2766 1	Climb-up Ladder 20353						2	
3315 2777 1	3315 2775 2	Climb-up Ladder 20353						2	
3315 2775 2	3315 2777 1	Climb-down Ladder 20354						2	
3314 2755 0	3314 2753 1	Climb-up Ladder 20353						2	
3314 2753 1	3314 2755 0	Climb-down Ladder 20354						2	
3315 2796 0	2800 5160 0	Climb-down Ladder 20275						2	
2799 5160 0	3315 2796 0	Climb-up Ladder 20277						2	
2800 5160 0	2166 4409 2	Climb-down Ladder 20278						2	
2166 4409 2	2800 5160 0	Climb-up Ladder 20281						2	
3286 9275 2	3286 9273 0	Climb-down Ladder 20285						2	
3286 9273 0	3286 9275 2	Climb-up Ladder 20284						2	
3323 9240 0	3323 9242 2	Climb-up Ladder 20284						2	
3323 9242 2	3323 9240 0	Climb-down Ladder 20285						2	
3317 9251 0	3317 9249 2	Climb-up Ladder 20284						2	
3317 9249 2	3317 9251 0	Climb-down Ladder 20285						2	
3317 9223 0	3317 9225 2	Climb-up Ladder 20284						2	
3317 9225 2	3317 9223 0	Climb-down Ladder 20285						2	
3268 9228 2	3257 9226 0	Climb-down Ladder 20287						2	
3257 9226 0	3268 9228 2	Climb-up Ladder 20286						2	
3267 9220 2	3267 9222 0	Climb-down Ladder 20285						2	
3267 9222 0	3267 9220 2	Climb-up Ladder 20284						2	
3270 9274 2	3272 9274 0	Climb-down Ladder 20285						2	
3272 9274 0	3270 9274 2	Climb-up Ladder 20284						2	
3272 9235 2	3270 9235 0	Climb-down Ladder 20285						2	
3270 9235 0	3272 9235 2	Climb-up Ladder 20284						2	
3280 9254 0	3280 9256 2	Climb-up Ladder 20284						2	
3280 9256 2	3280 9254 0	Climb-down Ladder 20285						2	
3307 2803 2	3309 2803 0	Climb-down Ladder 20357						2	
3309 2803 0	3307 2803 2	Climb-up Ladder 20356						2	
3283 2756 0	3283 2754 1	Climb-up Ladder 20353						2	
3283 2754 1	3283 2756 0	Climb-down Ladder 20354						2	
3281 2754 2	3281 2756 1	Climb-down Ladder 20354						2	
3281 2756 1	3281 2754 2	Climb-up Ladder 20353						2	
3277 2768 0	3279 2768 1	Climb-up Ladder 20353						2	
3279 2768 1	3277 2768 0	Climb-down Ladder 20354						2	
3285 2768 0	3283 2768 1	Climb-up Ladder 20353						2	
3283 2768 1	3285 2768 0	Climb-down Ladder 20354						2	
3283 2772 1	3283 2770 3	Climb-up Ladder 20356						2	
3283 2770 3	3283 2772 1	Climb-down Ladder 20357						2	
3279 2772 1	3279 2770 3	Climb-up Ladder 20356						2	
3279 2770 3	3279 2772 1	Climb-down Ladder 20357						2	
3320 2796 0	3321 2858 0	Climb-through Hole 6620							
3322 2858 0	3319 2796 0	Enter Rock 6621						5	
									
# Necropolis									
3347 2759 0	3349 2759 0	Climb-over Rubble 44003				13841>10		4	
3349 2759 0	3347 2759 0	Climb-over Rubble 44003				13841>10		4	
									
# Pyramid									
3233 2900 0	3233 2898 0	Open Pyramid entrance 6545							
3232 2900 0	3232 2898 0	Open Pyramid entrance 6547							
3233 2898 0	3233 2900 0	Open Pyramid entrance 6545							
3232 2898 0	3232 2900 0	Open Pyramid entrance 6547							
3232 2897 0	2913 4954 3	Climb-down Ladder 6497						2	
2913 4954 3	3233 2898 0	Climb-up Ladder 6504						2	
3233 2898 0	2913 4954 3	Climb-down Ladder 6497						2	
2914 4953 3	3233 2898 0	Climb-up Ladder 6504						2	
3234 2897 0	2913 4954 3	Climb-down Ladder 6497						2	
2912 4953 3	3233 2898 0	Climb-up Ladder 6504						2	
3233 2896 0	2913 4954 3	Climb-down Ladder 6497						2	
2913 4952 3	3233 2898 0	Climb-up Ladder 6504						2	
2909 4965 3	2846 4964 2	Climb-down Ladder 6498						2	
2846 4964 2	2909 4965 3	Climb-up Ladder 6503						2	
2908 4964 3	2846 4964 2	Climb-down Ladder 6498						2	
2845 4965 2	2909 4965 3	Climb-up Ladder 6503						2	
2910 4964 3	2846 4964 2	Climb-down Ladder 6498						2	
2845 4963 2	2909 4965 3	Climb-up Ladder 6503						2	
2909 4963 3	2846 4964 2	Climb-down Ladder 6498						2	
2844 4964 2	2909 4965 3	Climb-up Ladder 6503						2	
3233 2887 0	3233 9313 0	Enter Tunnel 6481							
3233 9323 0	3233 9325 0	Open Doorway 6555							
3233 9325 0	3233 9323 0	Open Doorway 6555							
3234 9323 0	3234 9325 0	Open Doorway 6553							
3234 9325 0	3234 9323 0	Open Doorway 6553							
3233 9293 0	2783 4941 1	Climb-up Ladder 6501						2	
2783 4941 1	3233 9293 0	Climb-down Ladder 6500						2	
3232 9294 0	2783 4941 1	Climb-up Ladder 6501						2	
2784 4942 1	3233 9293 0	Climb-down Ladder 6500						2	
3232 9292 0	2783 4941 1	Climb-up Ladder 6501						2	
3231 9293 0	2783 4941 1	Climb-up Ladder 6501						2	
2785 4941 1	3233 9293 0	Climb-down Ladder 6500						2	
2784 4940 1	3233 9293 0	Climb-down Ladder 6500						2	
2782 4972 1	2845 4973 2	Climb-up Ladder 6502						2	
2845 4973 2	2782 4972 1	Climb-down Ladder 6499						2	
2781 4973 1	2845 4973 2	Climb-up Ladder 6502						2	
2782 4974 1	2845 4973 2	Climb-up Ladder 6502						2	
2783 4973 1	2845 4973 2	Climb-up Ladder 6502						2	
									
# Kalphite Lair									
3226 3108 0	3483 9510 2	Climb-down Tunnel entrance 3827							
3483 9510 2	3226 3108 0	Climb-up Rope 3829							
3226 3109 0	3483 9510 2	Climb-down Tunnel entrance 3827							
3227 3110 0	3483 9510 2	Climb-down Tunnel entrance 3827							
3228 3110 0	3483 9510 2	Climb-down Tunnel entrance 3827							
3227 3107 0	3483 9510 2	Climb-down Tunnel entrance 3827							
3228 3107 0	3483 9510 2	Climb-down Tunnel entrance 3827							
3229 3109 0	3483 9510 2	Climb-down Tunnel entrance 3827							
3229 3108 0	3483 9510 2	Climb-down Tunnel entrance 3827							
3484 9510 2	3226 3108 0	Climb-up Rope 3829							
3483 9509 2	3226 3108 0	Climb-up Rope 3829							
3514 9521 2	2711 5206 0	Enter Tunnel 23596							
2711 5206 0	3514 9521 2	Enter Blocked tunnel 22656							
3514 9520 2	2711 5206 0	Enter Tunnel 23596							
2711 5207 0	3514 9520 2	Enter Blocked tunnel 22657							
3508 9498 2	3508 9493 0	Climb-down Tunnel entrance 23609							
3508 9493 0	3508 9497 2	Climb-up Rope 3832							
3508 9497 2	3508 9493 0	Climb-down Tunnel entrance 23609							
3507 9494 0	3508 9497 2	Climb-up Rope 3832							
3509 9496 2	3508 9493 0	Climb-down Tunnel entrance 23609							
3510 9496 2	3508 9493 0	Climb-down Tunnel entrance 23609							
3508 9494 0	3508 9497 2	Climb-up Rope 3832							
3509 9499 2	3508 9493 0	Climb-down Tunnel entrance 23609							
3510 9499 2	3508 9493 0	Climb-down Tunnel entrance 23609							
3511 9497 2	3508 9493 0	Climb-down Tunnel entrance 23609							
3511 9498 2	3508 9493 0	Climb-down Tunnel entrance 23609							
									
# Dorgesh-Kaan									
2705 5363 0	2705 5366 1	Climb-up Stairs 22931						1	
2706 5363 0	2705 5366 1	Climb-up Stairs 22931						1	
2705 5366 1	2705 5363 0	Climb-down Stairs 22933						1	
2706 5366 1	2705 5363 0	Climb-down Stairs 22933						1	
2720 5358 0	2720 5361 1	Climb-up Stairs 22939						1	
2721 5358 0	2720 5361 1	Climb-up Stairs 22939						1	
2720 5361 1	2720 5358 0	Climb-down Stairs 22940						1	
2721 5361 1	2720 5358 0	Climb-down Stairs 22940						1	
2747 5374 0	3317 9603 0	Open Bone door 22945						1	
2748 5374 0	3317 9603 0	Open Bone door 22945						1	
3317 9602 0	2747 5374 0	Open Door 6919						1	
3318 9602 0	2748 5374 0	Open Door 6919						1	
2736 5352 0	2733 5351 1	Climb-up Stairs 22931						1	
2736 5351 0	2733 5351 1	Climb-up Stairs 22931						1	
2733 5351 1	2736 5351 0	Climb-down Stairs 22933						1	
2733 5352 1	2736 5351 0	Climb-down Stairs 22933						1	
2727 5347 0	2731 5346 1	Climb-up Stairs 22937						1	
2727 5346 0	2731 5346 1	Climb-up Stairs 22937						1	
2731 5346 1	2727 5346 0	Climb-down Stairs 22938						1	
2731 5347 1	2727 5346 0	Climb-down Stairs 22938						1	
2694 5328 0	2694 5328 1	Climb-up Ladder 22934						2	
2694 5328 1	2694 5328 0	Climb-down Ladder 22936						2	
2705 5327 0	2701 5327 1	Climb-up Stairs 22937						1	
2705 5328 0	2701 5327 1	Climb-up Stairs 22937						1	
2701 5327 1	2705 5327 0	Climb-down Stairs 22938						1	
2701 5328 1	2705 5327 0	Climb-down Stairs 22938						1	
2738 5325 0	2738 5325 1	Climb-up Ladder 22934						2	
2738 5325 1	2738 5325 0	Climb-down Ladder 22936						2	
2705 5305 0	2701 5305 1	Climb-up Stairs 22937						1	
2705 5306 0	2701 5305 1	Climb-up Stairs 22937						1	
2701 5305 1	2705 5305 0	Climb-down Stairs 22938						1	
2701 5306 1	2705 5305 0	Climb-down Stairs 22938						1	
2730 5306 0	2734 5306 1	Climb-up Stairs 22937						1	
2730 5307 0	2734 5306 1	Climb-up Stairs 22937						1	
2734 5306 1	2730 5306 0	Climb-down Stairs 22938						1	
2734 5307 1	2730 5306 0	Climb-down Stairs 22938						1	
2729 5304 0	2729 5300 1	Climb-up Stairs 22937						1	
2730 5304 0	2729 5300 1	Climb-up Stairs 22937						1	
2729 5300 1	2729 5304 0	Climb-down Stairs 22938						1	
2730 5300 1	2729 5304 0	Climb-down Stairs 22938						1	
2713 5293 0	2709 5293 1	Climb-up Stairs 22937						1	
2713 5294 0	2709 5293 1	Climb-up Stairs 22937						1	
2709 5293 1	2713 5293 0	Climb-down Stairs 22938						1	
2709 5294 1	2713 5293 0	Climb-down Stairs 22938						1	
2721 5292 0	2725 5292 1	Climb-up Stairs 22937						1	
2721 5293 0	2725 5292 1	Climb-up Stairs 22937						1	
2725 5292 1	2721 5292 0	Climb-down Stairs 22938						1	
2725 5293 1	2721 5292 0	Climb-down Stairs 22938						1	
2713 5285 0	2713 5281 1	Climb-up Stairs 22937						1	
2714 5285 0	2713 5281 1	Climb-up Stairs 22937						1	
2713 5281 1	2713 5285 0	Climb-down Stairs 22938						1	
2714 5281 1	2713 5285 0	Climb-down Stairs 22938						1	
2713 5277 0	2713 5281 1	Climb-up Stairs 22937						1	
2714 5277 0	2713 5281 1	Climb-up Stairs 22937						1	
2713 5281 1	2713 5277 0	Climb-down Stairs 22938						1	
2714 5281 1	2713 5277 0	Climb-down Stairs 22938						1	
2708 5275 0	2708 5275 1	Climb-up Ladder 22934						2	
2708 5275 1	2708 5275 0	Climb-down Ladder 22936						2	
2722 5276 0	2722 5272 1	Climb-up Stairs 22937						1	
2723 5276 0	2722 5272 1	Climb-up Stairs 22937						1	
2722 5272 1	2722 5276 0	Climb-down Stairs 22938						1	
2723 5272 1	2722 5276 0	Climb-down Stairs 22938						1	
2733 5275 0	2733 5278 1	Climb-up Stairs 22931						1	
2734 5275 0	2733 5278 1	Climb-up Stairs 22931						1	
2733 5278 1	2733 5275 0	Climb-down Stairs 22932						1	
2734 5278 1	2733 5275 0	Climb-down Stairs 22932						1	
2738 5277 0	2738 5281 1	Climb-up Stairs 22937						1	
2739 5277 0	2738 5281 1	Climb-up Stairs 22937						1	
2738 5281 1	2738 5277 0	Climb-down Stairs 22938						1	
2739 5281 1	2738 5277 0	Climb-down Stairs 22938						1	
2722 5268 0	2722 5272 1	Climb-up Stairs 22937						1	
2723 5268 0	2722 5272 1	Climb-up Stairs 22937						1	
2722 5272 1	2722 5268 0	Climb-down Stairs 22938						1	
2723 5272 1	2722 5268 0	Climb-down Stairs 22938						1	
2722 5260 0	2722 5257 1	Climb-up Stairs 22939						1	
2723 5260 0	2722 5257 1	Climb-up Stairs 22939						1	
2722 5257 1	2722 5260 0	Climb-down Stairs 22940						1	
2723 5257 1	2722 5260 0	Climb-down Stairs 22940						1	
2703 5363 1	2703 5363 2	Climb-up Ladder 22934						2	
2703 5363 2	2703 5363 1	Climb-down Ladder 22935						2	
2740 5359 1	2740 5362 2	Climb-up Stairs 22931						1	
2741 5359 1	2740 5362 2	Climb-up Stairs 22931						1	
2740 5362 2	2740 5359 1	Climb-down Stairs 22932						1	
2741 5362 2	2740 5359 1	Climb-down Stairs 22932						1	
2745 5355 1	2745 5355 2	Climb-up Ladder 22934						1	
2745 5355 2	2745 5355 1	Climb-down Ladder 22935						1	
2698 5304 1	2695 5304 2	Climb-up Stairs 22931						1	
2695 5304 2	2698 5304 1	Climb-down Stairs 22932						1	
2739 5296 1	2742 5296 2	Climb-up Stairs 22931						1	
2742 5296 2	2739 5296 1	Climb-down Stairs 22932						1	
2696 5291 1	2696 5294 2	Climb-up Stairs 22931						1	
2697 5291 1	2696 5294 2	Climb-up Stairs 22931						1	
2696 5294 2	2696 5291 1	Climb-down Stairs 22932						1	
2697 5294 2	2696 5291 1	Climb-down Stairs 22932						1	
2743 5286 1	2743 5289 2	Climb-up Stairs 22931						1	
2743 5289 2	2743 5286 1	Climb-down Stairs 22932						1	
2739 5260 1	2739 5257 2	Climb-up Stairs 22931						1	
2740 5260 1	2739 5257 2	Climb-up Stairs 22931						1	
2739 5257 2	2739 5260 1	Climb-down Stairs 22932						1	
2740 5257 2	2739 5260 1	Climb-down Stairs 22932						1	
2722 5255 1	2722 5249 3	Climb-up Stairs 22941						1	
2723 5255 1	2722 5249 3	Climb-up Stairs 22941						1	
2722 5249 3	2722 5255 1	Climb-down Stairs 22942						1	
2723 5249 3	2722 5255 1	Climb-down Stairs 22942						1	
2715 5241 0	2719 5241 3	Climb-up Ladder 22600						2	
2719 5241 3	2715 5241 0	Climb-down Ladder top 22666						2	
2719 5242 3	2715 5241 0	Climb-down Ladder top 22666						2	
									
# Uzer									
3491 3090 0	2721 4886 0	Climb-down Staircase 6373						1	
2721 4886 0	3491 3090 0	Climb-up Staircase 6372						1	
2720 4885 0	3491 3090 0	Climb-up Staircase 6372						1	
2720 4884 0	3491 3090 0	Climb-up Staircase 6372						1	
2722 4886 0	3491 3090 0	Climb-up Staircase 6372						1	
2723 4885 0	3491 3090 0	Climb-up Staircase 6372						1	
2723 4884 0	3491 3090 0	Climb-up Staircase 6372						1	
2722 4883 0	3491 3090 0	Climb-up Staircase 6372						1	
2721 4883 0	3491 3090 0	Climb-up Staircase 6372						1	
2719 4913 0	2720 4884 2	Enter Door 6310						1	
2721 4911 0	2720 4884 2	Enter Door 6310						1	
2720 4911 0	2720 4884 2	Enter Door 6310						1	
2719 4912 0	2720 4884 2	Enter Door 6310						1	
2722 4911 0	2720 4884 2	Enter Door 6310						1	
2723 4911 0	2720 4884 2	Enter Door 6310						1	
2724 4912 0	2720 4884 2	Enter Door 6310						1	
2724 4913 0	2720 4884 2	Enter Door 6310						1	
2723 4914 0	2720 4884 2	Enter Door 6310						1	
2722 4914 0	2720 4884 2	Enter Door 6310						1	
2721 4914 0	2720 4884 2	Enter Door 6310						1	
2720 4914 0	2720 4884 2	Enter Door 6310						1	
									
# River Elid Dungeon									
3371 3129 0	3349 9536 0	Use Rope -> Root 6382							
3349 9536 0	3371 3129 0	Leave Cave exit 10417							
									
# Pollnivneach									
3364 3002 0	3364 3002 1	Climb-up Ladder 6261						2	
3364 3002 1	3364 3002 0	Climb-down Ladder 6260						2	
3368 2991 0	3368 2991 1	Climb-up Ladder 6261						2	
3368 2991 1	3368 2991 0	Climb-down Ladder 6260						2	
3349 2963 1	3349 2963 0	Climb-down Ladder 6260						2	
3356 2982 1	3356 2982 2	Climb-up Ladder 6261						2	
3356 2982 2	3356 2982 1	Climb-down Ladder 6260						2	
3370 2971 0	3371 2971 0	Open Door 6238						1	
3371 2971 0	3370 2971 0	Open Door 6238						1	
3370 2970 0	3371 2970 0	Open Door 6240						1	
3371 2970 0	3370 2970 0	Open Door 6240						1	
3373 2977 0	3374 2979 1	Climb-up Staircase 6244						1	
3374 2979 1	3373 2977 0	Climb-down Staircase 6245						1	
3374 2978 1	3373 2977 0	Climb-down Staircase 6245						1	
3353 2961 0	3354 2958 1	Climb-up Staircase 6242						1	
3354 2958 1	3353 2961 0	Climb-down Staircase 6243						1	
3354 2959 1	3353 2961 0	Climb-down Staircase 6243						1	
									
# Smoke Dungeon									
3310 2961 0	3206 9379 0	Climb-down Smokey well 6279							
3206 9379 0	3310 2961 0	Climb-up Rope 6439							
3309 2962 0	3206 9379 0	Climb-down Smokey well 6279							
3205 9380 0	3310 2961 0	Climb-up Rope 6439							
3311 2962 0	3206 9379 0	Climb-down Smokey well 6279							
3204 9379 0	3310 2961 0	Climb-up Rope 6439							
3310 2963 0	3206 9379 0	Climb-down Smokey well 6279							
3205 9378 0	3310 2961 0	Climb-up Rope 6439							
3304 9376 0	3305 9376 0	Open Gate 6452							
3305 9376 0	3304 9376 0	Open Gate 6452							
3304 9375 0	3305 9375 0	Open Gate 6451							
3305 9375 0	3304 9375 0	Open Gate 6451							
									
# Kalphite Cave									
3321 3122 0	3305 9497 0	Enter Cave 30180							
3305 9497 0	3321 3122 0	Use Crevice 26712							
									
# Mos Le'Harmless									
3696 2996 0	3696 2996 1	Climb-up Bamboo Ladder 4772							
3696 2996 1	3696 2996 0	Climb-down Bamboo Ladder 4778							
3653 2991 1	3653 2991 0	Climb-down Bamboo Ladder 4778							
3653 2991 0	3653 2991 1	Climb-up Bamboo Ladder 4772							
3664 2992 1	3664 2992 0	Climb-down Bamboo Ladder 4778							
3664 2992 0	3664 2992 1	Climb-up Bamboo Ladder 4772							
3667 2983 0	3667 2983 1	Climb-up Bamboo Ladder 4772							
3667 2983 1	3667 2983 0	Climb-down Bamboo Ladder 4778							
3669 2977 0	3669 2977 1	Climb-up Bamboo Ladder 4772							
3669 2977 1	3669 2977 0	Climb-down Bamboo Ladder 4778							
3684 2953 0	3684 2950 1	Cross Gangplank 11211						3	
3684 2950 1	3684 2953 0	Cross Gangplank 11212						3	
3685 2950 1	3687 2950 2	Climb-up Ship's ladder 11289							
3687 2950 2	3685 2950 1	Climb-down Ship's ladder 11290							
3685 2946 1	3687 2946 2	Climb-up Ship's ladder 11289							
3687 2946 2	3685 2946 1	Climb-down Ship's ladder 11290							
3677 2948 1	3677 2948 0	Climb-down Ship's ladder 11309							
3677 2948 0	3677 2948 1	Climb-up Ship's ladder 11308							
3671 2931 0	3668 2931 1	Cross Gangplank 17406						3	
3668 2931 1	3671 2931 0	Cross Gangplank 17407						3	
3749 2973 0	3748 9373 0	Enter Cave entrance 3650							
3748 9373 0	3749 2973 0	Exit Cave 5553							
3748 9374 0	3749 2973 0	Exit Cave 6702							
3814 3061 0	3814 9464 0	Climb-down Staircase 5270						1	
3815 3061 0	3814 9464 0	Climb-down Staircase 5270						1	
3813 3062 0	3814 9464 0	Climb-down Staircase 5270						1	
3816 3062 0	3814 9464 0	Climb-down Staircase 5270						1	
3814 9464 0	3814 3061 0	Climb-up Staircase 5269						1	
3815 9464 0	3814 3061 0	Climb-up Staircase 5269						1	
3813 9463 0	3814 3061 0	Climb-up Staircase 5269						1	
3816 9463 0	3814 3061 0	Climb-up Staircase 5269						1	
3816 3063 0	3814 9464 0	Climb-down Staircase 5270						1	
3813 9462 0	3814 3061 0	Climb-up Staircase 5269						1	
3814 9461 0	3814 3061 0	Climb-up Staircase 5269						1	
3815 9461 0	3814 3061 0	Climb-up Staircase 5269						1	
3816 9462 0	3814 3061 0	Climb-up Staircase 5269						1	
3680 2963 0	3786 2824 0	Transport Brother Tranquility 550						2	
									
# Harmony Island									
3786 2824 0	3680 2963 0	Transport Brother Tranquility 550						2	
3794 2844 0	3785 9254 0	Climb-down Statue 22355							
3785 9254 0	3796 2843 0	Climb Ladder 22371						2	
3804 2844 0	3806 2844 0	Open Door 22119						1	
3806 2844 0	3804 2844 0	Open Door 22119						1	
3816 2847 0	3817 2847 0	Open Door 22007						1	
3817 2847 0	3816 2847 0	Open Door 22007						1	
3818 2853 1	3818 2851 0	Climb-down Ladder 22122						2	
3818 2851 0	3818 2853 1	Climb-up Ladder 22121						2	
3816 2841 0	3817 2841 0	Open Door 22007							
3817 2841 0	3816 2841 0	Open Door 22007							
3787 2821 0	3787 2822 0	Open Large door 22437							
3787 2822 0	3787 2821 0	Open Large door 22437							
3786 2821 0	3786 2822 0	Open Large door 22435							
3786 2822 0	3786 2821 0	Open Large door 22435							
3784 2825 0	3784 2825 1	Climb-up Ladder 22432						2	
3784 2825 1	3784 2825 0	Climb-down Ladder 22433						2	
3784 2825 1	3784 2825 2	Climb-up Ladder 22433						2	
3784 2825 2	3784 2825 1	Climb-down Ladder 22434						2	
3788 2826 0	3788 9226 0	Climb-down Ladder 22173						2	
3788 9226 0	3788 2826 0	Climb-up Ladder 22172						2	
3829 3061 0	3829 9464 0	Climb-down Staircase 5270						1	
3829 9464 0	3829 3061 0	Climb-up Staircase 5269						1	
3830 3061 0	3829 9464 0	Climb-down Staircase 5270						1	
3830 9464 0	3829 3061 0	Climb-up Staircase 5269						1	
3828 3062 0	3829 9464 0	Climb-down Staircase 5270						1	
3828 9463 0	3829 3061 0	Climb-up Staircase 5269						1	
3828 3063 0	3829 9464 0	Climb-down Staircase 5270						1	
3831 9463 0	3829 3061 0	Climb-up Staircase 5269						1	
3829 3064 0	3829 9464 0	Climb-down Staircase 5270						1	
3828 9462 0	3829 3061 0	Climb-up Staircase 5269						1	
3830 3064 0	3829 9464 0	Climb-down Staircase 5270						1	
3829 9461 0	3829 3061 0	Climb-up Staircase 5269						1	
3831 3062 0	3829 9464 0	Climb-down Staircase 5270						1	
3830 9461 0	3829 3061 0	Climb-up Staircase 5269						1	
3831 3063 0	3829 9464 0	Climb-down Staircase 5270						1	
3831 9462 0	3829 3061 0	Climb-up Staircase 5269						1	
									
# Mort'ton									
3495 3465 0	3477 9845 0	Open Trapdoor 5055							
3477 9845 0	3495 3465 0	Climb-up Ladder 5054						2	
3495 3464 0	3477 9845 0	Open Trapdoor 5055							
3478 9846 0	3495 3465 0	Climb-up Ladder 5054						2	
3476 9846 0	3495 3465 0	Climb-up Ladder 5054						2	
3477 9847 0	3495 3465 0	Climb-up Ladder 5054						2	
3502 3432 0	3502 3425 0	Cross-bridge Tree 5003							
3502 3425 0	3502 3432 0	Cross-bridge Tree 5003							
3503 3431 0	3502 3425 0	Cross-bridge Tree 5003							
3501 3426 0	3502 3432 0	Cross-bridge Tree 5003							
									
# Burgh de Rott									
3484 3244 0	3484 3243 0	Open Gate 12817							
3484 3243 0	3484 3244 0	Open Gate 12817							
3485 3244 0	3485 3243 0	Open Gate 12816							
3485 3243 0	3485 3244 0	Open Gate 12816							
3513 3237 0	3513 3239 2	Climb-up Ladder 12780						2	
3513 3239 2	3513 3237 0	Climb-down Ladder 12781						2	
3474 3221 0	3473 3221 0	Jump-over Low fence 12776							
3473 3221 0	3475 3221 0	Jump-over Low fence 12776							
									
# Haunted Mine									
3446 3236 0	3444 3236 0	Climb-over Mine cart 4918							
3444 3236 0	3446 3236 0	Climb-over Mine cart 4918							
3441 3232 0	3436 9637 0	Crawl-down Cart tunnel 4913							
3436 9637 0	3441 3232 0	Crawl-through Cart tunnel 4920							
3435 9635 0	2800 4429 0	Crawl-through Cart tunnel 29332							
2800 4429 0	3435 9635 0	Crawl-through Cart tunnel 29333							
2758 4454 0	2691 4437 0	Walk-up Stairs 4973							
2712 4593 0	2691 4437 0	Walk-up Stairs 4972							
2712 4592 0	2691 4437 0	Walk-up Stairs 4972							
2730 4563 0	2750 4437 0	Walk-up Stairs 4972							
2730 4562 0	2750 4437 0	Walk-up Stairs 4972							
2691 4437 0	2712 4593 0	Walk-down Stairs 4971		GLOWING_FUNGUS=0					
2691 4438 0	2712 4593 0	Walk-down Stairs 4971		GLOWING_FUNGUS=0					
2750 4437 0	2730 4563 0	Walk-down Stairs 4971		GLOWING_FUNGUS=0					
2750 4438 0	2730 4563 0	Walk-down Stairs 4971		GLOWING_FUNGUS=0					
2750 4436 0	2730 4563 0	Walk-down Stairs 4971		GLOWING_FUNGUS=0					
2807 4493 0	2725 4452 0	Go-down Lift 4940							
2725 4452 0	2807 4493 0	Go-up Lift 4942							
2724 4452 0	2807 4493 0	Go-up Lift 4942							
2723 4452 0	2807 4493 0	Go-up Lift 4942							
2722 4452 0	2807 4493 0	Go-up Lift 4942							
2797 4529 0	2733 4529 0	Climb-up Ladder 4968						2	
2733 4529 0	2797 4529 0	Climb-down Ladder 4967						2	
2796 4528 0	2732 4528 0	Climb-up Ladder 4968						2	
2732 4528 0	2796 4528 0	Climb-down Ladder 4967						2	
2796 4530 0	2732 4530 0	Climb-up Ladder 4968						2	
2731 4529 0	2795 4529 0	Climb-down Ladder 4967						2	
2795 4529 0	2731 4529 0	Climb-up Ladder 4968						2	
2732 4530 0	2796 4530 0	Climb-down Ladder 4967						2	
2733 4534 0	2797 4598 0	Climb-up Ladder 4970						2	
2797 4598 0	2733 4534 0	Climb-down Ladder 4969						2	
2732 4535 0	2796 4599 0	Climb-up Ladder 4970						2	
2796 4599 0	2732 4535 0	Climb-down Ladder 4969						2	
2733 4536 0	2797 4600 0	Climb-up Ladder 4970						2	
2797 4600 0	2733 4536 0	Climb-down Ladder 4969						2	
2734 4535 0	2798 4599 0	Climb-up Ladder 4970						2	
2798 4599 0	2734 4535 0	Climb-down Ladder 4969						2	
2710 4539 0	2774 4539 0	Climb-down Ladder 4967						2	
2774 4539 0	2710 4539 0	Climb-up Ladder 4968						2	
2711 4540 0	2775 4540 0	Climb-down Ladder 4967						2	
2775 4540 0	2711 4540 0	Climb-up Ladder 4968						2	
2709 4540 0	2773 4540 0	Climb-down Ladder 4967						2	
2773 4540 0	2709 4540 0	Climb-up Ladder 4968						2	
2710 4541 0	2774 4541 0	Climb-down Ladder 4967						2	
2774 4541 0	2710 4541 0	Climb-up Ladder 4968						2	
2760 4496 0	2696 4496 0	Climb-up Ladder 4968						2	
2696 4496 0	2760 4496 0	Climb-down Ladder 4967						2	
2761 4497 0	2697 4497 0	Climb-up Ladder 4968						2	
2697 4497 0	2761 4497 0	Climb-down Ladder 4967						2	
2760 4498 0	2696 4498 0	Climb-up Ladder 4968						2	
2696 4498 0	2760 4498 0	Climb-down Ladder 4967						2	
2759 4497 0	2695 4497 0	Climb-up Ladder 4968						2	
2695 4497 0	2759 4497 0	Climb-down Ladder 4967						2	
2773 4578 0	3413 9634 0	Climb-up Ladder 4966						2	
3413 9634 0	2773 4578 0	Climb-down Ladder 4965						2	
2774 4577 0	3414 9633 0	Climb-up Ladder 4966						2	
3414 9633 0	2774 4577 0	Climb-down Ladder 4965						2	
2773 4576 0	3413 9632 0	Climb-up Ladder 4966						2	
3413 9632 0	2773 4576 0	Climb-down Ladder 4965						2	
2772 4577 0	3412 9633 0	Climb-up Ladder 4966						2	
3412 9633 0	2772 4577 0	Climb-down Ladder 4965						2	
3405 9631 0	3429 3233 0	Crawl-through Cart tunnel 4921							
3429 3233 0	3405 9631 0	Crawl-down Cart tunnel 4914							
3428 3225 0	3409 9623 0	Crawl-down Cart tunnel 4915							
3409 9623 0	3428 3225 0	Crawl-through Cart tunnel 15830							
3423 9625 0	2783 4569 0	Climb-down Ladder 4965						2	
2783 4569 0	3423 9625 0	Climb-up Ladder 4966						2	
3422 9624 0	2782 4568 0	Climb-down Ladder 4965						2	
2782 4568 0	3422 9624 0	Climb-up Ladder 4966						2	
3421 9625 0	2781 4569 0	Climb-down Ladder 4965						2	
2781 4569 0	3421 9625 0	Climb-up Ladder 4966						2	
3422 9626 0	2782 4570 0	Climb-down Ladder 4965						2	
2782 4570 0	3422 9626 0	Climb-up Ladder 4966						2	
2798 4568 0	2734 4504 0	Climb-down Ladder 4969						2	
2734 4504 0	2798 4568 0	Climb-up Ladder 4970						2	
2797 4567 0	2733 4503 0	Climb-down Ladder 4969						2	
2733 4503 0	2797 4567 0	Climb-up Ladder 4970						2	
2798 4566 0	2734 4502 0	Climb-down Ladder 4969						2	
2734 4502 0	2798 4566 0	Climb-up Ladder 4970						2	
2799 4567 0	2735 4503 0	Climb-down Ladder 4969						2	
2735 4503 0	2799 4567 0	Climb-up Ladder 4970						2	
2724 4486 0	2788 4486 0	Climb-down Ladder 4967						2	
2788 4486 0	2724 4486 0	Climb-up Ladder 4968						2	
2725 4487 0	2789 4487 0	Climb-down Ladder 4967						2	
2789 4487 0	2725 4487 0	Climb-up Ladder 4968						2	
2726 4486 0	2790 4486 0	Climb-down Ladder 4967						2	
2790 4486 0	2726 4486 0	Climb-up Ladder 4968						2	
2725 4485 0	2789 4485 0	Climb-down Ladder 4967						2	
2789 4485 0	2725 4485 0	Climb-up Ladder 4968						2	
3454 3242 0	2792 4592 0	Walk-down Stairs 4919							
2792 4592 0	3454 3242 0	Walk-up Stairs 4923							
2791 4592 0	3454 3242 0	Walk-up Stairs 4923							
2772 4449 0	2772 4450 0	Open Large door 4964							
2773 4449 0	2773 4450 0	Open Large door 4964							
2758 4453 0	2691 4437 0	Walk-up Stairs 4973							
2811 4454 0	2750 4437 0	Walk-up Stairs 4973							
2811 4453 0	2750 4437 0	Walk-up Stairs 4973							
2750 4438 0	2811 4454 0	Walk-down Stairs 4971		GLOWING_FUNGUS=1					
2750 4437 0	2811 4454 0	Walk-down Stairs 4971		GLOWING_FUNGUS=1					
2750 4436 0	2811 4454 0	Walk-down Stairs 4971		GLOWING_FUNGUS=1					
2799 4453 0	2798 4453 0	Open Door 4962							
2798 4453 0	2799 4453 0	Open Door 4962							
2691 4438 0	2758 4454 0	Walk-down Stairs 4971		GLOWING_FUNGUS=1					
2691 4437 0	2758 4454 0	Walk-down Stairs 4971		GLOWING_FUNGUS=1					
2773 4450 0	2773 4449 0	Open Large door 4963		GLOWING_FUNGUS=1					
2772 4450 0	2772 4449 0	Open Large door 4964		GLOWING_FUNGUS=1					
									
# Tarn's Lair									
3424 9660 0	3166 4547 0	Enter Entrance 20822							
3166 4547 0	3424 9660 0	Enter Passageway 20482							
3158 4552 0	3158 4557 1	Enter Passageway 16132							
3158 4557 1	3158 4552 0	Climb Stairs 17098							
3174 4561 1	3179 4561 0	Enter Passageway 20516							
3179 4561 0	3174 4561 1	Enter Passageway 20515							
3195 4570 0	3195 4575 1	Enter Passageway 20517							
3195 4575 1	3195 4570 0	Enter Passageway 20518							
3186 4585 1	3186 4578 2	Enter Passageway 20522							
3186 4578 2	3186 4585 1	Enter Passageway 20521							
3184 4585 1	3184 4579 0	Enter Passageway 20512							
3184 4579 0	3184 4585 1	Enter Passageway 20511							
3184 4571 0	3184 4566 1	Enter Passageway 20510							
3184 4566 1	3184 4571 0	Enter Passageway 20509							
3184 4552 0	3184 4557 1	Enter Passageway 16132							
3184 4557 1	3184 4552 0	Climb Stairs 17098							
3158 4563 1	3158 4568 2	Enter Passageway 18308							
3158 4568 2	3158 4563 1	Climb Stairs 18973							
3172 4569 1	3167 4569 0	Climb Stairs 17098							
3167 4569 0	3172 4569 1	Enter Passageway 16132							
3163 4565 0	3163 4560 0	Enter Passageway 20489							
3163 4560 0	3163 4565 0	Enter Passageway 20490							
3161 4559 0	3155 4559 0	Enter Passageway 20491							
3155 4559 0	3161 4559 0	Enter Passageway 20492							
3148 4548 0	3143 4548 1	Enter Passageway 16132							
3143 4548 1	3148 4548 0	Climb Stairs 17098							
3141 4550 1	3141 4555 2	Enter Passageway 18308							
3141 4555 2	3141 4550 1	Climb Stairs 18973							
3141 4560 2	3141 4565 1	Enter Passageway 20497							
3141 4565 1	3141 4560 2	Enter Passageway 20498							
3144 4566 1	3144 4571 2	Enter Passageway 20499							
3144 4571 2	3144 4566 1	Enter Passageway 20500							
3144 4576 2	3144 4574 2	Jump-to Pillar 20557							
3144 4574 2	3144 4572 2	Jump-to Ledge 20568							
3144 4572 2	3144 4574 2	Jump-to Pillar 20557							
3144 4574 2	3144 4576 2	Jump-to Ledge 20569							
3144 4577 2	3144 4582 1	Enter Passageway 20501							
3144 4582 1	3144 4577 2	Enter Passageway 20502							
3146 4583 1	3151 4583 0	Enter Passageway 20503							
3151 4583 0	3146 4583 1	Enter Passageway 20504							
3161 4577 0	3166 4577 0	Enter Passageway 20505							
3166 4577 0	3161 4577 0	Enter Passageway 20506							
3170 4577 0	3175 4577 1	Enter Passageway 20514							
3175 4577 1	3170 4577 0	Enter Passageway 20513							
3176 4577 1	3181 4577 2	Enter Passageway 18308							
3181 4577 2	3176 4577 1	Enter Passageway 19029							
3189 4577 2	3194 4577 1	Enter Passageway 20520							
3194 4577 1	3189 4577 2	Enter Passageway 20519							
3184 4564 1	3184 4562 1	Jump-to Pillar 20541							
3184 4562 1	3184 4560 1	Jump-to Pillar 20540							
3184 4560 1	3184 4558 1	Jump-to Ledge 20558							
3184 4558 1	3184 4560 1	Jump-to Pillar 20540							
3184 4560 1	3184 4562 1	Jump-to Pillar 20541							
3184 4562 1	3184 4564 1	Jump-to Ledge 20559							
3168 4579 0	3168 4586 0	Enter Passageway 20523							
3168 4586 0	3168 4579 0	Enter Passageway 20524							
3168 4592 0	3168 4597 0	Enter Passageway 20532							
3168 4597 0	3168 4592 0	Enter Passageway 20531							
3160 4598 0	3149 4598 0	Enter Passageway 20530							
3149 4598 0	3160 4598 0	Enter Passageway 20529							
3145 4594 0	3145 4589 1	Enter Passageway 20528							
3145 4589 1	3145 4594 0	Enter Passageway 20527							
3161 4589 1	3166 4589 0	Enter Passageway 20526							
3166 4589 0	3161 4589 1	Enter Passageway 20525							
3150 4597 1	3148 4597 1	Jump-to Pillar 20542							
3148 4597 1	3150 4597 1	Jump-to Ledge 20560							
3148 4597 1	3148 4595 1	Jump-to Pillar 20543							
3148 4595 1	3148 4597 1	Jump-to Pillar 20542							
3148 4595 1	3146 4595 1	Jump-to Pillar 20544							
3146 4595 1	3148 4595 1	Jump-to Pillar 20543							
3146 4595 1	3144 4595 1	Jump-to Pillar 20545							
3144 4595 1	3146 4595 1	Jump-to Pillar 20544							
3144 4595 1	3142 4595 1	Jump-to Pillar 20546							
3142 4595 1	3144 4595 1	Jump-to Pillar 20545							
3142 4595 1	3140 4595 1	Jump-to Ledge 20562							
3140 4595 1	3142 4595 1	Jump-to Pillar 20546							
3144 4595 1	3144 4597 1	Jump-to Pillar 20547							
3144 4597 1	3144 4599 1	Jump-to Pillar 20548							
3144 4599 1	3144 4601 1	Jump-to Ledge 20563							
3144 4601 1	3144 4599 1	Jump-to Pillar 20548							
3144 4599 1	3144 4597 1	Jump-to Pillar 20547							
3144 4597 1	3144 4595 1	Jump-to Pillar 20545							
3175 4598 1	3179 4598 1	Enter Passageway 20535							
3179 4598 1	3175 4598 1	Enter Passageway 20536							
3180 4596 1	3182 4596 1	Jump-to Pillar 20549							
3182 4596 1	3180 4596 1	Jump-to Ledge 20564							
3180 4600 1	3182 4600 1	Jump-to Pillar 20550							
3182 4600 1	3180 4600 1	Jump-to Ledge 20565							
3184 4600 1	3182 4600 1	Jump-to Pillar 20550							
3182 4600 1	3184 4600 1	Jump-to Pillar 20551							
3184 4600 1	3184 4598 1	Jump-to Pillar 20552							
3184 4598 1	3184 4600 1	Jump-to Pillar 20551							
3184 4598 1	3186 4598 1	Jump-to Pillar 20553							
3186 4598 1	3184 4598 1	Jump-to Pillar 20552							
3186 4598 1	3186 4596 1	Jump-to Pillar 20554							
3186 4596 1	3186 4598 1	Jump-to Pillar 20553							
3186 4596 1	3188 4596 1	Jump-to Pillar 20555							
3188 4596 1	3186 4596 1	Jump-to Pillar 20554							
3188 4596 1	3190 4596 1	Jump-to Ledge 20566							
3190 4596 1	3188 4596 1	Jump-to Pillar 20555							
3190 4600 1	3188 4600 1	Jump-to Pillar 20556							
3188 4600 1	3190 4600 1	Jump-to Ledge 20567							
3194 4598 1	3189 4598 0	Climb Stairs 17098							
3189 4598 0	3194 4598 1	Enter Passageway 16132							
3185 4601 0	3149 4644 0	Enter Passageway 20539							
3149 4644 0	3185 4601 0	Enter Passageway 15771							
									
# Mort Myre									
3440 3331 0	3441 3329 0	Jump Bridge 3522							
3441 3329 0	3440 3331 0	Jump Bridge 3522							
3441 3331 0	3441 3329 0	Jump Bridge 3522							
3440 3329 0	3440 3331 0	Jump Bridge 3522							
3441 3328 0	3440 3331 0	Jump Bridge 3522							
3440 3332 0	3441 3329 0	Jump Bridge 3522							
3440 3328 0	3440 3331 0	Jump Bridge 3522							
3441 3332 0	3441 3329 0	Jump Bridge 3522							
3440 3337 0	3442 9734 1	Enter Grotto 3516							
3442 9734 1	3440 3337 0	Exit Grotto 3526							
3439 3337 0	3442 9734 1	Enter Grotto 3516							
3441 3337 0	3442 9734 1	Enter Grotto 3516							
3444 3458 0	3444 3457 0	Open Gate 3506							
3443 3458 0	3443 3457 0	Open Gate 3507							
3444 3457 0	3444 3458 0	Open Gate 3506							
3443 3457 0	3443 3458 0	Open Gate 3507							
									
# Paterdomus									
3405 3506 0	3405 9906 0	Climb-down Trapdoor 1581							
3405 9906 0	3405 3506 0	Climb-up Ladder 17385						2	
3405 9895 0	3405 9894 0	Open Gate 3444							
3405 9894 0	3405 9895 0	Open Gate 3444							
3431 9897 0	3432 9897 0	Open Gate 3445							
3432 9897 0	3431 9897 0	Open Gate 3445							
3360 9904 0	3440 9899 0	Climb-up Ladder 12764						2	
3440 9899 0	3360 9904 0	Climb-down Trapdoor 12762							
3440 9887 0	3423 3485 0	Pass-through Holy barrier 3443							
3423 3485 0	3440 9887 0	Climb-down Trapdoor 3433							
3422 3484 0	3440 9887 0	Climb-down Trapdoor 3433							
3408 3489 0	3409 3489 0	Open Large door 3489							
3409 3489 0	3408 3489 0	Open Large door 3489							
3408 3488 0	3409 3488 0	Open Large door 3490							
3409 3488 0	3408 3488 0	Open Large door 3490							
3417 3494 0	3416 3493 1	Climb-up Staircase 16671						1	
3416 3493 1	3417 3494 0	Climb-down Staircase 16673						1	
3416 3493 0	3416 3493 1	Climb-up Staircase 16671						1	
3416 3492 0	3416 3493 1	Climb-up Staircase 16671						1	
3417 3491 0	3416 3493 1	Climb-up Staircase 16671						1	
3418 3491 0	3416 3493 1	Climb-up Staircase 16671						1	
3416 3485 0	3416 3485 1	Climb-up Staircase 16671						1	
3416 3485 1	3417 3486 0	Climb-down Staircase 16673						1	
3417 3486 0	3416 3485 1	Climb-up Staircase 16671						1	
3418 3486 0	3416 3485 1	Climb-up Staircase 16671						1	
3416 3484 0	3416 3485 1	Climb-up Staircase 16671						1	
3417 3483 0	3416 3485 1	Climb-up Staircase 16671						1	
3410 3486 1	3410 3486 2	Climb-up Ladder 16683						2	
3410 3486 2	3410 3486 1	Climb-down Ladder 16679						2	
3411 3485 1	3411 3485 2	Climb-up Ladder 16683						2	
3411 3485 2	3411 3485 1	Climb-down Ladder 16679						2	
3410 3484 1	3410 3484 2	Climb-up Ladder 16683						2	
3410 3484 2	3410 3484 1	Climb-down Ladder 16679						2	
3409 3485 1	3409 3485 2	Climb-up Ladder 16683						2	
3409 3485 2	3409 3485 1	Climb-down Ladder 16679						2	
3415 3489 2	3416 3489 2	Open Cell door 3463							
3416 3489 2	3415 3489 2	Open Cell door 3463							
									
# Enakhra's Lament									
3194 2926 0	3124 9328 1	Climb-down Secret entrance 11046							
3124 9328 1	3194 2926 0	Climb Sand pile 10950							
3195 2925 0	3124 9328 1	Climb-down Secret entrance 11046							
3125 9328 1	3194 2926 0	Climb Sand pile 10950							
3193 2925 0	3124 9328 1	Climb-down Secret entrance 11046							
3126 9329 1	3194 2926 0	Climb Sand pile 10950							
3194 2924 0	3124 9328 1	Climb-down Secret entrance 11046							
3126 9330 1	3194 2926 0	Climb Sand pile 10950							
3127 9328 1	3127 9330 0	Climb-down Ladder 11042						2	
3127 9330 0	3127 9330 1	Climb-up Ladder 11041						2	
3127 9330 1	3127 9330 0	Climb-down Ladder 11042						2	
3128 9329 1	3127 9330 0	Climb-down Ladder 11042						2	
3126 9329 1	3127 9330 0	Climb-down Ladder 11042						2	
3129 9290 0	3129 9289 0	Open Door 11070						1	
3129 9289 0	3129 9290 0	Open Door 11070						1	
3122 9286 0	3122 9286 1	Climb-up Ladder 11041						2	
3122 9286 1	3122 9286 0	Climb-down Ladder 11042						2	
3121 9287 1	3122 9286 0	Climb-down Ladder 11042						2	
3120 9286 1	3122 9286 0	Climb-down Ladder 11042						2	
3121 9285 1	3122 9286 0	Climb-down Ladder 11042						2	
3121 9288 1	3189 2889 0	Climb Sand pile 10950							
3189 2889 0	3120 9288 1	Climb-down Secret entrance 11047							
3120 9288 1	3189 2889 0	Climb Sand pile 10950							
3190 2888 0	3120 9288 1	Climb-down Secret entrance 11047							
3122 9289 1	3189 2889 0	Climb Sand pile 10950							
3188 2888 0	3120 9288 1	Climb-down Secret entrance 11047							
3122 9290 1	3189 2889 0	Climb Sand pile 10950							
3189 2887 0	3120 9288 1	Climb-down Secret entrance 11047							
3104 9305 0	3104 9306 0	Open Door 11051						1	
3104 9306 0	3104 9305 0	Open Door 11051						1	
3110 9312 0	3111 9312 0	Open Door 11057						1	
3111 9312 0	3110 9312 0	Open Door 11057						1	
3104 9318 0	3104 9319 0	Open Door 11055						1	
3104 9319 0	3104 9318 0	Open Door 11055						1	
3088 9336 1	3088 9336 0	Climb-down Ladder 11042						2	
3087 9337 1	3088 9336 0	Climb-down Ladder 11042						2	
3086 9336 0	3088 9336 1	Climb-up Ladder 11041						2	
3086 9336 1	3088 9336 0	Climb-down Ladder 11042						2	
3087 9335 1	3088 9336 0	Climb-down Ladder 11042						2	
3088 9335 1	3148 2938 0	Climb Sand pile 10950							
3148 2938 0	3086 9333 1	Climb-down Secret entrance 11045							
3086 9333 1	3148 2938 0	Climb Sand pile 10950							
3149 2937 0	3086 9333 1	Climb-down Secret entrance 11045							
3086 9334 1	3148 2938 0	Climb Sand pile 10950							
3147 2937 0	3086 9333 1	Climb-down Secret entrance 11045							
3087 9335 1	3148 2938 0	Climb Sand pile 10950							
3148 2936 0	3086 9333 1	Climb-down Secret entrance 11045							
3079 9335 0	3079 9334 0	Open Door 11068						1	
3079 9334 0	3079 9335 0	Open Door 11068						1	
3079 9307 1	3079 9307 0	Climb-down Ladder 11042						2	
3078 9306 1	3079 9307 0	Climb-down Ladder 11042						2	
3079 9305 0	3079 9307 1	Climb-up Ladder 11041						2	
3079 9305 1	3079 9307 0	Climb-down Ladder 11042						2	
3080 9306 1	3079 9307 0	Climb-down Ladder 11042						2	
3080 9306 1	3146 2909 0	Climb Sand pile 10950							
3146 2909 0	3080 9306 1	Climb-down Secret entrance 11048							
3080 9307 1	3146 2909 0	Climb Sand pile 10950							
3145 2908 0	3080 9306 1	Climb-down Secret entrance 11048							
3081 9305 1	3146 2909 0	Climb Sand pile 10950							
3146 2907 0	3080 9306 1	Climb-down Secret entrance 11048							
3082 9305 1	3146 2909 0	Climb Sand pile 10950							
3147 2908 0	3080 9306 1	Climb-down Secret entrance 11048							
3081 9287 0	3082 9287 0	Open Door 11064						1	
3082 9287 0	3081 9287 0	Open Door 11064						1	
3097 9312 0	3098 9312 0	Open Door 11053						1	
3098 9312 0	3097 9312 0	Open Door 11053						1	
3104 9308 0	3104 9310 1	Climb-up Ladder 11041						2	
3104 9310 1	3104 9310 0	Climb-down Ladder 11042						2	
3103 9309 1	3104 9310 0	Climb-down Ladder 11042						2	
3104 9308 1	3104 9310 0	Climb-down Ladder 11042						2	
3105 9309 1	3104 9310 0	Climb-down Ladder 11042						2	
3103 9318 1	3103 9320 1	Pass-through Magic barrier 11005							
3103 9320 1	3103 9318 1	Pass-through Magic barrier 11005							
3104 9318 1	3104 9320 1	Pass-through Magic barrier 11005							
3104 9320 1	3104 9318 1	Pass-through Magic barrier 11005							
3105 9318 1	3105 9320 1	Pass-through Magic barrier 11005							
3105 9320 1	3105 9318 1	Pass-through Magic barrier 11005							
3104 9331 1	3105 9332 2	Climb-up Ladder 11041						2	
3105 9332 2	3105 9332 1	Climb-down Ladder 11042						2	
3104 9331 2	3105 9332 1	Climb-down Ladder 11042						2	
3104 9333 2	3105 9332 1	Climb-down Ladder 11042						2	
3103 9332 2	3105 9332 1	Climb-down Ladder 11042						2	
3105 9308 2	3105 9306 2	Climb-over Pile of rubble 33342							
3105 9306 2	3105 9308 2	Climb-over Pile of rubble 33342							
3104 9308 2	3104 9306 2	Climb-over Pile of bones 18342							
3104 9306 2	3104 9308 2	Climb-over Pile of bones 18342							
3105 9301 2	3105 9299 1	Climb-down Stone Ladder 11044							
3105 9299 1	3105 9301 2	Climb-up Stone Ladder 11043							
3104 9301 2	3104 9299 1	Climb-down Stone Ladder 11044							
3104 9299 1	3104 9301 2	Climb-up Stone Ladder 11043							
3105 9284 2	3105 9286 1	Climb-down Stone Ladder 11044							
3105 9286 1	3105 9284 2	Climb-up Stone Ladder 11043							
3104 9284 2	3104 9286 1	Climb-down Stone Ladder 11044							
3104 9286 1	3104 9284 2	Climb-up Stone Ladder 11043							
3127 9337 0	3126 9337 0	Open Door 11066						1	
3126 9337 0	3127 9337 0	Open Door 11066						1	
									
# Rellekka									
2666 3694 0	2666 3694 1	Climb-up Ladder 4187						2	
2666 3694 1	2666 3694 0	Climb-down Ladder 4189						2	
									
# Mountain Camp									
2764 3666 0	2766 3663 0	Use Rope -> Boulder 5842		ROPE=1				1	
2761 3657 0	2761 3660 0	Climb-over Rockslide 5847				260>19		4	
2761 3660 0	2761 3657 0	Climb-over Rockslide 5847						4	
									
# Isle of Stone									
2465 4010 0	2461 10417 0	Enter Cave 37433							
2461 10417 0	2465 4010 0	Exit Steps 37411							
2468 10403 0	2471 10403 0	Climb Steps 37417							
2471 10403 0	2468 10403 0	Climb Steps 37417							
									
# Pirates' Cove									
2213 3794 0	2213 3796 1	Climb Ladder 16960							
2213 3796 1	2213 3794 0	Climb Ladder 16962							
2214 3802 1	2214 3800 2	Climb Ladder 16959							
2214 3800 2	2214 3802 1	Climb Ladder 16961							
2221 3795 2	2221 3792 3	Climb Stairs 16945							
2221 3792 3	2221 3795 2	Climb Stairs 16947							
2227 3795 2	2227 3792 3	Climb Stairs 16945							
2227 3792 3	2227 3795 2	Climb Stairs 16947							
2220 3792 2	2223 3792 1	Climb Stairs 16947							
2223 3792 1	2220 3792 2	Climb Stairs 16945							
2225 3792 1	2228 3792 2	Climb Stairs 16945							
2228 3792 2	2225 3792 1	Climb Stairs 16947							
2225 3806 1	2225 3809 0	Climb Stairs 16948							
2225 3809 0	2225 3806 1	Climb Stairs 16946							
2221 3805 2	2221 3808 3	Climb Stairs 16945							
2221 3808 3	2221 3805 2	Climb Stairs 16947							
2227 3805 2	2227 3808 3	Climb Stairs 16945							
2227 3808 3	2227 3805 2	Climb Stairs 16947							
2213 3809 1	2211 3809 0	Climb Ladder 16962							
2211 3809 0	2213 3809 1	Climb Ladder 16960							
									
# Miscellania									
2509 3847 0	2509 10245 0	Climb-down Ladder 15116						2	
2509 10245 0	2510 3846 0	Climb-up Ladder 15115						2	
2505 10280 0	2505 10283 0	Squeeze-through Crevice 15186							
2505 10283 0	2505 10280 0	Squeeze-through Crevice 15187							
2507 10288 0	2509 10288 1	Use-Lift Platform 15239							
2509 10288 1	2507 10288 0	Use-Lift Lift Platform 15242							
2508 10289 0	2509 10288 1	Use-Lift Platform 15239							
2510 10287 1	2514 10291 0	Enter Tunnel 15188							
2514 10291 0	2510 10287 1	Enter Tunnel 15189							
2539 10299 0	2543 10299 0	Swing-on Ropeswing 15252							
2540 10296 0	2536 10296 0	Swing-on Ropeswing 15216							
2549 10288 0	2547 10288 0	Use Plank -> Rocks 15213							
2547 10288 0	2549 10288 0	Use Plank -> Rocks 15213							
2546 10287 0	2544 10287 0	Use Plank -> Rocks 15213							
2544 10287 0	2546 10287 0	Use Plank -> Rocks 15213							
2543 10287 0	2541 10287 0	Use Plank -> Rocks 15213							
2541 10287 0	2543 10287 0	Use Plank -> Rocks 15213							
2540 10286 0	2538 10286 0	Use Plank -> Rocks 15213							
2538 10286 0	2540 10286 0	Use Plank -> Rocks 15213							
2585 10259 0	2585 10262 0	Squeeze-through Crevice 15194							
2585 10262 0	2585 10259 0	Squeeze-through Crevice 15195							
2618 10266 0	2620 3864 0	Climb-up Exit 15193							
2620 3864 0	2619 10265 0	Climb-down Hole 15203							
2619 10265 0	2620 3864 0	Climb-up Exit 15193							
2619 3865 0	2619 10265 0	Climb-down Hole 15203							
2618 10264 0	2620 3864 0	Climb-up Exit 15193							
2617 10265 0	2620 3864 0	Climb-up Exit 15193							
2621 3865 0	2619 10265 0	Climb-down Hole 15203							
2614 3866 0	2615 3867 1	Climb-up Staircase 16671						1	
2615 3867 1	2614 3866 0	Climb-down Staircase 16673						1	
2613 3866 0	2615 3867 1	Climb-up Staircase 16671						1	
2612 3867 0	2615 3867 1	Climb-up Staircase 16671						1	
2612 3868 0	2615 3867 1	Climb-up Staircase 16671						1	
2613 3869 0	2615 3867 1	Climb-up Staircase 16671						1	
2614 3869 0	2615 3867 1	Climb-up Staircase 16671						1	
2615 3868 0	2615 3867 1	Climb-up Staircase 16671						1	
2615 3867 0	2615 3867 1	Climb-up Staircase 16671						1	
2506 3870 0	2507 3871 1	Climb-up Staircase 16675						1	
2507 3871 1	2506 3870 0	Climb-down Staircase 16676						1	
2505 3870 0	2507 3871 1	Climb-up Staircase 16675						1	
2506 3870 1	2506 3870 0	Climb-down Staircase 16676						1	
2504 3871 0	2507 3871 1	Climb-up Staircase 16675						1	
2507 3871 0	2507 3871 1	Climb-up Staircase 16675						1	
2507 3872 0	2507 3871 1	Climb-up Staircase 16675						1	
2504 3872 0	2507 3871 1	Climb-up Staircase 16675						1	
2506 3870 1	2507 3871 2	Climb-up Staircase 16676						1	
2507 3871 2	2506 3870 1	Climb-down Staircase 16676						1	
2507 3871 1	2507 3871 2	Climb-up Staircase 16676						1	
2506 3870 2	2506 3870 1	Climb-down Staircase 16676						1	
2507 3871 2	2507 3871 3	Climb-up Staircase 16676						1	
2507 3871 3	2506 3870 2	Climb-down Staircase 16677						1	
2506 3870 2	2507 3871 3	Climb-up Staircase 16676						1	
2506 3856 1	2506 3857 1	Open Throne Room Door 4672							
2506 3857 1	2506 3856 1	Open Throne Room Door 4672							
2506 3863 1	2506 3864 1	Open Throne Room Door 4672							
2506 3864 1	2506 3863 1	Open Throne Room Door 4672							
2505 3850 1	2505 3850 0	Climb-down Staircase 16676						1	
2505 3850 0	2504 3849 1	Climb-up Staircase 16675						1	
2504 3849 1	2505 3850 0	Climb-down Staircase 16676						1	
2506 3850 0	2504 3849 1	Climb-up Staircase 16675						1	
2507 3849 0	2504 3849 1	Climb-up Staircase 16675						1	
2507 3848 0	2504 3849 1	Climb-up Staircase 16675						1	
2506 3847 0	2504 3849 1	Climb-up Staircase 16675						1	
2505 3847 0	2504 3849 1	Climb-up Staircase 16675						1	
2504 3849 0	2504 3849 1	Climb-up Staircase 16675						1	
2504 3848 0	2504 3849 1	Climb-up Staircase 16675						1	
2504 3849 2	2505 3850 1	Climb-down Staircase 16676						1	
2505 3850 1	2504 3849 2	Climb-up Staircase 16676						1	
2505 3850 2	2505 3850 1	Climb-down Staircase 16676						1	
2504 3849 1	2504 3849 2	Climb-up Staircase 16676						1	
2504 3849 2	2504 3849 3	Climb-up Staircase 16676						1	
2504 3849 3	2505 3850 2	Climb-down Staircase 16677						1	
2505 3850 2	2504 3849 3	Climb-up Staircase 16676						1	
									
# Ungael									
2266 4039 0	2264 4039 0	Climb-over Ice chunks 29868							
2264 4039 0	2266 4039 0	Climb-over Ice chunks 29868							
2263 4040 0	2263 4048 0	Climb-up Ice chunks 29870							
2263 4048 0	2263 4040 0	Climb-down Ice chunks 29869							
2247 4078 0	2259 10482 0	Enter Cave 31999							
2259 10482 0	2247 4078 0	Enter Cave Entrance 32047							
									
# Jatizso									
2331 3810 0	2329 3810 1	Climb-up Ladder 21514						2	
2329 3810 1	2331 3810 0	Climb-down Ladder 21515						2	
2410 3824 0	2410 3824 2	Climb-up Ladder 21395						2	
2410 3824 2	2410 3824 0	Climb-down Ladder 21396						2	
2421 3824 0	2421 3824 2	Climb-up Ladder 21395						2	
2421 3824 2	2421 3824 0	Climb-down Ladder 21396						2	
2387 3804 0	2387 3804 2	Climb-up Ladder 21395						2	
2387 3804 2	2387 3804 0	Climb-down Ladder 21396						2	
2387 3793 0	2387 3793 2	Climb-up Ladder 21395						2	
2387 3793 2	2387 3793 0	Climb-down Ladder 21396						2	
2372 3800 0	2372 3800 2	Climb-up Ladder 21395						2	
2372 3800 2	2372 3800 0	Climb-down Ladder 21396						2	
2399 3812 0	2405 10188 0	Climb-down Staircase 21455						1	
2405 10188 0	2399 3812 0	Climb-up Staircase 21578						1	
2399 3813 0	2405 10188 0	Climb-down Staircase 21455						1	
2405 10189 0	2399 3812 0	Climb-up Staircase 21578						1	
2406 10187 0	2399 3812 0	Climb-up Staircase 21578						1	
2407 10187 0	2399 3812 0	Climb-up Staircase 21578						1	
2406 10190 0	2399 3812 0	Climb-up Staircase 21578						1	
2398 3811 0	2405 10188 0	Climb-down Staircase 21455						1	
2407 10190 0	2399 3812 0	Climb-up Staircase 21578						1	
2397 3811 0	2405 10188 0	Climb-down Staircase 21455						1	
2408 10189 0	2399 3812 0	Climb-up Staircase 21578						1	
2398 3814 0	2405 10188 0	Climb-down Staircase 21455						1	
2408 10188 0	2399 3812 0	Climb-up Staircase 21578						1	
2397 3814 0	2405 10188 0	Climb-down Staircase 21455						1	
2396 3813 0	2405 10188 0	Climb-down Staircase 21455						1	
2396 3812 0	2405 10188 0	Climb-down Staircase 21455						1	
2317 3893 0	2420 10279 1	Open Cave 21585							
2421 10278 1	2319 3892 0	Climb-up Stone ladder 21592							
2318 3894 0	2420 10279 1	Open Cave 21585							
2420 10279 1	2319 3892 0	Climb-up Stone ladder 21592							
2316 3893 0	2420 10279 1	Open Cave 21585							
2315 3894 0	2420 10279 1	Open Cave 21585							
2400 3889 0	2394 10300 1	Open Cave 21584				3311=340			
2401 3888 0	2394 10300 1	Open Cave 21584				3311=340			
2403 3889 0	2394 10300 1	Open Cave 21584				3311=340			
2398 10258 1	2393 10258 1	Walk-across Rope bridge 21318							
2393 10258 1	2398 10258 1	Walk-across Rope bridge 21319							
2385 10259 1	2385 10264 1	Walk-across Rope bridge 21317							
2385 10264 1	2385 10260 1	Walk-across Rope bridge 21316							
2393 10300 1	2401 3888 0	Exit Cave opening 21597							
2385 10260 1	2385 10264 1	Walk-across Rope bridge 21317							
2394 10300 1	2401 3888 0	Exit Cave opening 21598							
2395 10300 1	2401 3888 0	Exit Cave opening 21599							
2314 3848 0	2314 3839 0	Walk-across Rope bridge 21311							
2314 3839 0	2314 3848 0	Walk-across Rope bridge 21310							
2355 3848 0	2355 3839 0	Walk-across Rope bridge 21313							
2355 3839 0	2355 3848 0	Walk-across Rope bridge 21312							
2378 3839 0	2378 3848 0	Cross-bridge Rope bridge 21314							
2378 3848 0	2378 3839 0	Walk-across Rope bridge 21315							
2343 3829 0	2343 3820 0	Walk-across Rope bridge 21309							
2343 3820 0	2343 3829 0	Walk-across Rope bridge 21308							
2317 3823 0	2317 3832 0	Walk-across Rope bridge 21306							
2317 3832 0	2317 3823 0	Walk-across Rope bridge 21307							
2331 3802 0	2329 3802 1	Climb-up Ladder 21514						2	
2329 3802 1	2331 3802 0	Climb-down Ladder 21515						2	
2362 3799 0	2364 3799 2	Climb-up Ladder 21512						2	
2364 3799 2	2362 3799 0	Climb-down Ladder 21513						2	
									
# Iceberg									
2630 4013 1	2656 10423 0	Use A crack 21245							
2656 10423 0	2631 4013 1	Use Chasm 21035							
2631 4013 1	2656 10423 0	Use A crack 21245							
2638 10424 0	2639 10424 0	Open Door 21167							
2639 10424 0	2638 10424 0	Open Door 21167							
									
# Weiss									
2852 3966 0	2852 3964 0	Climb Rockslide 33184							
2852 3964 0	2852 3966 0	Climb Rockslide 33184							
2852 3964 0	2855 3964 0	Climb Rockslide 33185							
2855 3964 0	2852 3964 0	Climb Rockslide 33185							
2855 3964 0	2853 3961 0	Climb Rope 33328							
2853 3961 0	2855 3964 0	Climb Roped tree 33327							
2853 3961 0	2857 3961 0	Cross Ledge 33190							
2857 3961 0	2853 3961 0	Cross Ledge 33190							
2859 3962 0	2859 3960 0	Climb Rockslide 33191							
2859 3960 0	2859 3962 0	Climb Rockslide 33191							
2857 3957 0	2857 3954 0	Pass Fallen Tree 33192							
2857 3954 0	2857 3957 0	Pass Fallen Tree 33192							
2852 3936 0	2850 3936 0	Cross Little boulder 33312							
2850 3936 0	2852 3936 0	Cross Little boulder 33312							
2858 3968 0	2854 3941 0	Enter Cave entrance 33194				6528>74			
2855 3941 0	2859 3968 0	Descend Hole 33227							
2859 3968 0	2854 3941 0	Enter Cave entrance 33194				6528>74			
2854 3941 0	2859 3968 0	Descend Hole 33227							
2860 3968 0	2854 3941 0	Enter Cave entrance 33194				6528>74			
2853 3941 0	2859 3968 0	Descend Hole 33227							
2856 3941 0	2859 3968 0	Descend Hole 33227							
2852 3941 0	2859 3968 0	Descend Hole 33227							
2869 3941 0	2845 10351 0	Descend Stairs 33234							
2845 10351 0	2869 3941 0	Climb Steps 33261							
2844 10351 0	2869 3941 0	Climb Steps 33261							
2846 10351 0	2869 3941 0	Climb Steps 33261							
2855 10334 0	2845 3960 0	Enter Smelly hole 33262							
2856 10335 0	2845 3960 0	Enter Smelly hole 33262							
2865 3938 0	2866 3938 0	Squeeze-through Broken fence 46817				6528>199			
2866 3938 0	2865 3938 0	Squeeze-through Broken fence 46817				6528>199			
									
# Hunter Area									
2716 3798 0	2716 3802 1	Ascend Steps 19690							
2716 3802 1	2716 3798 0	Descend Steps 19691							
2715 3798 0	2715 3802 1	Ascend Steps 19690							
2715 3802 1	2715 3798 0	Descend Steps 19691							
2726 3805 1	2726 3801 0	Descend Steps 19691							
2726 3801 0	2726 3805 1	Ascend Steps 19690							
2727 3805 1	2727 3801 0	Descend Steps 19691							
2727 3801 0	2727 3805 1	Ascend Steps 19690							
2740 3830 1	2744 3830 1	Climb Rocky handholds 19846							
2744 3830 1	2740 3830 1	Climb Rocky handholds 19847							
2744 3830 1	2707 10205 0	Enter Cave 19762							
2707 10205 0	2744 3830 1	Exit Cave 19764							
2707 10206 0	2744 3830 1	Exit Cave 19764							
2707 10204 0	2744 3830 1	Exit Cave 19764							
									
# Keldagrim									
2730 3714 0	2773 10162 0	Enter Tunnel 5008							
2773 10162 0	2730 3713 0	Enter Tunnel 5014							
2730 3713 0	2773 10162 0	Enter Tunnel 5008							
2773 10163 0	2730 3713 0	Enter Tunnel 5014							
2730 3712 0	2773 10162 0	Enter Tunnel 5008							
2773 10161 0	2730 3713 0	Enter Tunnel 5014							
2731 3711 0	2773 10162 0	Enter Tunnel 5008							
2780 10161 0	2838 10124 0	Go-through Cave entrance 5973							
2838 10124 0	2778 10161 0	Go-through Entrance 5998							
2799 10134 0	2797 3719 0	Enter Tunnel 5013							
2797 3719 0	2799 10134 0	Enter Tunnel 5012							
2800 10134 0	2797 3719 0	Enter Tunnel 5013							
2795 3719 0	2799 10134 0	Enter Tunnel 5012							
2796 3719 0	2799 10134 0	Enter Tunnel 5012							
2917 10196 0	2914 10196 1	Climb-up Stairs 6085							
2914 10196 1	2917 10196 0	Climb-down Stairs 6086							
2914 10187 0	1943 4705 1	Climb-down Stairs 10288							
1943 4705 1	2914 10187 0	Climb-up Stairs 10287							
1942 4706 1	1942 4703 0	Climb-down Stairs 6086							
1942 4703 0	1942 4706 1	Climb-up Stairs 6085							
2931 10182 0	2930 10179 1	Climb-up Stairs 6087							
2930 10179 1	2930 10182 0	Climb-down Stairs 6088							
2930 10182 0	2930 10179 1	Climb-up Stairs 6087							
2931 10179 1	2930 10182 0	Climb-down Stairs 6088							
2933 10165 1	2930 10165 0	Climb-down Stairs 6086							
2930 10165 0	2933 10165 1	Climb-up Stairs 6085							
2913 10163 1	2910 10163 0	Climb-down Stairs 6086							
2910 10163 0	2913 10163 1	Climb-up Stairs 6085							
2904 10208 0	2907 10208 1	Climb-up Stairs 6085							
2907 10208 1	2904 10208 0	Climb-down Stairs 6086							
2893 10210 0	2896 10209 1	Climb-up Stairs 6087							
2896 10209 1	2893 10209 0	Climb-down Stairs 6088							
2893 10209 0	2896 10209 1	Climb-up Stairs 6087							
2896 10210 1	2893 10209 0	Climb-down Stairs 6088							
2896 10189 1	2893 10188 0	Climb-down Stairs 6088							
2893 10188 0	2896 10188 1	Climb-up Stairs 6087							
2896 10188 1	2893 10188 0	Climb-down Stairs 6088							
2893 10189 0	2896 10188 1	Climb-up Stairs 6087							
2890 10200 1	2893 10198 2	Climb-up Stairs 6089							
2893 10198 2	2890 10198 1	Climb-down Stairs 6090							
2890 10198 1	2893 10198 2	Climb-up Stairs 6089							
2893 10199 2	2890 10198 1	Climb-down Stairs 6090							
2890 10199 1	2893 10198 2	Climb-up Stairs 6089							
2893 10200 2	2890 10198 1	Climb-down Stairs 6090							
2865 10200 2	2868 10198 1	Climb-down Stairs 6090							
2868 10198 1	2865 10198 2	Climb-up Stairs 6089							
2865 10198 2	2868 10198 1	Climb-down Stairs 6090							
2868 10199 1	2865 10198 2	Climb-up Stairs 6089							
2865 10199 2	2868 10198 1	Climb-down Stairs 6090							
2868 10200 1	2865 10198 2	Climb-up Stairs 6089							
2862 10210 1	2865 10209 0	Climb-down Stairs 6088							
2865 10209 0	2862 10209 1	Climb-up Stairs 6087							
2862 10209 1	2865 10209 0	Climb-down Stairs 6088							
2865 10210 0	2862 10209 1	Climb-up Stairs 6087							
2862 10188 1	2865 10188 0	Climb-down Stairs 6088							
2865 10188 0	2862 10188 1	Climb-up Stairs 6087							
2862 10189 1	2865 10188 0	Climb-down Stairs 6088							
2865 10189 0	2862 10188 1	Climb-up Stairs 6087							
2865 10221 0	2865 10224 1	Climb-up Stairs 6085							
2865 10224 1	2865 10221 0	Climb-down Stairs 6086							
2834 10223 0	2834 10226 1	Climb-up Stairs 6085							
2834 10226 1	2834 10223 0	Climb-down Stairs 6086							
2835 10226 1	2835 10223 2	Climb-up Stairs 6085							
2835 10223 2	2835 10226 1	Climb-down Stairs 6086							
2828 10217 0	2828 10214 1	Climb-up Stairs 6085							
2828 10214 1	2828 10217 0	Climb-down Stairs 6086							
2834 10196 0	2837 10196 1	Climb-up Stairs 6085							
2837 10196 1	2834 10196 0	Climb-down Stairs 6086							
2828 10224 0	2828 10227 1	Climb-up Stairs 6085							
2828 10227 1	2828 10224 0	Climb-down Stairs 6086							
2930 10185 0	2930 10186 0	Open Door 6977							
2930 10186 0	2930 10185 0	Open Door 6977							
2930 10194 0	2930 10195 0	Open Door 6975							
2930 10195 0	2930 10194 0	Open Door 6975							
2931 10197 0	1940 4958 0	Climb-down Stairs 9084							
1940 4958 0	2931 10196 0	Climb-up Stairs 9138							
2931 10196 0	1940 4958 0	Climb-down Stairs 9084							
1939 4958 0	2931 10196 0	Climb-up Stairs 9138							
1937 4969 0	1937 4970 0	Open Gate 9141							
1937 4970 0	1937 4969 0	Open Gate 9141							
2941 10179 0	2438 5535 0	Enter Doorway 23287			Another Slice of H.A.M.				
2435 5535 0	2941 10179 0	Enter Doorway 23286			Another Slice of H.A.M.				
2488 5536 0	2696 5277 1	Enter Doorway 23285							
2696 5277 1	2488 5536 0	Enter Doorway 23052							
									
# Slayer Cave									
2796 3616 0	2808 10002 0	Enter Cave Entrance 2123							
2808 10002 0	2796 3615 0	Enter Tunnel 2141							
2796 3615 0	2808 10002 0	Enter Cave Entrance 2123							
2808 10003 0	2796 3615 0	Enter Tunnel 2141							
2796 3614 0	2808 10002 0	Enter Cave Entrance 2123							
2808 10001 0	2796 3615 0	Enter Tunnel 2141							
2703 9991 0	2703 9989 0	Climb Steps 29993							
2703 9989 0	2703 9991 0	Climb Steps 29993							
2823 3555 0	2822 3555 0	Open Door 3745						1	
2822 3555 0	2823 3555 0	Open Door 3745						1	
2820 3557 0	2820 3558 0	Open Door 3746						1	
2820 3558 0	2820 3557 0	Open Door 3746						1	
2817 3561 0	2817 3564 0	Climb-over Stile 3730						6	
2816 3563 0	2817 3561 0	Climb-over Stile 3730						6	
2818 3562 0	2817 3564 0	Climb-over Stile 3730						6	
2817 3564 0	2817 3561 0	Climb-over Stile 3730						6	
2816 3562 0	2817 3564 0	Climb-over Stile 3730						6	
2880 3596 0	2880 3593 0	Climb Rocks 3722							
2880 3593 0	2880 3596 0	Climb Rocks 3723							
2881 3596 0	2881 3593 0	Climb Rocks 3722							
2881 3593 0	2881 3596 0	Climb Rocks 3723							
2857 3613 0	2857 3611 0	Climb Rocks 3748							
2856 3613 0	2856 3611 0	Climb Rocks 3748							
2858 3627 0	2861 3627 0	Climb Rocks 3790							
2861 3627 0	2858 3627 0	Climb Rocks 3791							
2858 3626 0	2861 3626 0	Climb Rocks 3790							
2861 3626 0	2858 3626 0	Climb Rocks 3791							
2877 3623 0	2880 3623 0	Climb Rocks 3791							
2880 3623 0	2877 3623 0	Climb Rocks 3790							
2877 3622 0	2880 3622 0	Climb Rocks 3791							
2880 3622 0	2877 3622 0	Climb Rocks 3790							
2896 3619 0	2897 3619 0	Open Arena Entrance 3783							
2897 3619 0	2896 3619 0	Open Arena Entrance 3783							
2896 3618 0	2897 3618 0	Open Arena Entrance 3782							
2897 3618 0	2896 3618 0	Open Arena Entrance 3782							
2917 3628 0	2917 3629 0	Open Arena Exit 3786							
2917 3629 0	2917 3628 0	Open Arena Exit 3786							
2916 3628 0	2916 3629 0	Open Arena Exit 3785							
2916 3629 0	2916 3628 0	Open Arena Exit 3785							
2905 3643 0	2907 10019 0	Enter Cave Entrance 3757							
2907 10019 0	2904 3643 0	Exit Cave Exit 3758							
2904 3643 0	2907 10019 0	Enter Cave Entrance 3757							
2908 10019 0	2904 3643 0	Exit Cave Exit 3758							
2903 3643 0	2907 10019 0	Enter Cave Entrance 3757							
2906 10019 0	2904 3643 0	Exit Cave Exit 3758							
2908 10035 0	2908 3654 0	Exit Cave Exit 3758							
2908 3654 0	2907 10035 0	Enter Cave Entrance 3757							
2907 10035 0	2908 3654 0	Exit Cave Exit 3758							
2909 3654 0	2907 10035 0	Enter Cave Entrance 3757							
2906 10035 0	2908 3654 0	Exit Cave Exit 3758							
2907 3654 0	2907 10035 0	Enter Cave Entrance 3757							
2834 3627 0	2834 3629 0	Climb Rocks 3748							
2834 3629 0	2834 3627 0	Climb Rocks 3748							
2833 3627 0	2833 3629 0	Climb Rocks 3748							
2833 3629 0	2833 3627 0	Climb Rocks 3748							
2822 3635 0	2820 3635 0	Climb Rocks 3748							
2827 3646 0	2823 10050 0	Open Secret Door 3762							
2823 10050 0	2827 3646 0	Open Exit 3761							
2828 3646 0	2823 10050 0	Open Secret Door 3762							
2824 10050 0	2827 3646 0	Open Exit 3761							
2825 10050 0	2827 3646 0	Open Exit 3761							
2852 10105 0	2852 10109 1	Climb-up Stone Staircase 3788							
2852 10109 1	2852 10105 0	Climb-down Stone Staircase 3789							
2853 10105 0	2852 10109 1	Climb-up Stone Staircase 3788							
2853 10109 1	2852 10105 0	Climb-down Stone Staircase 3789							
2848 10107 1	2847 10107 1	Unlock Prison Door 3780							
2847 10107 1	2848 10107 1	Unlock Prison Door 3780							
2841 10052 1	2845 10051 2	Climb-up Stone Staircase 3788							
2845 10051 2	2841 10051 1	Climb-down Stone Staircase 3789							
2841 10051 1	2845 10051 2	Climb-up Stone Staircase 3788							
2845 10052 2	2841 10051 1	Climb-down Stone Staircase 3789							
2831 10076 2	2831 3676 0	Climb-up Troll ladder 18834							
2831 3676 0	2831 10076 2	Climb-down Troll ladder 18833							
2830 10077 2	2831 3676 0	Climb-up Troll ladder 18834							
2830 3677 0	2831 10076 2	Climb-down Troll ladder 18833							
2832 3677 0	2831 10076 2	Climb-down Troll ladder 18833							
2831 3678 0	2831 10076 2	Climb-down Troll ladder 18833							
2840 3690 0	2837 10090 2	Enter Stronghold 3771						5	
2837 10090 2	2840 3690 0	Leave Exit 3774						5	
2837 10089 2	2840 3690 0	Leave Exit 3773						5	
2837 10091 2	2840 3690 0	Use Exit 3772						5	
2845 10109 2	2841 10108 1	Climb-down Stone Staircase 3789							
2841 10108 1	2845 10108 2	Climb-up Stone Staircase 3788							
2845 10108 2	2841 10108 1	Climb-down Stone Staircase 3789							
2841 10109 1	2845 10108 2	Climb-up Stone Staircase 3788							
2853 10060 1	2852 10064 0	Climb-down Stone Staircase 3789							
2852 10064 0	2852 10060 1	Climb-up Stone Staircase 3788							
2852 10060 1	2852 10064 0	Climb-down Stone Staircase 3789							
2853 10064 0	2852 10060 1	Climb-up Stone Staircase 3788							
2869 10084 0	2869 10085 0	Open Storeroom Door 3810							
2869 10085 0	2869 10084 0	Open Storeroom Door 3810							
2888 3662 0	2888 3660 0	Climb Rocks 3803							
2888 3660 0	2888 3662 0	Climb Rocks 3803							
2887 3662 0	2887 3660 0	Climb Rocks 3804							
2887 3660 0	2887 3662 0	Climb Rocks 3804							
2892 3671 0	2893 10074 2	Enter Cave Entrance 3759						1	
2893 3671 0	2893 10074 2	Enter Cave Entrance 3759						1	
2894 3671 0	2893 10074 2	Enter Cave Entrance 3759						1	
2895 3672 0	2893 10074 2	Enter Cave Entrance 3759						1	
2892 10074 2	2893 3671 0	Exit Cave Exit 3760						1	
2893 10074 2	2893 3671 0	Exit Cave Exit 3760						1	
2894 10074 2	2893 3671 0	Exit Cave Exit 3760						1	
2837 3736 0	2839 3739 0	Go-through Ice gate 5044							
2839 3739 0	2837 3739 0	Go-through Ice gate 5043							
2837 3739 0	2839 3739 0	Go-through Ice gate 5043							
2839 3737 0	2837 3739 0	Go-through Ice gate 5044							
2837 3738 0	2839 3739 0	Go-through Ice gate 5044							
2839 3738 0	2837 3739 0	Go-through Ice gate 5044							
2837 3737 0	2839 3739 0	Go-through Ice gate 5044							
2839 3736 0	2837 3739 0	Go-through Ice gate 5044							
2837 3740 0	2839 3739 0	Go-through Ice gate 5043							
2839 3740 0	2837 3739 0	Go-through Ice gate 5043							
2839 3741 0	2837 3739 0	Go-through Ice gate 5043							
2867 3720 0	2874 3720 0	Enter Cave entrance 6440							
2874 3720 0	2867 3719 0	Enter Cave exit 6447							
2867 3719 0	2874 3720 0	Enter Cave entrance 6440							
2874 3721 0	2867 3719 0	Enter Cave exit 6447							
2867 3718 0	2874 3720 0	Enter Cave entrance 6440							
2874 3719 0	2867 3719 0	Enter Cave exit 6447							
2868 3721 0	2874 3720 0	Enter Cave entrance 6440							
2899 3715 0	2898 3719 0	Move Boulder 26415							
2898 3719 0	2898 3715 0	Move Boulder 26415							
2898 3715 0	2898 3719 0	Move Boulder 26415							
2899 3719 0	2898 3715 0	Move Boulder 26415							
2900 3719 0	2898 3715 0	Move Boulder 26415							
2899 3713 0	2904 3720 0	Crawl-through Little crack 26382							
2904 3720 0	2899 3713 0	Crawl-through Little crack 26382							
2916 3748 0	2882 5311 2	Climb-down Hole 26419							
2880 5311 2	2916 3745 0	Climb Rope 26370							
2916 3745 0	2882 5311 2	Climb-down Hole 26419							
2882 5311 2	2916 3745 0	Climb Rope 26370							
2916 3746 0	2882 5311 2	Climb-down Hole 26419							
2881 5310 2	2916 3745 0	Climb Rope 26370							
2917 3744 0	2882 5311 2	Climb-down Hole 26419							
2918 3744 0	2882 5311 2	Climb-down Hole 26419							
2919 3744 0	2882 5311 2	Climb-down Hole 26419							
2920 3744 0	2882 5311 2	Climb-down Hole 26419							
2916 3747 0	2882 5311 2	Climb-down Hole 26419							
2917 3749 0	2882 5311 2	Climb-down Hole 26419							
2918 3749 0	2882 5311 2	Climb-down Hole 26419							
2919 3749 0	2882 5311 2	Climb-down Hole 26419							
2920 3749 0	2882 5311 2	Climb-down Hole 26419							
2921 3748 0	2882 5311 2	Climb-down Hole 26419							
2921 3747 0	2882 5311 2	Climb-down Hole 26419							
2921 3746 0	2882 5311 2	Climb-down Hole 26419							
2912 5300 2	2914 5300 1	Climb-down Rock 26561							
2914 5300 1	2912 5299 2	Climb-up Rope 26371							
2920 5276 1	2920 5274 0	Climb-down Rock 26562							
2920 5274 0	2919 5276 1	Climb-up Rope 26375							
2919 5274 0	2919 5276 1	Climb-up Rope 26375							
2915 5300 1	2912 5299 2	Climb-up Rope 26371							
2909 3686 0	2911 3686 0	Climb Rocks 3748							
2911 3686 0	2909 3686 0	Climb Rocks 3748							
2909 3687 0	2911 3687 0	Climb Rocks 3748							
2911 3687 0	2909 3687 0	Climb Rocks 3748							
2943 3769 0	2950 3767 0	Climb Rocky handholds 26405							
2943 3767 0	2950 3767 0	Climb Rocky handholds 26405							
2942 3768 0	2950 3767 0	Climb Rocky handholds 26405							
									
# Hemenster									
2661 3500 0	2662 3500 0	Squeeze-through Loose Railing 51							
2662 3500 0	2661 3500 0	Squeeze-through Loose Railing 51							
2612 3476 0	2612 3476 1	Climb-up Ladder 16683						2	
2612 3476 1	2612 3476 0	Climb-down Ladder 16679						2	
2611 3475 0	2611 3475 1	Climb-up Ladder 16683						2	
2611 3475 1	2611 3475 0	Climb-down Ladder 16679						2	
2612 3474 0	2612 3474 1	Climb-up Ladder 16683						2	
2612 3474 1	2612 3474 0	Climb-down Ladder 16679						2	
2613 3475 0	2613 3475 1	Climb-up Ladder 16683						2	
2613 3475 1	2613 3475 0	Climb-down Ladder 16679						2	
2642 3429 0	2642 3429 1	Climb-up Ladder 16683						2	
2642 3429 1	2642 3429 0	Climb-down Ladder 16679						2	
2641 3428 0	2641 3428 1	Climb-up Ladder 16683						2	
2641 3428 1	2641 3428 0	Climb-down Ladder 16679						2	
2657 3438 0	2659 3437 0	Open Guild door 11665							
2658 3439 0	2659 3437 0	Open Guild door 11665							
2658 3437 0	2657 3439 0	Open Guild door 11665							
2659 3438 0	2657 3439 0	Open Guild door 11665							
2668 3429 0	2668 3429 2	Climb-up Tower ladder 11661							
2667 3428 0	2668 3429 2	Climb-up Tower ladder 11661							
2668 3427 0	2668 3429 2	Climb-up Tower ladder 11661							
2669 3428 0	2668 3429 2	Climb-up Tower ladder 11661							
2668 3429 2	2667 3429 0	Climb-down Tower ladder 11662							
2667 3428 2	2667 3429 0	Climb-down Tower ladder 11662							
2668 3427 2	2667 3429 0	Climb-down Tower ladder 11662							
2669 3428 2	2667 3429 0	Climb-down Tower ladder 11662							
2620 9797 0	2623 3391 0	Climb-over Mud pile 13							
2623 3391 0	2619 9797 0	Enter Cave Entrance 2							
2620 9796 0	2623 3391 0	Climb-over Mud pile 13							
2624 3391 0	2619 9797 0	Enter Cave Entrance 2							
2621 9795 0	2623 3391 0	Climb-over Mud pile 13							
2625 3391 0	2619 9797 0	Enter Cave Entrance 2							
2622 3391 0	2619 9797 0	Enter Cave Entrance 2							
# Fishing guild entrance									
2611 3393 0	2611 3394 0	Open Door 20925	68 Fishing					1	
2611 3394 0	2611 3393 0	Open Door 20925						1	
2630 3385 0	2630 3385 1	Climb-up Ladder 16683						2	
2630 3385 1	2630 3385 0	Climb-down Ladder 16684						2	
2631 3386 0	2631 3386 1	Climb-up Ladder 16683						2	
2631 3386 1	2631 3386 0	Climb-down Ladder 16684						2	
2631 3386 1	2631 3386 2	Climb-up Ladder 16684						2	
2631 3386 2	2631 3386 1	Climb-down Ladder 16679						2	
2630 3385 1	2630 3385 2	Climb-up Ladder 16684						2	
2630 3385 2	2630 3385 1	Climb-down Ladder 16679						2	
2647 3376 0	2649 3375 0	Climb-over Stile 993						6	
2649 3375 0	2646 3375 0	Climb-over Stile 993						6	
2646 3375 0	2649 3375 0	Climb-over Stile 993						6	
2648 3374 0	2646 3375 0	Climb-over Stile 993						6	
2647 3374 0	2649 3375 0	Climb-over Stile 993						6	
2648 3376 0	2646 3375 0	Climb-over Stile 993						6	
2637 3350 0	2640 3350 0	Climb-over Stile 993						6	
2640 3350 0	2637 3350 0	Climb-over Stile 993						6	
2638 3351 0	2640 3350 0	Climb-over Stile 993						6	
2639 3349 0	2637 3350 0	Climb-over Stile 993						6	
2638 3349 0	2640 3350 0	Climb-over Stile 993						6	
2639 3351 0	2637 3350 0	Climb-over Stile 993						6	
2654 3347 0	2657 3347 0	Climb-over Stile 993						6	
2657 3347 0	2654 3347 0	Climb-over Stile 993						6	
2655 3348 0	2657 3347 0	Climb-over Stile 993						6	
2656 3348 0	2654 3347 0	Climb-over Stile 993						6	
2655 3346 0	2657 3347 0	Climb-over Stile 993						6	
									
# Entrana									
2834 3335 0	2834 3332 1	Cross Gangplank 2415						3	
2834 3332 1	2834 3335 0	Cross Gangplank 2415						3	
									
# Karamja (varbit:4566=0?COINS=200)									
2910 3049 0	2906 3049 0	Cross A wooden log 23644						5	
2906 3049 0	2910 3049 0	Cross A wooden log 23644						5	
2879 2954 0	2876 2952 0	Climb over Broken cart 28931					116>14	2	
2880 2953 0	2876 2952 0	Climb over Broken cart 28931					116>14	2	
2880 2952 0	2876 2952 0	Climb over Broken cart 28931					116>14	2	
2880 2951 0	2876 2952 0	Climb over Broken cart 28931					116>14	2	
2879 2950 0	2876 2952 0	Climb over Broken cart 28931					116>14	2	
2877 2954 0	2880 2952 0	Climb over Broken cart 28931					116>14	2	
2876 2953 0	2880 2952 0	Climb over Broken cart 28931					116>14	2	
2876 2952 0	2880 2952 0	Climb over Broken cart 28931					116>14	2	
2876 2951 0	2880 2952 0	Climb over Broken cart 28931					116>14	2	
2877 2950 0	2880 2952 0	Climb over Broken cart 28931					116>14	2	
2777 3214 0	2834 2951 0	Board Travel cart 2230		COINS=200			116>14	5	
2778 3214 0	2834 2951 0	Board Travel cart 2230		COINS=200			116>14	5	
2776 3213 0	2834 2951 0	Board Travel cart 2230		COINS=200			116>14	5	
2776 3212 0	2834 2951 0	Board Travel cart 2230		COINS=200			116>14	5	
2776 3211 0	2834 2951 0	Board Travel cart 2230		COINS=200			116>14	5	
2779 3213 0	2834 2951 0	Board Travel cart 2230		COINS=200			116>14	5	
2779 3212 0	2834 2951 0	Board Travel cart 2230		COINS=200			116>14	5	
2779 3211 0	2834 2951 0	Board Travel cart 2230		COINS=200			116>14	5	
2777 3210 0	2834 2951 0	Board Travel cart 2230		COINS=200			116>14	5	
2778 3210 0	2834 2951 0	Board Travel cart 2230		COINS=200			116>14	5	
2830 2953 0	2776 3214 0	Board Travel cart 2265		COINS=200			116>14	5	
2830 2952 0	2776 3214 0	Board Travel cart 2265		COINS=200			116>14	5	
2831 2954 0	2776 3214 0	Board Travel cart 2265		COINS=200			116>14	5	
2832 2954 0	2776 3214 0	Board Travel cart 2265		COINS=200			116>14	5	
2833 2954 0	2776 3214 0	Board Travel cart 2265		COINS=200			116>14	5	
2831 2951 0	2776 3214 0	Board Travel cart 2265		COINS=200			116>14	5	
2832 2951 0	2776 3214 0	Board Travel cart 2265		COINS=200			116>14	5	
2833 2951 0	2776 3214 0	Board Travel cart 2265		COINS=200			116>14	5	
2834 2953 0	2776 3214 0	Board Travel cart 2265		COINS=200			116>14	5	
2834 2952 0	2776 3214 0	Board Travel cart 2265		COINS=200			116>14	5	
2777 3214 0	2834 2951 0	Board Travel cart 2230					4566=1	5	
2778 3214 0	2834 2951 0	Board Travel cart 2230					4566=1	5	
2776 3213 0	2834 2951 0	Board Travel cart 2230					4566=1	5	
2776 3212 0	2834 2951 0	Board Travel cart 2230					4566=1	5	
2776 3211 0	2834 2951 0	Board Travel cart 2230					4566=1	5	
2779 3213 0	2834 2951 0	Board Travel cart 2230					4566=1	5	
2779 3212 0	2834 2951 0	Board Travel cart 2230					4566=1	5	
2779 3211 0	2834 2951 0	Board Travel cart 2230					4566=1	5	
2777 3210 0	2834 2951 0	Board Travel cart 2230					4566=1	5	
2778 3210 0	2834 2951 0	Board Travel cart 2230					4566=1	5	
2830 2953 0	2776 3214 0	Board Travel cart 2265					4566=1	5	
2830 2952 0	2776 3214 0	Board Travel cart 2265					4566=1	5	
2831 2954 0	2776 3214 0	Board Travel cart 2265					4566=1	5	
2832 2954 0	2776 3214 0	Board Travel cart 2265					4566=1	5	
2833 2954 0	2776 3214 0	Board Travel cart 2265					4566=1	5	
2831 2951 0	2776 3214 0	Board Travel cart 2265					4566=1	5	
2832 2951 0	2776 3214 0	Board Travel cart 2265					4566=1	5	
2833 2951 0	2776 3214 0	Board Travel cart 2265					4566=1	5	
2834 2953 0	2776 3214 0	Board Travel cart 2265					4566=1	5	
2834 2952 0	2776 3214 0	Board Travel cart 2265					4566=1	5	
2836 9599 0	2836 9600 0	Open Wall 2606				3741=1		2	
2836 9600 0	2836 9599 0	Open Wall 2606						2	
2832 9657 0	2834 3258 0	Climb Climbing rope 25213						1	
2833 9658 0	2834 3258 0	Climb Climbing rope 25213						1	
2833 9656 0	2834 3258 0	Climb Climbing rope 25213						1	
2834 9657 0	2834 3258 0	Climb Climbing rope 25213						1	
2832 3255 0	2833 9658 0	Enter Hole 25154						1	
2832 3256 0	2833 9658 0	Enter Hole 25154						1	
2832 3257 0	2833 9658 0	Enter Hole 25154						1	
2833 3258 0	2833 9658 0	Enter Hole 25154						1	
2834 3258 0	2833 9658 0	Enter Hole 25154						1	
2835 3258 0	2833 9658 0	Enter Hole 25154						1	
2833 3254 0	2833 9658 0	Enter Hole 25154						1	
2834 3254 0	2833 9658 0	Enter Hole 25154						1	
2835 3254 0	2833 9658 0	Enter Hole 25154						1	
2836 3255 0	2833 9658 0	Enter Hole 25154						1	
2836 3256 0	2833 9658 0	Enter Hole 25154						1	
2836 3257 0	2833 9658 0	Enter Hole 25154						1	
									
# Lunar Isle									
2128 3893 2	2126 3893 1	Climb Ladder 16961						2	
2126 3893 1	2128 3893 2	Climb Ladder 16959						2	
2118 3893 1	2118 3895 0	Climb Ladder 16962						2	
2118 3895 0	2118 3893 1	Climb Ladder 16960						2	
									
# Zanaris									
2452 4473 0	3201 3169 0	Use Fairy ring 12094						6	
3202 3169 0	2452 4473 0	Open Door 2406						6	
2486 4471 0	3260 3171 0	Use Fairy ring 12003						6	
									
# Fortis Colosseum									
1795 3106 0	1799 9506 0	Enter Colosseum entrance 50749							
1795 3107 0	1799 9506 0	Enter Colosseum entrance 50749							
1799 9506 0	1795 3106 0	Exit Stairs 50750							
1799 9507 0	1795 3106 0	Exit Stairs 50750							
									
# Arandar Gates									
2386 3333 0	2386 3335 0	Enter Huge Gate 3944			Regicide			2	
2386 3335 0	2386 3333 0	Enter Huge Gate 3944			Regicide			2	
									
# Lletya Entrance									
2304 3194 0	2306 3194 0	Pass Tree 8742					517>1	5	
2306 3194 0	2304 3194 0	Pass Tree 8742					517>1	5	
									
# Miazrqa Rupert the Beard Grim Tales house south of Mind Altar									
2970 3462 0	2972 3462 0	Climb-over Crumbling wall 24749						2	
2972 3462 0	2970 3462 0	Climb-over Crumbling wall 24749	58 Thieving					2	
									
									
# Custodia Mountains Cave passage									
1259 3430 0	1271 3436 0	Pass-through Cave 57219						4	
1271 3436 0	1259 3430 0	Pass-through Cave 57220						4	
									
									
									
# Entrance to the Brimhaven Dungeon									
2744 3152 0	2713 9564 0	Enter Dungeon entrance 20876		COINS=875				2	
2744 3152 0	2713 9564 0	Enter Dungeon entrance 20876				5628=1		2	
2745 3152 0	2713 9564 0	Enter Dungeon entrance 20876		COINS=875				2	
2745 3152 0	2713 9564 0	Enter Dungeon entrance 20876				5628=1		2	
2746 3152 0	2713 9564 0	Enter Dungeon entrance 20876		COINS=875				2	
2746 3152 0	2713 9564 0	Enter Dungeon entrance 20876				5628=1		2	
2713 9564 0	2745 3152 0	Leave exit 20878						2	
									
# Second Brimhaven Dungeon entrance									
2760 3064 0	2734 9478 0	Climb Rope 30200				5629>0		2	
2761 3063 0	2734 9478 0	Climb Rope 30200				5629>0		2	
2761 3062 0	2734 9478 0	Climb Rope 30200				5629>0		2	
2760 3061 0	2734 9478 0	Climb Rope 30200				5629>0		2	
2734 9478 0	2760 3061 0	Use Crevice 30201				5629>0		2	
									
# Brimhaven Dungeon Vines									
2691 9564 0	2689 9564 0	Chop-down Vines 29731		AXE=1				2	
2689 9564 0	2691 9564 0	Chop-down Vines 29731		AXE=1				2	
									
# Shilo Village									
2835 2987 0	2835 2987 1	Climb-up Ladder 16684						2	
2835 2987 1	2835 2987 0	Climb-down Ladder 16679						2	
2834 2988 0	2834 2988 1	Climb-up Ladder 16684						2	
2834 2988 1	2834 2988 0	Climb-down Ladder 16679						2	
2835 2989 0	2835 2989 1	Climb-up Ladder 16684						2	
2835 2989 1	2835 2989 0	Climb-down Ladder 16679						2	
2836 2988 0	2836 2988 1	Climb-up Ladder 16684						2	
2836 2988 1	2836 2988 0	Climb-down Ladder 16679						2	
2861 2998 0	2861 2998 1	Climb-up Ladder 17026						2	
2861 2998 1	2861 2998 0	Climb-down Ladder 16679						2	
2860 2997 1	2860 2997 0	Climb-down Ladder 16679						2	
2862 2997 1	2862 2997 0	Climb-down Ladder 16679						2	
2861 2995 1	2861 2995 2	Climb-up Ladder 2268						2	
2861 2995 2	2861 2995 1	Climb-down Ladder 2269						2	
2823 2958 0	2823 2958 1	Climb-up Ladder 16683						2	
2823 2958 1	2823 2958 0	Climb-down Ladder 16679						2	
2824 2957 0	2824 2957 1	Climb-up Ladder 16683						2	
2824 2957 1	2824 2957 0	Climb-down Ladder 16679						2	
2824 2959 0	2824 2959 1	Climb-up Ladder 16683						2	
2824 2959 1	2824 2959 0	Climb-down Ladder 16679						2	
2825 2958 0	2825 2958 1	Climb-up Ladder 16683						2	
2825 2958 1	2825 2958 0	Climb-down Ladder 16679						2	
2845 2954 0	2845 2954 1	Climb-up Ladder 16683						2	
2845 2954 1	2845 2954 0	Climb-down Ladder 16679						2	
2844 2953 1	2844 2953 0	Climb-down Ladder 16679						2	
2844 2955 1	2844 2955 0	Climb-down Ladder 16679						2	
2859 2954 0	2859 2954 1	Climb-up Ladder 16683						2	
2859 2954 1	2859 2954 0	Climb-down Ladder 16679						2	
2860 2953 1	2860 2953 0	Climb-down Ladder 16679						2	
2860 2955 1	2860 2955 0	Climb-down Ladder 16679						2	
2870 2971 0	2870 2971 1	Climb-up Ladder 16683						2	
2870 2971 1	2870 2971 0	Climb-down Ladder 16679						2	
2871 2970 0	2871 2970 1	Climb-up Ladder 16683						2	
2871 2970 1	2871 2970 0	Climb-down Ladder 16679						2	
2871 2972 0	2871 2972 1	Climb-up Ladder 16683						2	
2871 2972 1	2871 2972 0	Climb-down Ladder 16679						2	
2872 2971 0	2872 2971 1	Climb-up Ladder 16683						2	
2872 2971 1	2872 2971 0	Climb-down Ladder 16679						2	
									
# Yanille Dungeon									
2569 3121 0	2569 9525 0	Climb-down Staircase 16665						1	
2570 3121 0	2569 9525 0	Climb-up Staircase 16665						1	
2569 9525 0	2569 3121 0	Climb-up Staircase 16665						1	
2569 9526 0	2569 3121 0	Climb-up Staircase 16665						1	
2572 9499 0	2588 9573 0	Pray-at Altar 412						2	
2579 9583 0	2567 9524 0	Climb-up Staircase 16665						1	
2578 9583 0	2567 9524 0	Climb-up Staircase 16665						1	
									
# Yanille Wizard Guild									
2594 3085 0	2594 9485 0	Climb-down Ladder 17384						2	
2594 9486 0	2594 3085 0	Climb-up Ladder 17383						2	
2590 3088 0	2590 3092 1	Climb-up Staircase 15645						1	
2591 3088 0	2590 3092 1	Climb-up Staircase 15645						1	
2590 3092 1	2590 3088 0	Climb-down Staircase 15648						1	
2591 3092 1	2590 3088 0	Climb-down Staircase 15648						1	
2590 3083 1	2590 3087 2	Climb-up Staircase 15645						1	
2591 3083 1	2590 3087 2	Climb-up Staircase 15645						1	
2590 3087 2	2590 3083 1	Climb-down Staircase 15648						1	
2591 3087 2	2590 3083 1	Climb-down Staircase 15648						1	
									
# Watchtower									
2549 3112 2	2549 3112 1	Climb-down Ladder 2797						2	
2548 3111 2	2549 3112 1	Climb-down Ladder 2797						2	
2548 3111 1	2549 3112 2	Climb-up Ladder 2796						2	
2550 3111 1	2549 3112 2	Climb-up Ladder 2796						2	
2549 3112 1	2549 3112 2	Climb-up Ladder 2796						2	
2545 3111 1	2544 3112 0	Climb-down Ladder 17122						2	
2544 3112 1	2544 3112 0	Climb-down Ladder 17122						2	
2543 3111 1	2544 3112 0	Climb-down Ladder 17122						2	
2545 3111 0	2545 3111 1	Climb-up Ladder 2833						2	
2543 3111 0	2543 3111 1	Climb-up Ladder 2833						2	
2544 3112 0	2544 3112 1	Climb-up Ladder 2833						2	
									
# Forthos Dungeon									
1702 3575 0	1830 9973 0	Climb-down Ladder 34862						2	
1829 9974 0	1702 3575 0	Climb-up Ladder 34863						2	
1831 9974 0	1702 3575 0	Climb-up Ladder 34863						2	
1830 9975 0	1702 3575 0	Climb-up Ladder 34863						2	
1830 9973 0	1702 3575 0	Climb-up Ladder 34863						2	
1798 9969 0	1670 3569 0	Climb-up Staircase 34864						1	
1799 9969 0	1670 3569 0	Climb-up Staircase 34864						1	
1800 9968 0	1670 3569 0	Climb-up Staircase 34864						1	
1800 9967 0	1670 3569 0	Climb-up Staircase 34864						1	
1799 9966 0	1670 3569 0	Climb-up Staircase 34864						1	
1670 3569 0	1800 9968 0	Climb-down Staircase 34865						1	
1671 3568 0	1800 9968 0	Climb-down Staircase 34865						1	
1671 3567 0	1800 9968 0	Climb-down Staircase 34865						1	
1670 3566 0	1800 9968 0	Climb-down Staircase 34865						1	
1824 9973 0	1825 9973 0	Open Temple Door 34843						2	
1825 9973 0	1824 9973 0	Open Temple Door 34843				8398=1		2	
1802 9958 0	1802 9956 0	Open Temple Door 34843				8397=1		2	
1802 9956 0	1802 9958 0	Open Temple Door 34843				8397=1		2	
1803 9968 0	1726 9994 0	Enter Strange passage 28918				5087=1		1	
1803 9967 0	1726 9994 0	Enter Strange passage 28918				5087=1		1	
									
# Catacombs of Kourend									
1469 3653 0	1650 9987 0	Enter Hole 28915				5088=1		2	
1470 3652 0	1650 9987 0	Enter Hole 28915				5088=1		2	
1470 3654 0	1650 9987 0	Enter Hole 28915				5088=1		2	
1471 3653 0	1650 9987 0	Enter Hole 28915				5088=1		2	
1562 3791 0	1617 10101 0	Enter Hole 28915				5088=1		2	
1563 3790 0	1617 10101 0	Enter Hole 28915				5088=1		2	
1563 3792 0	1617 10101 0	Enter Hole 28915				5088=1		2	
1564 3791 0	1617 10101 0	Enter Hole 28915				5088=1		2	
1695 3865 0	1719 10101 0	Enter Hole 28915				5088=1		2	
1696 3864 0	1719 10101 0	Enter Hole 28915				5088=1		2	
1696 3866 0	1719 10101 0	Enter Hole 28915				5088=1		2	
1697 3865 0	1719 10101 0	Enter Hole 28915				5088=1		2	
1726 9994 0	1803 9968 0	Climb-up Vine 28897						2	
1725 9993 0	1803 9968 0	Climb-up Vine 28897						2	
1727 9993 0	1803 9968 0	Climb-up Vine 28897						2	
1726 9992 0	1803 9968 0	Climb-up Vine 28897						2	
1649 9986 0	1469 3653 0	Climb-up Vine 28896						2	
1650 9985 0	1469 3653 0	Climb-up Vine 28896						2	
1650 9987 0	1469 3653 0	Climb-up Vine 28896						2	
1651 9986 0	1469 3653 0	Climb-up Vine 28896						2	
1616 10102 0	1562 3791 0	Climb-up Vine 28895						2	
1617 10101 0	1562 3791 0	Climb-up Vine 28895						2	
1617 10103 0	1562 3791 0	Climb-up Vine 28895						2	
1618 10102 0	1562 3791 0	Climb-up Vine 28895						2	
1718 10102 0	1696 3864 0	Climb-up Vine 28898						2	
1719 10101 0	1696 3864 0	Climb-up Vine 28898						2	
1719 10103 0	1696 3864 0	Climb-up Vine 28898						2	
1720 10102 0	1696 3864 0	Climb-up Vine 28898						2	
1638 10047 0	1461 9879 0	Climb-up Vine 42350						2	
1639 10046 0	1461 9879 0	Climb-up Vine 42350						2	
1639 10048 0	1461 9879 0	Climb-up Vine 42350						2	
1640 10047 0	1461 9879 0	Climb-up Vine 42350						2	
1461 9879 0	1639 10046 0	Enter Strange passage 42249				12341=1		2	
1420 3588 0	1432 9913 0	Enter Cave 42248						4	
1420 3589 0	1432 9913 0	Enter Cave 42248						4	
1432 9913 0	1420 3588 0	Exit Cave 42247						4	
1665 10051 0	1639 3673 0	Climb-up Vine ladder 28894						2	
1666 10050 0	1639 3673 0	Climb-up Vine ladder 28894						2	
1666 10052 0	1639 3673 0	Climb-up Vine ladder 28894						2	
1667 10051 0	1639 3673 0	Climb-up Vine ladder 28894						2	
1639 3673 0	1666 10050 0	Investigate Statue 27785						2	
									
# Hosidius									
1631 3570 0	1634 3570 0	Climb-over Stile 7527						3	
1634 3570 0	1631 3570 0	Climb-over Stile 7527						3	
									
# Woodcutting Guild (Hosidius)									
# Gates around the guild perimeter require 60 Woodcutting to enter (boostable).									
# East gate:									
1658 3505 0	1657 3505 0	Open Gate 28851	60 Woodcutting					2	
1657 3505 0	1658 3505 0	Open Gate 28851						2	
1658 3504 0	1657 3504 0	Open Gate 28851	60 Woodcutting					2	
1657 3504 0	1658 3504 0	Open Gate 28851						2	
# West gate:									
1562 3488 0	1563 3488 0 	Open Gate 28852	60 Woodcutting					2	
1563 3488 0	1562 3488 0 	Open Gate 28852						2	
1562 3487 0	1563 3487 0 	Open Gate 28852	60 Woodcutting					2	
1563 3487 0	1562 3487 0 	Open Gate 28852						2	
									
# Jiggig									
2455 3049 0	2457 3049 0	Climb-over Crushed barricade 6881				496=1		2	
2457 3049 0	2455 3049 0	Climb-over Crushed barricade 6881				496=1		2	
2455 3048 0	2457 3048 0	Climb-over Crushed barricade 6882				496=1		2	
2457 3048 0	2455 3048 0	Climb-over Crushed barricade 6882				496=1		2	
2485 3045 0	2477 9437 2	Climb-down Stairs 6841				487>10		7	
2477 9437 2	2485 3045 0	Climb-up Stairs 6842						7	
2486 3045 0	2477 9437 2	Climb-down Stairs 6841				487>10		7	
2477 9438 2	2485 3045 0	Climb-up Stairs 6842						7	
									
# Kharazi Jungle									
2762 2943 0	2762 2941 0	Chop-down Jungle Bush 2892		MACHETE=1			139>49	2	
2762 2940 0	2762 2942 0	Chop-down Jungle Bush 2892		MACHETE=1			139>49	2	
2762 2938 0	2762 2936 0	Chop-down Jungle Bush 2892		MACHETE=1			139>49	2	
2762 2936 0	2762 2938 0	Chop-down Jungle Bush 2892		MACHETE=1			139>49	2	
2762 2936 0	2762 2934 0	Chop-down Jungle Bush 2892		MACHETE=1			139>49	2	
2762 2934 0	2762 2936 0	Chop-down Jungle Bush 2892		MACHETE=1			139>49	2	
2791 2935 0	2791 2937 0	Chop-down Jungle tree 2890		AXE=1			139>49	10	
2791 2937 0	2791 2935 0	Chop-down Jungle tree 2890		AXE=1			139>49	10	
2791 2937 0	2791 2939 0	Chop-down Jungle Bush 2893		MACHETE=1			139>49	2	
2791 2939 0	2791 2937 0	Chop-down Jungle Bush 2893		MACHETE=1			139>49	2	
2791 2939 0	2791 2941 0	Chop-down Jungle Bush 2893		MACHETE=1			139>49	2	
2791 2941 0	2791 2939 0	Chop-down Jungle Bush 2893		MACHETE=1			139>49	2	
2791 2941 0	2791 2943 0	Chop-down Jungle tree 2890		AXE=1			139>49	10	
2791 2943 0	2791 2941 0	Chop-down Jungle tree 2890		AXE=1			139>49	10	
2793 2943 0	2793 2941 0	Chop-down Jungle tree 2890		AXE=1			139>49	10	
2793 2941 0	2793 2943 0	Chop-down Jungle tree 2890		AXE=1			139>49	10	
2793 2941 0	2793 2939 0	Chop-down Jungle Bush 2893		MACHETE=1			139>49	2	
2793 2939 0	2793 2941 0	Chop-down Jungle Bush 2893		MACHETE=1			139>49	2	
2793 2939 0	2793 2937 0	Chop-down Jungle Bush 2893		MACHETE=1			139>49	2	
2793 2937 0	2793 2939 0	Chop-down Jungle Bush 2893		MACHETE=1			139>49	2	
2795 2938 0	2795 2940 0	Chop-down Jungle Bush 2893		MACHETE=1			139>49	2	
2795 2941 0	2795 2939 0	Chop-down Jungle Bush 2892		MACHETE=1			139>49	2	
2795 2940 0	2795 2942 0	Chop-down Jungle Bush 2892		MACHETE=1			139>49	2	
2795 2943 0	2795 2941 0	Chop-down Jungle Bush 2893		MACHETE=1			139>49	2	
2798 2943 0	2798 2941 0	Chop-down Jungle tree 2890		AXE=1			139>49	10	
2798 2940 0	2798 2942 0	Chop-down Jungle Bush 2892		MACHETE=1			139>49	2	
2798 2941 0	2798 2939 0	Chop-down Jungle Bush 2892		MACHETE=1			139>49	2	
2798 2938 0	2798 2940 0	Chop-down Jungle Bush 2893		MACHETE=1			139>49	2	
2799 2937 0	2799 2939 0	Chop-down Jungle Bush 2893		MACHETE=1			139>49	2	
2799 2939 0	2799 2937 0	Chop-down Jungle Bush 2893		MACHETE=1			139>49	2	
2799 2939 0	2799 2941 0	Chop-down Jungle Bush 2893		MACHETE=1			139>49	2	
2799 2941 0	2799 2939 0	Chop-down Jungle Bush 2893		MACHETE=1			139>49	2	
2799 2941 0	2799 2943 0	Chop-down Jungle Bush 2892		MACHETE=1			139>49	2	
2799 2943 0	2799 2941 0	Chop-down Jungle Bush 2892		MACHETE=1			139>49	2	
2800 2943 0	2800 2941 0	Chop-down Jungle tree 2890		AXE=1			139>49	10	
2800 2940 0	2800 2942 0	Chop-down Jungle Bush 2893		MACHETE=1			139>49	2	
2800 2941 0	2800 2939 0	Chop-down Jungle Bush 2893		MACHETE=1			139>49	2	
2800 2938 0	2800 2940 0	Chop-down Jungle tree 2890		AXE=1			139>49	10	
2800 2939 0	2800 2937 0	Chop-down Jungle tree 2889		AXE=1			139>49	10	
2800 2936 0	2800 2938 0	Chop-down Jungle tree 2889		AXE=1			139>49	10	
2816 2936 0	2816 2938 0	Chop-down Jungle Bush 2892		MACHETE=1			139>49	2	
2816 2938 0	2816 2936 0	Chop-down Jungle Bush 2892		MACHETE=1			139>49	2	
2816 2938 0	2816 2940 0	Chop-down Jungle Bush 2893		MACHETE=1			139>49	2	
2816 2940 0	2816 2938 0	Chop-down Jungle Bush 2893		MACHETE=1			139>49	2	
2819 2940 0	2819 2938 0	Chop-down Jungle Bush 2893		MACHETE=1			139>49	2	
2819 2938 0	2819 2940 0	Chop-down Jungle Bush 2893		MACHETE=1			139>49	2	
2819 2938 0	2819 2936 0	Chop-down Jungle Bush 2893		MACHETE=1			139>49	2	
2819 2936 0	2819 2938 0	Chop-down Jungle Bush 2893		MACHETE=1			139>49	2	
2820 2935 0	2820 2937 0	Chop-down Jungle tree 2890		AXE=1			139>49	10	
2820 2938 0	2820 2936 0	Chop-down Jungle Bush 2892		MACHETE=1			139>49	2	
2820 2937 0	2820 2939 0	Chop-down Jungle Bush 2893		MACHETE=1			139>49	2	
2820 2940 0	2820 2938 0	Chop-down Jungle tree 2890		AXE=1			139>49	10	
2864 2934 0	2864 2936 0	Chop-down Jungle Bush 2892		MACHETE=1			139>49	2	
2864 2936 0	2864 2934 0	Chop-down Jungle Bush 2892		MACHETE=1			139>49	2	
2864 2936 0	2864 2938 0	Chop-down Jungle tree 2889		AXE=1			139>49	10	
2864 2939 0	2864 2937 0	Chop-down Jungle tree 2889		AXE=1			139>49	10	
2864 2939 0	2864 2941 0	Chop-down Jungle Bush 2893		MACHETE=1			139>49	2	
2864 2941 0	2864 2939 0	Chop-down Jungle Bush 2893		MACHETE=1			139>49	2	
2866 2941 0	2866 2939 0	Chop-down Jungle tree 2890		AXE=1			139>49	10	
2866 2939 0	2866 2937 0	Chop-down Jungle tree 2890		AXE=1			139>49	10	
2866 2938 0	2866 2940 0	Chop-down Jungle Bush 2893		MACHETE=1			139>49	2	
2866 2936 0	2866 2938 0	Chop-down Jungle Bush 2892		MACHETE=1			139>49	2	
2866 2936 0	2866 2934 0	Chop-down Jungle Bush 2892		MACHETE=1			139>49	2	
2866 2934 0	2866 2936 0	Chop-down Jungle Bush 2892		MACHETE=1			139>49	2	
2868 2934 0	2868 2936 0	Chop-down Jungle tree 2889		AXE=1			139>49	10	
2868 2936 0	2868 2934 0	Chop-down Jungle tree 2889		AXE=1			139>49	10	
2868 2936 0	2868 2938 0	Chop-down Jungle tree 2889		AXE=1			139>49	10	
2868 2939 0	2868 2937 0	Chop-down Jungle Bush 2892		MACHETE=1			139>49	2	
2868 2938 0	2868 2940 0	Chop-down Jungle Bush 2892		MACHETE=1			139>49	2	
2868 2941 0	2868 2939 0	Chop-down Jungle Bush 2893		MACHETE=1			139>49	2	
2872 2934 0	2872 2936 0	Chop-down Jungle Bush 2892		MACHETE=1			139>49	2	
2872 2936 0	2872 2934 0	Chop-down Jungle Bush 2892		MACHETE=1			139>49	2	
2872 2938 0	2872 2940 0	Chop-down Jungle tree 2889		AXE=1			139>49	10	
2872 2941 0	2872 2939 0	Chop-down Jungle tree 2890		AXE=1			139>49	10	
2932 2943 0	2932 2941 0	Chop-down Jungle Bush 2893		MACHETE=1			139>49	2	
2932 2940 0	2932 2942 0	Chop-down Jungle Bush 2892		MACHETE=1			139>49	2	
2932 2941 0	2932 2939 0	Chop-down Jungle tree 2889		AXE=1			139>49	10	
2932 2938 0	2932 2940 0	Chop-down Jungle Bush 2892		MACHETE=1			139>49	2	
2932 2938 0	2932 2936 0	Chop-down Jungle tree 2890		AXE=1			139>49	10	
2932 2936 0	2932 2938 0	Chop-down Jungle tree 2890		AXE=1			139>49	10	
2933 2937 0	2933 2939 0	Chop-down Jungle Bush 2893		MACHETE=1			139>49	2	
2933 2939 0	2933 2937 0	Chop-down Jungle Bush 2893		MACHETE=1			139>49	2	
2933 2939 0	2933 2941 0	Chop-down Jungle Bush 2893		MACHETE=1			139>49	2	
2933 2941 0	2933 2939 0	Chop-down Jungle Bush 2893		MACHETE=1			139>49	2	
2933 2941 0	2933 2943 0	Chop-down Jungle tree 2890		AXE=1			139>49	10	
2933 2943 0	2933 2941 0	Chop-down Jungle tree 2890		AXE=1			139>49	10	
2936 2943 0	2936 2941 0	Chop-down Jungle tree 2889		AXE=1			139>49	10	
2936 2940 0	2936 2942 0	Chop-down Jungle tree 2889		AXE=1			139>49	10	
2936 2940 0	2936 2938 0	Chop-down Jungle Bush 2893		MACHETE=1			139>49	2	
2936 2938 0	2936 2940 0	Chop-down Jungle Bush 2893		MACHETE=1			139>49	2	
2936 2938 0	2936 2936 0	Chop-down Jungle tree 2889		AXE=1			139>49	10	
2936 2936 0	2936 2938 0	Chop-down Jungle tree 2889		AXE=1			139>49	10	
									
# Almera's House in Baxtorian Falls									
2521 3494 0	2521 3494 1	Climb-up Ladder 16683						2	
2522 3493 0	2522 3493 1	Climb-up Ladder 16683						2	
2521 3494 1	2521 3494 0	Climb-down Ladder 16679						2	
2522 3493 1	2522 3493 0	Climb-down Ladder 16679						2	
									
# Ancient Cavern (Baxtorian Falls Whirlpool)									
2511 3511 0	1768 5366 0	Jump-into Whirlpool 25274				3759>1		2	
2512 3511 0	1768 5366 0	Jump-into Whirlpool 25274				3759>1		2	
1742 5352 0	2531 3446 0	Ride Aged log 25216						2	
1761 5362 0	2531 3446 0	Ride Aged log 25216						2	
									
# Hunter Guild									
1559 3046 0	1556 3046 2	Climb-up Rope 51647						2	
1556 3046 2	1559 3046 0	Climb-down Rope 51644						2	
1558 3047 0	1558 9451 0	Climb-down Stairs 51641						2	
1557 3047 0	1557 9451 0	Climb-down Stairs 51641						2	
1558 9451 0	1558 3047 0	Climb-up Stairs 51642						2	
1557 9451 0	1557 3047 0	Climb-up Stairs 51642						2	
1553 3033 0	1553 3033 1	Climb-up Ladder 52614						2	
1553 3033 1	1553 3033 0	Climb-down Ladder 52620						2	
1556 3034 1	1556 3034 2	Climb-up Ladder 52614						2	
1556 3034 2	1556 3034 1	Climb-down Ladder 52620						2	
1533 3051 0	1533 9446 0	Enter Cave 51761						2	
1533 3050 0	1533 9446 0	Enter Cave 51761						2	
1533 9447 0	1533 3051 0	Exit Cave 51760						2	
1533 9446 0	1533 3051 0	Exit Cave 51760						2	
1533 9445 0	1533 3051 0	Exit Cave 51760						2	
									
# Farming Guild (Kebos Lowlands)									
# Main entrance gate - 45 Farming required. Coords inferred from skills necklace teleport endpoints (outside: 1248,3719 / inside: 1248,3725).									
1248 3722 0	1248 3723 0	Open Door 34463	45 Farming					1	
1248 3723 0	1248 3722 0	Open Door 34463						1	
1249 3722 0	1249 3723 0	Open Door 34464	45 Farming					1	
1249 3723 0	1249 3722 0	Open Door 34464						1	
# Intermediate (65 Farming) and advanced (85 Farming) tier passages are enforced server-side only									
# (no collision wall in the map) so they cannot be modelled as transport gates.									
									
# Crabclaw Caves									
1646 9848 0	1643 3450 0	Climb Sand pile 31691				6027>6		2	
1647 9848 0	1643 3450 0	Climb Sand pile 31691				6027>6		2	
1646 3449 0	1646 9848 0	Enter Cave 31690				6027>6		2	
1646 3450 0	1646 9848 0	Enter Cave 31690				6027>6		2	
1645 3451 0	1646 9848 0	Enter Cave 31690				6027>6		2	
1644 3451 0	1646 9848 0	Enter Cave 31690				6027>6		2	
1643 3450 0	1646 9848 0	Enter Cave 31690				6027>6		2	
1643 3449 0	1646 9848 0	Enter Cave 31690				6027>6		2	
1644 3448 0	1646 9848 0	Enter Cave 31690				6027>6		2	
1645 3448 0	1646 9848 0	Enter Cave 31690				6027>6		2	
1673 9800 0	1677 9747 0	Climb-down Tunnel entrance 31692						2	
1677 9747 0	1673 9800 0	Climb-down Tunnel entrance 31692						2	
									
# Trollweiss									
2822 3745 0	2803 10187 0	Enter Cave entrance 5007						1	
2822 3744 0	2803 10187 0	Enter Cave entrance 5007						1	
2822 3743 0	2803 10187 0	Enter Cave entrance 5007						1	
2804 10187 0	2822 3745 0	Enter Tunnel 5011						1	
2803 10187 0	2822 3745 0	Enter Tunnel 5011						1	
2802 10187 0	2822 3745 0	Enter Tunnel 5011						1	
2772 10232 0	2778 3869 0	Enter Crevasse 5025						1	
2778 3869 0	2772 10232 0	Enter Tunnel 5009						1	
2778 3870 0	2772 10232 0	Enter Tunnel 5009						1	
2779 3871 0	2772 10232 0	Enter Tunnel 5009						1	
2780 3871 0	2772 10232 0	Enter Tunnel 5009						1	
2781 3871 0	2772 10232 0	Enter Tunnel 5009						1	
2782 3870 0	2772 10232 0	Enter Tunnel 5009						1	
2782 3869 0	2772 10232 0	Enter Tunnel 5009						1	
2782 3868 0	2772 10232 0	Enter Tunnel 5009						1	
2781 3867 0	2772 10232 0	Enter Tunnel 5009						1	
2780 3867 0	2772 10232 0	Enter Tunnel 5009						1	
2779 3867 0	2772 10232 0	Enter Tunnel 5009						1	
									
# Trollweiss Mountain sled ride (sled = 4084)									
2772 3836 0	2790 3794 0	Slide Slope 5015		4084=1				18	
2773 3836 0	2790 3794 0	Slide Slope 5015		4084=1				18	
2786 3772 0	2794 3719 0	Slide Slope 5015		4084=1				30	
2785 3772 0	2794 3719 0	Slide Slope 5015		4084=1				30	
									
# Daero									
2484 3486 1	2649 4516 0	Travel Daero 1445						6	
2649 4518 0	2894 2726 0	Travel Waydar 1446						4	
2654 4495 0	2393 3466 0	Operate Teleportation Device 4869						6	
2896 2727 0	2393 3465 0	Travel Waydar 1446						4	
2724 2747 0	2770 2793 0							10	
									
# Marim									
2795 2793 0	2795 2797 1	Climb-up Staircase						1	
2795 2797 1	2795 2793 0	Climb-down Staircase						1	
2796 2793 0	2796 2797 1	Climb-up Staircase						1	
2796 2797 1	2796 2793 0	Climb-down Staircase						1	
2799 2793 0	2799 2797 1	Climb-up Staircase						1	
2799 2797 1	2799 2793 0	Climb-down Staircase						1	
2800 2793 0	2800 2797 1	Climb-up Staircase						1	
2800 2797 1	2800 2793 0	Climb-down Staircase						1	

# Tomb of Bervirius									
2762 2989 0	2760 9389 0	Search Well stacked rocks 2234						15	
2764 9376 0	2765 2976 0	Climb Climbing rocks 2236						15	
									
# Ice Queen's lair - Rock formations									
2840 3516 0	2836 3517 0	Mine Rock slide 2634	50 Mining	PICKAXE=1				10	
2839 3516 0	2836 3517 0	Mine Rock slide 2634	50 Mining	PICKAXE=1				10	
2837 3517 0	2840 3516 0	Mine Rock slide 2634	50 Mining	PICKAXE=1				10	
2837 3518 0	2840 3517 0	Mine Rock slide 2634	50 Mining	PICKAXE=1				10	
2840 3517 0	2837 3518 0	Mine Rock slide 2634	50 Mining	PICKAXE=1				10	
2840 3518 0	2837 3519 0	Mine Rock slide 2634	50 Mining	PICKAXE=1				10	
									
# Ice Queen's lair - Ladders phase one									
2844 3516 0	2844 9916 0	Climb-down Ladder 16680						1	
2845 3517 0	2845 9917 0	Climb-down Ladder 16680						1	
2846 3516 0	2846 9916 0	Climb-down Ladder 16680						1	
2845 3515 0	2845 9915 0	Climb-down Ladder 16680						1	
									
2844 9916 0	2844 3516 0	Climb-up Ladder 17385						1	
2845 9917 0	2845 3517 0	Climb-up Ladder 17385						1	
2846 9916 0	2846 3516 0	Climb-up Ladder 17385						1	
2845 9915 0	2845 3515 0	Climb-up Ladder 17385						1	
									
2847 3519 0	2847 9919 0	Climb-down Ladder 16680						1	
2848 3520 0	2848 9920 0	Climb-down Ladder 16680						1	
2849 3519 0	2849 9919 0	Climb-down Ladder 16680						1	
2848 3518 0	2848 9918 0	Climb-down Ladder 16680						1	
									
2847 9919 0	2847 3519 0	Climb-up Ladder 17385						1	
2848 9920 0	2848 3520 0	Climb-up Ladder 17385						1	
2849 9919 0	2849 3519 0	Climb-up Ladder 17385						1	
2848 9918 0	2848 3518 0	Climb-up Ladder 17385						1	
									
2847 3513 0	2847 9913 0	Climb-down Ladder 16680						1	
2848 3514 0	2848 9914 0	Climb-down Ladder 16680						1	
2849 3513 0	2849 9913 0	Climb-down Ladder 16680						1	
2848 3512 0	2848 9912 0	Climb-down Ladder 16680						1	
									
2847 9913 0	2847 3513 0	Climb-up Ladder 17685						1	
2848 9914 0	2848 3514 0	Climb-up Ladder 17685						1	
2849 9913 0	2849 3513 0	Climb-up Ladder 17685						1	
2848 9912 0	2848 3512 0	Climb-up Ladder 17685						1	
									
# one way - traps phase one									
									
2837 9926 0	2837 3526 0	Climb-up Ladder 17385						1	
2838 9927 0	2838 3527 0	Climb-up Ladder 17385						1	
2837 9928 0	2837 3528 0	Climb-up Ladder 17385						1	
									
2845 9924 0	2845 3524 0	Climb-up Ladder 17385						1	
2844 9925 0	2844 3525 0	Climb-up Ladder 17385						1	
2845 9926 0	2845 3526 0	Climb-up Ladder 17385						1	
									
# Ice Queen's lair - Ladders phase two									
									
2823 9907 0	2823 3507 0	Climb-up Ladder 17385						1	
2824 9908 0	2824 3508 0	Climb-up Ladder 17385						1	
2825 9907 0	2825 3507 0	Climb-up Ladder 17385						1	
2824 9906 0	2824 3506 0	Climb-up Ladder 17385						1	
									
2823 3507 0	2823 9907 0	Climb-down Ladder 16680						1	
2824 3508 0	2824 9908 0	Climb-down Ladder 16680						1	
2825 3507 0	2825 9907 0	Climb-down Ladder 16680						1	
2824 3506 0	2824 9906 0	Climb-down Ladder 16680						1	
									
2826 9910 0	2826 3510 0	Climb-up Ladder 17385						1	
2827 9911 0	2827 3511 0	Climb-up Ladder 17385						1	
2828 9910 0	2828 3510 0	Climb-up Ladder 17385						1	
2827 9909 0	2827 3509 0	Climb-up Ladder 17385						1	
									
2826 3510 0	2826 9910 0	Climb-down Ladder 16680						1	
2827 3511 0	2827 9911 0	Climb-down Ladder 16680						1	
2828 3510 0	2828 9910 0	Climb-down Ladder 16680						1	
2827 3509 0	2827 9909 0	Climb-down Ladder 16680						1	
									
2822 9913 0	2822 3513 0	Climb-up Ladder 17385						1	
2823 9914 0	2823 3514 0	Climb-up Ladder 17385						1	
2824 9913 0	2824 3513 0	Climb-up Ladder 17385						1	
2823 9912 0	2823 3512 0	Climb-up Ladder 17385						1	
									
2822 3513 0	2822 9913 0	Climb-down Ladder 16680						1	
2823 3514 0	2823 9914 0	Climb-down Ladder 16680						1	
2824 3513 0	2824 9913 0	Climb-down Ladder 16680						1	
2823 3512 0	2823 9912 0	Climb-down Ladder 16680						1	
									
# one way - traps phase two									
2823 9931 0	2823 3531 0	Climb-up Ladder 17385						1	
2824 9930 0	2824 3530 0	Climb-up Ladder 17385						1	
2823 9929 0	2823 3529 0	Climb-up Ladder 17385						1	
									
# ice queen's lair - Phase three									
2857 9918 0	2857 3518 0	Climb-up Ladder 17385						1	
2858 9917 0	2858 3517 0	Climb-up Ladder 17385						1	
2857 9916 0	2857 3516 0	Climb-up Ladder 17385						1	
									
2857 3518 0	2857 9918 0	Climb-down Ladder 16680						1	
2858 3517 0	2858 9917 0	Climb-down Ladder 16680						1	
2857 3516 0	2857 9916 0	Climb-down Ladder 16680						1	
									
2858 9919 0	2858 3519 0	Climb-up Ladder 17385						1	
2859 9920 0	2859 3520 0	Climb-up Ladder 17385						1	
2860 9919 0	2860 3519 0	Climb-up Ladder 17385						1	
									
2858 3519 0	2858 9919 0	Climb-down Ladder 16680						1	
2859 3520 0	2859 9920 0	Climb-down Ladder 16680						1	
2860 3519 0	2860 9919 0	Climb-down Ladder 16680						1	
									
# Shayzien Lizard Canyon									
1475 3687 0	1470 3687 0	Climb Handholds 27362						6	
1470 3687 0	1475 3687 0	Climb Handholds 42009						6	
1460 3690 0	1456 3690 0	Climb Handholds 27362						6	
1456 3690 0	1460 3690 0	Climb Handholds 42009						6	
									
# Asgarnia Ice Dungeon									
3009 3150 0	3009 9550 0	Climb-down Trapdoor 1738						1	
3009 9550 0	3009 3150 0	Climb-up Ladder 17385						1	
									
3007 9550 0	3007 3150 0	Climb-up Ladder 17385						1	
3008 9549 0	3008 3149 0	Climb-up Ladder 17385						1	
3008 9551 0	3008 3151 0	Climb-up Ladder 17385						1	
									
3055 9562 0	3055 9555 0	Enter Ice Cavern 10596						1	
3056 9562 0	3056 9555 0	Enter Ice Cavern 10596						1	
3057 9562 0	3057 9555 0	Enter Ice Cavern 10596						1	
									
3055 9555 0	3055 9562 0	Enter Ice Cavern 10595						1	
3056 9555 0	3056 9562 0	Enter Ice Cavern 10595						1	
3057 9555 0	3057 9562 0	Enter Ice Cavern 10595						1	
									
3060 9555 0	3060 9557 0	Climb Steps 8729						1	
3060 9557 0	3060 9555 0	Climb Steps 8729						1	
									
# Abyss									
									
# there are multiple destination and one is picked at random when used									
3106 3559 0	 3035 4852 0	Teleport Mage of Zamorak 2581			Enter the Abyss				
									
3039 4805 0	3039 4800 0	Enter Passage 27054							
									
# The obsticals are randomly generated so it can be that you can pass through one of the passages but not the other, so we have to list them all out.									
# Todo: The destionation of the passages is not 100% confirmed, but atleast they point into the the second ring of the abyss.									
3039 4854 0	3039 4844 0	Go-through Passage 26250							
3029 4850 0	3033 4843 0	Go-through Passage 26250							
3021 4843 0	3039 4844 0	Go-through Passage 26250							
3018 4834 0	3039 4844 0	Go-through Passage 26250							
3018 4822 0	3039 4844 0	Go-through Passage 26250							
3030 4812 0	3039 4844 0	Go-through Passage 26250							
3042 4811 0	3039 4844 0	Go-through Passage 26250							
3050 4813 0	3039 4844 0	Go-through Passage 26250							
3058 4822 0	3039 4844 0	Go-through Passage 26250							
3061 4831 0	3052 4831 0	Go-through Passage 26250							
3059 4840 0	3039 4844 0	Go-through Passage 26250							
3050 4850 0	3039 4844 0	Go-through Passage 26250							
									
3034 4793 0	3221 3219 0	Operate Appendage 27027						4	
									
# Chaos Altar									
3044 4842 0	2269 4840 0	Exit-through Chaos rift 25382							
									
2259 4846 0	2259 4846 1	Climb-up Ladder 16683						1	
2259 4846 1	2259 4846 0	Climb-up Ladder 16683						1	
									
2275 4833 1	2275 4833 2	Climb-up Ladder 16683						1	
2275 4833 2	2275 4833 1	Climb-up Ladder 16683						1	
									
2255 4830 2	2255 4830 3	Climb-up Ladder 16683						1	
2255 4830 3	2255 4830 2	Climb-up Ladder 16683						1	
									
2281 4837 0	3056 3594 0	Use Portal 34757						1	
2275 4847 3	3060 3585 0	Use Portal 34757						1	
2273 4855 3	3066 3591 0	Use Portal 34757						1	
									
# Law Altar									
3049 4839 0	2464 4826 0	Exit-through Law rift 25382			Troll Stronghold				
2464 4818 0	2858 3378 0	Enter Portal 34755						1	
									
# Death Altar									
# todo: destination is estimated									
3050 4837 0	2209 4834 0	Exit-through Death rift 25382			Mourning's End Part II				
2208 4830 0	1860 4639 0	Enter Portal 34758						1	
									
# Water Altar									
3051 4833 0	2714 4838 0	Exit-through Water rift 25382							
2726 4832 0	3182 3162 0	Enter Portal 34750						1	
									
# Soul Altar									
# todo: verify if the destination is correct									
# todo: unlocks after using dark essence block/fragments on Kourend's Soul Altar									
3050 4829 0	1816 3856 0	Exit-through Soul rift 25382							
									
# Air Altar									
3047 4825 0	2846 4836 0	Exit-through Air rift 25382							
2842 4828 0	2983 3288 0	Enter Portal 34748						1	
									
# Mind Altar									
3044 4822 0	2784 4843 0	Exit-through Mind rift 25382							
2792 4827 0	2980 3511 0	Enter Portal 34749						1	
									
# Body Altar									
3039 4821 0	2520 4848 0	Exit-through Body rift 25382							
2521 4834 0	3050 3442 0	Enter Portal 34753						1	
									
# Earth Altar									
3031 4825 0	2660 4843 0	Exit-through Earth rift 25382							
2655 4830 0	3302 3477 0	Use Portal 34751						1	
									
# Fire Altar									
3029 4830 0	2587 4836 0	Exit-through Fire rift 25382							
2575 4849 0	3310 3252 0	Use Portal 34752						1	
									
# Blood Altar									
# todo: verify if the destination is correct									
# todo: can also access Kourend's Blood Altar by using dark essence block/fragments on rift after crafting blood runes on it									
3027 4834 0	3229 4834 0	Exit-through Blood rift 25382			Sins of the Father				
3240 4832 0	3559 9779 0	Use Portal 43478						1	
3224 4832 0	3559 9779 0	Use Portal 43478						1	
									
# Cosmic Altar									
3028 4837 0	2142 4836 0	Exit-through Cosmic rift 25382			Lost City				
2122 4833 0	2405 4381 0	Use Portal 34754						1	
2142 4853 0	2405 4381 0	Use Portal 34754						1	
2162 4833 0	2405 4381 0	Use Portal 34754						1	
2142 4813 0	2405 4381 0	Use Portal 34754						1	
									
# Nature Altar									
3035 4842 0	2400 4844 0	Exit-through Nature rift 25382							 
2400 4835 0	2865 3022 0	Use Portal 34756						1	
									
# Arzinian mine									
2824 10169 0	2615 4966 0	Talk-to Dondakan the Dwarf 4891		4567=1	Between a Rock...			4	

# Lumbridge Castle Basement Goblins									
3230 9609 0	3313 9613 0	Mines Kazgar 7301			The Lost Tribe			8	Mines
3230 9609 0	3245 9648 0	Watermill Kazgar 7301			Death to the Dorgeshuun			8	Watermill
3317 9612 0	3232 9610 0	Cellar Mistag 7299			The Lost Tribe			8	Cellar
3317 9612 0	3245 9648 0	Watermill Mistag 7299			Death to the Dorgeshuun			8	Watermill
3246 9646 0	3313 9613 0	Mines Dartog 7301			Death to the Dorgeshuun			8	Mines
3246 9646 0	3232 9610 0	Cellar Dartog 997			Death to the Dorgeshuun			8	Cellar

# Elemental Workshop									
2709 3495 0	2709 3496 0	Open Odd-looking wall		2887=1|4446=1				2	
2709 3496 0	2709 3495 0	Open Odd-looking wall		2887=1|4446=1				2	
2709 3498 0	2716 9888 0	Climb-down Staircase 3415						1	
2716 9888 0	2709 3497 0	Climb-up Staircase 3416						1	

# Piscatoris Falconry Area									
2371 3622 0	2371 3620 0	Climb-over Stile 19222						5	
2370 3621 0	2371 3620 0	Climb-over Stile 19222						5	
2372 3621 0	2371 3620 0	Climb-over Stile 19222						5	
2371 3619 0	2371 3621 0	Climb-over Stile 19222						5	
2370 3620 0	2371 3621 0	Climb-over Stile 19222						5	
2372 3620 0	2371 3621 0	Climb-over Stile 19222						5	

# Shadow Dungeon									
2547 3422 0	2630 5071 0	Climb-down Ladder 6560		4657=1|28329=1|28327=1	Desert Treasure I				
2546 3421 0	2630 5071 0	Climb-down Ladder 6560		4657=1|28329=1|28327=1	Desert Treasure I				
2548 3421 0	2630 5071 0	Climb-down Ladder 6560		4657=1|28329=1|28327=1	Desert Treasure I				
2547 3420 0	2630 5071 0	Climb-down Ladder 6560		4657=1|28329=1|28327=1	Desert Treasure I				
2629 5073 0	2547 3422 0	Climb-up Ladder 6450			Desert Treasure I				
2628 5072 0	2547 3422 0	Climb-up Ladder 6450			Desert Treasure I				
2630 5072 0	2547 3422 0	Climb-up Ladder 6450			Desert Treasure I				
2629 5071 0	2547 3422 0	Climb-up Ladder 6450			Desert Treasure I				

# Piscatoris Fishing Colony									
2344 3650 0	2344 3655 0	Enter Hole 12656			Swan Song				
2344 3655 0	2344 3650 0	Enter Hole 12656			Swan Song				
2344 3662 0	2344 3663 0	Open Colony gate			Swan Song			2	
2343 3662 0	2343 3663 0	Open Colony gate			Swan Song			2	
2344 3663 0	2344 3662 0	Open Colony gate			Swan Song			2	
2343 3663 0	2343 3662 0	Open Colony gate			Swan Song			2	

# Socerer's Tower									
2701 3407 0	2701 3407 1	Climb-up Ladder 16683							
2700 3408 0	2701 3407 1	Climb-up Ladder 16683							
2702 3408 0	2701 3407 1	Climb-up Ladder 16683							
2701 3407 1	2701 3407 0	Climb-down Ladder 16679							
2700 3408 1	2701 3407 0	Climb-down Ladder 16679							
2702 3408 1	2701 3407 0	Climb-down Ladder 16679							
2704 3404 1	2704 3404 2	Climb-up Ladder 16683							
2703 3403 1	2704 3404 2	Climb-up Ladder 16683							
2705 3403 1	2704 3404 2	Climb-up Ladder 16683							
2704 3402 1	2704 3404 2	Climb-up Ladder 16683							
2704 3404 2	2704 3404 1	Climb-down Ladder 16679							
2703 3403 2	2704 3404 1	Climb-down Ladder 16679							
2705 3403 2	2704 3404 1	Climb-down Ladder 16679							
2704 3402 2	2704 3404 1	Climb-down Ladder 16679							
2700 3405 2	2700 3405 3	Climb-up Ladder 16683							
2699 3406 2	2700 3405 3	Climb-up Ladder 16683							
2699 3404 2	2700 3405 3	Climb-up Ladder 16683							
2700 3405 3	2700 3405 2	Climb-down Ladder 16679							
2699 3406 3	2700 3405 2	Climb-down Ladder 16679							
2699 3404 3	2700 3405 2	Climb-down Ladder 16679							

# Cam Torum									
1435 3128 0	1439 9509 1	Pass-through Entrance 51375			Perilous Moons				
1436 3128 0	1439 9509 1	Pass-through Entrance 51375			Perilous Moons				
1439 9509 1	1435 3128 0	Pass-through Entrance 51375			Perilous Moons				
1440 9509 1	1435 3128 0	Pass-through Entrance 51375			Perilous Moons				

# Observatory Tower & Dungeon									
2457 3186 0	2355 9394 0	Climb-down Stairs 25432							
2458 3185 0	2355 9394 0	Climb-down Stairs 25432							
2355 9394 0	2458 3185 0	Climb-up Stairs 25429							
2335 9350 0	2439 3164 0	Climb-up Stairs 25429							
2439 3164 0	2335 9350 0	Climb-down Stairs 25434							
2438 3165 0	2335 9350 0	Climb-down Stairs 25434							
2438 3163 0	2335 9350 0	Climb-down Stairs 25434							
2444 3162 0	2442 3159 1	Climb-up Stairs 25431							
2442 3159 1	2444 3162 0	Climb-down Stairs 25437							
2443 3160 1	2444 3162 0	Climb-down Stairs 25437							
2443 3158 1	2444 3162 0	Climb-down Stairs 25437							

# Shilo Village Gem Mine									
2826 2998 0	2838 9387 0	Climb-down Ladder 23586				3598=1			
2825 2999 0	2838 9387 0	Climb-down Ladder 23586				3598=1			
2824 2998 0	2838 9387 0	Climb-down Ladder 23586				3598=1			
2825 2997 0	2838 9387 0	Climb-down Ladder 23586				3598=1			
2838 9387 0	2826 2998 0	Climb-up Ladder 23584				3598=1			
2839 9388 0	2826 2998 0	Climb-up Ladder 23584				3598=1			

# Corsair Cave Dungeon									
2523 2860 0	2012 9004 1	Enter Hole 31791							
2012 9004 1	2523 2860 0	Climb Vine ladder 31790							
2483 2889 0	1971 9035 1	Enter Cave 31766				6076=1			
2484 2889 0	1971 9035 1	Enter Cave 31766				6076=1			
1971 9035 1	2483 2889 0	Enter Cave 31806				6076=1			

# Myths' Guild									
2456 2862 0	2456 2860 0	Pass Magical Barrier 31616			Dragon Slayer II				
2457 2862 0	2457 2860 0	Pass Magical Barrier 31616			Dragon Slayer II				
2458 2862 0	2458 2860 0	Pass Magical Barrier 31616			Dragon Slayer II				
2456 2860 0	2456 2862 0	Pass Magical Barrier 31616			Dragon Slayer II				
2457 2860 0	2457 2862 0	Pass Magical Barrier 31616			Dragon Slayer II				
2458 2860 0	2458 2862 0	Pass Magical Barrier 31616			Dragon Slayer II				
1969 8987 1	1967 8987 1	Pass Magical Barrier 31617			Dragon Slayer II				
1969 8986 1	1967 8986 1	Pass Magical Barrier 31617			Dragon Slayer II				
1967 8987 1	1969 8987 1	Pass Magical Barrier 31617			Dragon Slayer II				
1967 8986 1	1969 8986 1	Pass Magical Barrier 31617			Dragon Slayer II				
2457 2849 0	1936 9009 1	Enter Mythic Statue 31626			Dragon Slayer II				
1936 9009 1	2457 2849 0	Climb-up Ladder 32205			Dragon Slayer II				
2457 2839 0	2458 2839 1	Climb-up Stairs 31627			Dragon Slayer II				
2455 2839 1	2457 2839 0	Climb-down Stairs 32206			Dragon Slayer II				
2456 2839 1	2457 2839 0	Climb-down Stairs 32206			Dragon Slayer II				
2458 2839 1	2457 2839 0	Climb-down Stairs 32206			Dragon Slayer II				
2459 2839 1	2457 2839 0	Climb-down Stairs 32206			Dragon Slayer II				
2449 2847 1	2452 2847 2	Climb-up Stairs 31609			Dragon Slayer II				
2452 2847 2	2449 2847 1	Climb-down Stairs 31610			Dragon Slayer II				

# Brimhaven House									
2808 3162 0	2808 3162 1	Climb-up Ladder 16683							
2809 3161 0	2808 3162 1	Climb-up Ladder 16683							
2808 3162 1	2808 3162 0	Climb-down Ladder 16670							
2809 3161 1	2808 3162 0	Climb-down Ladder 16670							

# Prifddinas' Gates									
## North									
2238 3386 0	3262 6135 0	Enter City Gate 36518			Song of the Elves			4	
2239 3386 0	3263 6135 0	Enter City Gate 36518			Song of the Elves			4	
2240 3386 0	3264 6135 0	Enter City Gate 36519			Song of the Elves			4	
2241 3386 0	3265 6135 0	Enter City Gate 36519			Song of the Elves			4	
3262 6135 0	2238 3386 0	Exit City Gate 36522			Song of the Elves			4	
3263 6135 0	2239 3386 0	Exit City Gate 36522			Song of the Elves			4	
3264 6135 0	2240 3386 0	Exit City Gate 36523			Song of the Elves			4	
3265 6135 0	2241 3386 0	Exit City Gate 36523			Song of the Elves			4	

## South									
2238 3269 0	3262 6024 0	Enter City Gate 36518			Song of the Elves			4	
2239 3269 0	3263 6024 0	Enter City Gate 36518			Song of the Elves			4	
2240 3269 0	3264 6024 0	Enter City Gate 36519			Song of the Elves			4	
2241 3269 0	3265 6024 0	Enter City Gate 36519			Song of the Elves			4	
3262 6024 0	2238 3269 0	Exit City Gate 36522			Song of the Elves			4	
3263 6024 0	2239 3269 0	Exit City Gate 36522			Song of the Elves			4	
3264 6024 0	2240 3269 0	Exit City Gate 36523			Song of the Elves			4	
3265 6024 0	2241 3269 0	Exit City Gate 36523			Song of the Elves			4	

## West									
2181 3326 0	3208 6078 0	Enter City Gate 36518			Song of the Elves			4	
2181 3327 0	3208 6079 0	Enter City Gate 36518			Song of the Elves			4	
2181 3328 0	3208 6080 0	Enter City Gate 36519			Song of the Elves			4	
2181 3329 0	3208 6081 0	Enter City Gate 36519			Song of the Elves			4	
3208 6078 0	2181 3326 0	Exit City Gate 36522			Song of the Elves			4	
3208 6079 0	2181 3327 0	Exit City Gate 36522			Song of the Elves			4	
3208 6080 0	2181 3328 0	Exit City Gate 36523			Song of the Elves			4	
3208 6081 0	2181 3329 0	Exit City Gate 36523			Song of the Elves			4	

## East									
2298 3326 0	3319 6078 0	Enter City Gate 36518			Song of the Elves			4	
2298 3327 0	3319 6079 0	Enter City Gate 36518			Song of the Elves			4	
2298 3328 0	3319 6080 0	Enter City Gate 36519			Song of the Elves			4	
2298 3329 0	3319 6081 0	Enter City Gate 36519			Song of the Elves			4	
3319 6078 0	2298 3326 0	Exit City Gate 36522			Song of the Elves			4	
3319 6079 0	2298 3327 0	Exit City Gate 36522			Song of the Elves			4	
3319 6080 0	2298 3328 0	Exit City Gate 36523			Song of the Elves			4	
3319 6081 0	2298 3329 0	Exit City Gate 36523			Song of the Elves			4	

# Ape Atoll Dungeon									
2763 9103 0	2763 2703 0	Climb-up Bamboo Ladder 4781							
2763 2703 0	2763 9103 0	Climb-down Bamboo Ladder 4780							
									
# Varrock Palace trellis									
3228 3470 0	3228 3472 0	Climb Trellis 2149			Garden of Tranquillity			2	
3228 3472 0	3228 3470 0	Climb Trellis 2149			Garden of Tranquillity			2	
									
# Aldarin									
1455 2968 0	1458 2968 1	Cross Gangplank 55332						3	
1458 2968 1	1455 2968 0	Cross Gangplank 55333						3	
									
# Sunset Coast									
1514 2971 0	1514 2968 1	Cross Gangplank 50736						3	
1514 2968 1	1514 2971 0	Cross Gangplank 50737						3	
									
# Civitas Illa Fortis									
1743 3136 0	1747 3136 1	Cross Gangplank 50734						3	
1747 3136 1	1743 3136 0	Cross Gangplank 50735						3	
									
# Prifddinas									
2157 3330 0	2157 3333 1	Cross Gangplank 34948						3	
2157 3333 1	2157 3330 0	Cross Gangplank 34949						3	
									
# Port Tyras									
2142 3122 0	2142 3125 1	Cross Gangplank 17408						3	
2142 3125 1	2142 3122 0	Cross Gangplank 17409						3	

# Port Khazard									
2674 3141 1	2674 3144 0	Cross Gangplank 17403						3	
2674 3144 0	2674 3141 1	Cross Gangplank 17402						3	

# Karamja Shipyard									
2998 3032 1	3001 3032 0	Cross Gangplank 17397						3	
3001 3032 0	2998 3032 1	Cross Gangplank 17396						3	

# Corsair Cove									
2591 2851 1	2589 2851 0	Cross Gangplank 31756						3	
2589 2851 0	2591 2851 1	Cross Gangplank 31756						3	

# Port Piscarilius									
1811 3679 1	1808 3679 0	Cross Gangplank 50064						3	
1808 3679 0	1811 3679 1	Cross Gangplank 50063						3	

# The Pandemonium									
3060 3000 1	3063 3000 0	Cross Gangplank 60523						3	
3063 3000 0	3060 3000 1	Cross Gangplank 60522						3	

# Lumber Yard Fence									
3308 3491 0	3308 3493 0	Climb-over Broken fence 2618						6	
3308 3493 0	3308 3491 0	Climb-over Broken fence 2618						6	
# Stairs and ladders derived from cache geometry (scripts/derive_stairs.py):
# rectangular-stairs end inference + ladder anchor landings, collision-validated.
1203 3118 2	1203 3118 1	Climb-down Ladder 52620						2			~geometry ~duration
1204 3119 0	1203 3118 1	Climb-up Ladder 52614						4	
1205 3118 1	1203 3118 2	Climb-up Ladder 52618						4	
1205 3118 1	1204 3119 0	Climb-down Ladder 52618						2			~geometry ~duration
1208 3302 0	1206 3302 1	Climb-up Ladder 52614						4	
1208 3302 1	1206 3302 0	Climb-down Ladder 52620						2			~geometry ~duration
1209 3109 0	1209 3109 1	Climb-up Ladder 52614						4	
1209 3109 1	1207 3109 0	Climb-down Ladder 52621						2			~geometry ~duration
1221 3114 0	1221 3117 1	Climb-up Staircase 54782						2			~geometry ~duration
1221 3117 1	1221 3114 0	Climb-down Staircase 54783						2			~geometry ~duration
1223 3755 0	1225 3755 1	Climb-up Rope ladder 34477						4	
1225 3755 1	1224 3755 0	Climb-down Rope ladder 34478						2			~geometry ~duration
1230 3114 0	1230 3117 1	Climb-up Staircase 54782						2			~geometry ~duration
1230 3117 1	1230 3114 0	Climb-down Staircase 54783						2			~geometry ~duration
1232 3755 1	1233 3755 0	Climb-down Rope ladder 34478						2			~geometry ~duration
1234 3755 0	1232 3755 1	Climb-up Rope ladder 34477						4	
1242 3108 0	1242 3108 1	Climb-up Ladder 52614						4	
1244 3108 1	1242 3108 0	Climb-down Ladder 52621						2			~geometry ~duration
1330 9368 0	1334 9368 1	Climb-up Staircase 56664						2			~geometry ~duration
1336 9363 1	1336 9359 2	Climb-up Staircase 56664						2			~geometry ~duration
1352 2948 1	1352 2951 0	Climb-down Staircase 54783						2			~geometry ~duration
1352 2951 0	1352 2948 1	Climb-up Staircase 54782						2			~geometry ~duration
1354 2967 1	1355 2966 0	Climb-down Ladder 52621						2			~geometry ~duration
1355 2950 1	1355 2953 2	Climb-up Staircase 54782						2			~geometry ~duration
1355 2953 2	1355 2950 1	Climb-down Staircase 54783						2			~geometry ~duration
1355 4238 1	1355 4237 0	Climb-down Ladder 49701						2			~geometry ~duration
1356 2967 0	1354 2967 1	Climb-up Ladder 52614						4	
1356 3035 1	1355 3035 0	Climb-down Staircase 52637						2			~geometry ~duration
1361 2921 0	1360 2920 1	Climb-up Ladder 52614						4	
1362 2920 1	1361 2919 0	Climb-down Ladder 52621						2			~geometry ~duration
1362 3038 2	1361 3037 1	Climb-down Ladder 52620						2			~geometry ~duration
1363 3037 1	1362 3038 2	Climb-up Ladder 52614						4	
1369 3357 0	1368 3358 1	Climb-up Ladder 52614						4	
1369 3357 1	1369 3357 0	Climb-down Ladder 52620						2			~geometry ~duration
1371 3046 0	1370 3045 1	Climb-up Ladder 52614						4	
1371 3046 1	1370 3047 0	Climb-down Ladder 52620						2			~geometry ~duration
1372 3037 0	1376 3037 1	Climb-up Staircase 52635						2			~geometry ~duration
1373 3037 1	1376 3037 0	Climb-down Staircase 52636						2			~geometry ~duration
1374 2865 0	1374 2869 1	Climb-up Staircase 52635						2			~geometry ~duration
1374 2924 0	1377 2924 1	Climb-up Staircase 54782						2			~geometry ~duration
1374 2930 0	1377 2930 1	Climb-up Staircase 54782						2			~geometry ~duration
1375 2867 1	1373 2867 0	Climb-down Staircase 52637						2			~geometry ~duration
1377 2924 1	1374 2924 0	Climb-down Staircase 54783						2			~geometry ~duration
1377 2930 1	1374 2930 0	Climb-down Staircase 54783						2			~geometry ~duration
1378 3055 1	1379 3056 0	Climb-down Staircase 52637						2			~geometry ~duration
1379 2857 1	1378 2856 0	Climb-down Staircase 52637						2			~geometry ~duration
1379 3354 1	1380 3353 0	Climb-down Ladder 52620						2			~geometry ~duration
1380 2951 2	1383 2951 1	Climb-down Staircase 54783						2			~geometry ~duration
1380 2955 2	1383 2955 1	Climb-down Staircase 54783						2			~geometry ~duration
1380 3353 0	1379 3354 1	Climb-up Ladder 52614						4	
1381 2953 0	1384 2953 1	Climb-up Staircase 54782						2			~geometry ~duration
1381 3357 0	1380 3358 1	Climb-up Ladder 56427						4	
1381 3357 1	1379 3357 0	Climb-down Ladder 56428						2			~geometry ~duration
1383 2951 1	1380 2951 2	Climb-up Staircase 54782						2			~geometry ~duration
1383 2955 1	1380 2955 2	Climb-up Staircase 54782						2			~geometry ~duration
1383 3827 1	1381 3827 2	Climb-up Ladder 33486						4	
1383 3827 2	1381 3827 1	Climb-down Ladder 33485						2			~geometry ~duration
1384 2871 1	1385 2872 0	Climb-down Staircase 52637						2			~geometry ~duration
1384 2919 1	1384 2922 0	Climb-down Staircase 54783						2			~geometry ~duration
1384 2922 0	1384 2919 1	Climb-up Staircase 54782						2			~geometry ~duration
1384 2953 1	1381 2953 0	Climb-down Staircase 54783						2			~geometry ~duration
1389 2915 2	1386 2915 1	Climb-down Staircase 52636						2			~geometry ~duration
1392 2852 0	1392 2856 1	Climb-up Staircase 52635						2			~geometry ~duration
1392 2855 1	1392 2852 0	Climb-down Staircase 52636						2			~geometry ~duration
1393 2919 1	1393 2922 0	Climb-down Staircase 54783						2			~geometry ~duration
1393 2922 0	1393 2919 1	Climb-up Staircase 54782						2			~geometry ~duration
1397 2896 0	1397 2896 1	Climb-up Ladder 52616						4	
1397 2896 1	1397 2896 0	Climb-down Ladder 52619						2			~geometry ~duration
1397 2896 1	1397 2896 2	Climb-up Ladder 52619						4	
1399 2896 2	1397 2896 1	Climb-down Ladder 52619						2			~geometry ~duration
1399 2896 2	1397 2896 3	Climb-up Ladder 52619						4	
1399 2896 3	1397 2896 2	Climb-down Ladder 52621						2			~geometry ~duration
1399 2970 1	1397 2970 2	Climb-up Ladder 52614						4	
1399 2970 2	1397 2970 1	Climb-down Ladder 52621						2			~geometry ~duration
1399 2972 0	1402 2972 1	Climb-up Staircase 54782						2			~geometry ~duration
1402 2972 1	1399 2972 0	Climb-down Staircase 54783						2			~geometry ~duration
1403 9551 1	1406 9551 2	Climb-up Stairs 51551						2			~geometry ~duration
1403 9572 1	1406 9572 2	Climb-up Stairs 51551						2			~geometry ~duration
1404 2942 0	1403 2941 1	Climb-up Ladder 52614						4	
1404 2942 1	1403 2941 0	Climb-down Ladder 52621						2			~geometry ~duration
1406 9551 2	1403 9551 1	Climb-down Stairs 51554						2			~geometry ~duration
1406 9572 2	1405 9571 1	Climb-down Stairs 51554						2			~geometry ~duration
1409 9553 1	1408 9552 0	Climb-down Stairs 51556						2			~geometry ~duration
1409 9556 1	1412 9556 2	Climb-up Stairs 51551						2			~geometry ~duration
1409 9569 1	1409 9572 2	Climb-up Stairs 51551						2			~geometry ~duration
1410 9571 2	1409 9569 1	Climb-down Stairs 51554						2			~geometry ~duration
1411 2970 0	1410 2969 1	Climb-up Ladder 52614						4	
1411 2970 1	1409 2970 0	Climb-down Ladder 52621						2			~geometry ~duration
1412 9556 2	1411 9555 1	Climb-down Stairs 51554						2			~geometry ~duration
1412 9572 1	1411 9571 0	Climb-down Stairs 51556						2			~geometry ~duration
1412 9572 1	1412 9572 0	Climb-down Stairs 51556						2			~geometry ~duration
1413 3342 0	1413 3342 1	Climb-up Ladder 52614						4	
1413 3342 1	1413 3342 0	Climb-down Ladder 52620						2			~geometry ~duration
1415 3353 1	1415 3353 2	Climb-up Ladder 52618						4	
1417 3353 2	1415 3353 1	Climb-down Ladder 52618						2			~geometry ~duration
1417 3353 2	1415 3353 3	Climb-up Ladder 52618						4	
1417 3353 3	1415 3353 2	Climb-down Ladder 52620						2			~geometry ~duration
1418 3179 0	1417 3178 1	Climb-up Ladder 52616						4	
1418 3179 1	1417 3178 0	Climb-down Ladder 52620						2			~geometry ~duration
1420 2981 0	1419 2980 1	Climb-up Ladder 52614						4	
1420 2981 1	1418 2981 0	Climb-down Ladder 52620						2			~geometry ~duration
1421 3379 1	1421 3379 0	Climb-down Ladder 52620						2			~geometry ~duration
1421 3381 0	1421 3379 1	Climb-up Ladder 52614						4	
1421 9553 1	1424 9553 2	Climb-up Stairs 51551						2			~geometry ~duration
1423 9558 1	1422 9559 0	Climb-down Stairs 51556						2			~geometry ~duration
1424 9553 2	1423 9554 1	Climb-down Stairs 51554						2			~geometry ~duration
1425 9584 1	1425 9587 2	Climb-up Stairs 51551						2			~geometry ~duration
1426 9586 2	1426 9586 1	Climb-down Stairs 51554						2			~geometry ~duration
1428 3798 1	1428 3798 0	Climb Metal ladder 28540						2			~geometry ~duration
1429 3799 0	1428 3798 1	Climb Metal ladder 28539						4	
1429 9569 0	1429 9572 1	Climb-up Stairs 51555						2			~geometry ~duration
1430 9590 1	1431 9588 0	Climb-down Stairs 51556						2			~geometry ~duration
1431 2960 0	1429 2960 1	Climb-up Ladder 52614						4	
1431 2960 1	1430 2959 0	Climb-down Ladder 52621						2			~geometry ~duration
1431 2974 1	1431 2974 0	Climb-down Ladder 52621						2			~geometry ~duration
1433 2974 0	1431 2974 1	Climb-up Ladder 52614						4	
1437 3180 1	1437 3183 0	Climb-down Staircase 52640						2			~geometry ~duration
1441 3190 0	1441 3190 1	Climb-up Ladder 52616						4	
1441 3190 1	1439 3190 0	Climb-down Ladder 52620						2			~geometry ~duration
1441 3191 1	1440 3190 2	Climb-up Ladder 52616						4	
1441 3191 2	1441 3191 1	Climb-down Ladder 52620						2			~geometry ~duration
1442 2934 0	1442 2937 1	Climb-up Staircase 54713						2			~geometry ~duration
1442 2937 1	1442 2934 0	Climb-down Staircase 54714						2			~geometry ~duration
1442 3782 0	1440 3782 1	Climb Metal ladder 28539						4	
1442 3782 1	1440 3782 0	Climb Metal ladder 28540						2			~geometry ~duration
1443 3350 1	1443 3353 0	Climb-down Staircase 54783						2			~geometry ~duration
1443 3353 0	1443 3350 1	Climb-up Staircase 54782						2			~geometry ~duration
1444 3180 1	1444 3183 0	Climb-down Staircase 52640						2			~geometry ~duration
1445 2937 1	1445 2940 2	Climb-up Staircase 54713						2			~geometry ~duration
1445 2940 2	1445 2937 1	Climb-down Staircase 54714						2			~geometry ~duration
1446 2976 1	1446 2974 2	Climb-up Ship's ladder 245						4	
1447 2975 2	1446 2974 1	Climb-down Ship's ladder 246						2			~geometry ~duration
1447 2975 2	1448 2974 1	Climb-down Ship's ladder 246						2			~geometry ~duration
1448 2976 1	1447 2975 2	Climb-up Ship's ladder 245						4	
1448 9590 1	1446 9588 0	Climb-down Stairs 51556						2			~geometry ~duration
1449 9590 1	1450 9588 0	Climb-down Stairs 51556						2			~geometry ~duration
1452 3184 2	1451 3185 1	Climb-down Ladder 52620						2			~geometry ~duration
1452 9554 0	1455 9554 1	Climb-up Stairs 51555						2			~geometry ~duration
1452 9557 0	1455 9557 1	Climb-up Stairs 51555						2			~geometry ~duration
1453 3185 1	1452 3184 2	Climb-up Ladder 52616						4	
1453 3746 0	1452 3745 1	Climb Metal ladder 28539						4	
1453 3746 1	1452 3745 0	Climb Metal ladder 28540						2			~geometry ~duration
1454 9553 2	1455 9554 1	Climb-down Stairs 51554						2			~geometry ~duration
1454 9558 2	1455 9557 1	Climb-down Stairs 51554						2			~geometry ~duration
1457 9553 1	1454 9553 2	Climb-up Stairs 51551						2			~geometry ~duration
1457 9558 1	1454 9558 2	Climb-up Stairs 51551						2			~geometry ~duration
1458 3194 0	1457 3195 1	Climb-up Ladder 52616						4	
1458 9555 1	1457 9554 0	Climb-down Stairs 51556						2			~geometry ~duration
1458 9556 1	1457 9557 0	Climb-down Stairs 51556						2			~geometry ~duration
1459 3195 1	1458 3194 0	Climb-down Ladder 52620						2			~geometry ~duration
1462 3760 0	1462 3760 1	Climb Metal ladder 28539						4	
1462 3760 1	1462 3760 0	Climb Metal ladder 28540						2			~geometry ~duration
1466 9572 1	1469 9572 2	Climb-up Stairs 51551						2			~geometry ~duration
1469 9555 2	1469 9555 1	Climb-down Stairs 51554						2			~geometry ~duration
1469 9572 2	1466 9572 1	Climb-down Stairs 51554						2			~geometry ~duration
1470 9553 1	1470 9553 0	Climb-down Stairs 51556						2			~geometry ~duration
1470 9553 1	1470 9556 2	Climb-up Stairs 51551						2			~geometry ~duration
1470 9570 1	1470 9570 0	Climb-down Stairs 56476						2			~geometry ~duration
1473 9552 1	1473 9555 2	Climb-up Stairs 51551						2			~geometry ~duration
1474 9554 2	1473 9552 1	Climb-down Stairs 51554						2			~geometry ~duration
1475 9572 1	1478 9572 2	Climb-up Stairs 51551						2			~geometry ~duration
1478 9572 2	1477 9571 1	Climb-down Stairs 51554						2			~geometry ~duration
1479 4240 1	1479 4239 0	Climb-down Ladder 49701						2			~geometry ~duration
1480 9950 1	1479 9949 2	Climb-up Ladder 32396						4	
1480 9950 2	1479 9949 1	Climb-down Ladder 32395						2			~geometry ~duration
1482 3633 0	1482 3633 1	Climb-up Ladder 42207						4	
1482 3633 1	1482 3633 0	Climb-down Ladder 42208						2			~geometry ~duration
1483 3593 0	1482 3592 1	Climb-up Ladder 42207						4	
1483 3593 1	1481 3593 0	Climb-down Ladder 42208						2			~geometry ~duration
1483 9934 3	1484 9933 2	Climb-down Ladder 32399						2			~geometry ~duration
1484 3869 0	1482 3869 1	Climb-up Ladder 53248						4	
1484 3869 1	1482 3869 0	Climb-down Ladder 53249						2			~geometry ~duration
1484 9933 2	1483 9932 3	Climb-up Ladder 32400						4	
1486 4283 1	1486 4282 0	Climb-down Ladder 49701						2			~geometry ~duration
1489 2989 1	1489 2987 2	Climb-up Ship's ladder 245						4	
1490 2988 2	1489 2987 1	Climb-down Ship's ladder 246						2			~geometry ~duration
1490 2988 2	1491 2987 1	Climb-down Ship's ladder 246						2			~geometry ~duration
1490 3856 0	1490 3858 1	Climb-up Ladder 53248						4	
1490 3858 1	1490 3856 0	Climb-down Ladder 53249						2			~geometry ~duration
1491 2989 1	1490 2988 2	Climb-up Ship's ladder 245						4	
1491 3856 0	1491 3858 1	Climb-up Ladder 53248						4	
1491 3858 1	1491 3856 0	Climb-down Ladder 53249						2			~geometry ~duration
1493 9979 1	1498 9979 2	Climb-up Staircase 32393						2			~geometry ~duration
1496 3255 1	1496 3255 0	Climb-down Ladder 52620						2			~geometry ~duration
1496 3622 2	1497 3623 1	Climb-down Ladder 42042						2			~geometry ~duration
1497 3621 0	1496 3623 1	Climb-up Ladder 42043						4	
1497 3623 1	1496 3622 2	Climb-up Ladder 42043						4	
1498 3255 0	1496 3255 1	Climb-up Ladder 52614						4	
1499 4283 1	1499 4282 0	Climb-down Ladder 49701						2			~geometry ~duration
1502 3770 0	1501 3769 1	Climb Metal ladder 28539						4	
1502 3770 1	1500 3770 0	Climb Metal ladder 28540						2			~geometry ~duration
1503 3220 1	1500 3220 0	Climb-down Staircase 52636						2			~geometry ~duration
1504 3625 2	1505 3626 1	Climb-down Ladder 42042						2			~geometry ~duration
1505 3624 0	1504 3626 1	Climb-up Ladder 42043						4	
1505 3626 1	1504 3625 2	Climb-up Ladder 42043						4	
1511 3770 1	1511 3770 0	Climb Metal ladder 28540						2			~geometry ~duration
1513 2981 2	1513 2984 1	Climb-down Staircase 51855						2			~geometry ~duration
1513 2985 1	1513 2981 2	Climb-up Staircase 51854						2			~geometry ~duration
1513 3770 0	1511 3770 1	Climb Metal ladder 28539						4	
1514 9979 1	1509 9979 2	Climb-up Staircase 32393						2			~geometry ~duration
1516 2981 3	1514 2981 2	Climb-down Staircase 51856						2			~geometry ~duration
1517 3221 0	1517 3221 1	Climb-up Ladder 52614						4	
1517 3231 0	1515 3231 1	Climb-up Ladder 52614						4	
1517 3231 1	1515 3231 0	Climb-down Ladder 52621						2			~geometry ~duration
1519 3221 1	1517 3221 0	Climb-down Ladder 52621						2			~geometry ~duration
1519 3836 0	1517 3836 1	Climb Metal ladder 28539						4	
1519 3836 1	1517 3836 0	Climb Metal ladder 28540						2			~geometry ~duration
1523 3563 2	1527 3563 1	Climb Stairs 27202						2			~geometry ~duration
1523 9967 2	1524 9966 3	Climb-up Ladder 32398						4	
1524 9968 3	1523 9967 2	Climb-down Ladder 32397						2			~geometry ~duration
1527 9950 1	1527 9950 2	Climb-up Ladder 32396						4	
1527 9950 2	1527 9950 1	Climb-down Ladder 32395						2			~geometry ~duration
1530 4236 1	1529 4236 0	Climb-down Ladder 49701						2			~geometry ~duration
1530 4253 1	1529 4253 0	Climb-down Ladder 49701						2			~geometry ~duration
1535 3720 1	1535 3720 0	Climb Metal ladder 28540						2			~geometry ~duration
1537 3720 0	1535 3720 1	Climb Metal ladder 28539						4	
1544 9549 0	1548 9549 1	Climb-up Stairs 39069						2			~geometry ~duration
1544 9551 0	1548 9551 1	Climb-up Stairs 39069						2			~geometry ~duration
1545 3780 1	1545 3780 0	Climb Metal ladder 28540						2			~geometry ~duration
1547 3780 0	1545 3780 1	Climb Metal ladder 28539						4	
1555 9577 1	1551 9577 2	Climb-up Stairs 39069						2			~geometry ~duration
1555 9579 1	1551 9579 2	Climb-up Stairs 39069						2			~geometry ~duration
1556 3748 0	1555 3747 1	Climb Metal ladder 28539						4	
1556 3748 1	1554 3748 0	Climb Metal ladder 28540						2			~geometry ~duration
1556 3794 0	1556 3794 1	Climb Metal ladder 28539						4	
1556 3794 1	1556 3794 0	Climb Metal ladder 28540						2			~geometry ~duration
1557 3786 1	1557 3786 0	Climb Metal ladder 28540						2			~geometry ~duration
1557 9591 1	1557 9587 2	Climb-up Stairs 39069						2			~geometry ~duration
1558 3736 0	1557 3737 1	Climb Metal ladder 28539						4	
1558 3736 1	1557 3735 0	Climb Metal ladder 28540						2			~geometry ~duration
1559 3786 0	1557 3786 1	Climb Metal ladder 28539						4	
1559 9591 1	1559 9587 2	Climb-up Stairs 39069						2			~geometry ~duration
1560 2958 0	1558 2958 1	Climb-up Ladder 52614						4	
1560 2958 1	1559 2959 0	Climb-down Ladder 52621						2			~geometry ~duration
1565 3483 0	1567 3483 1	Climb-up Rope ladder 28857						4	
1565 3493 0	1567 3493 1	Climb-up Rope ladder 28857						4	
1567 3483 1	1566 3483 0	Climb-down Rope ladder 28858						2			~geometry ~duration
1567 3493 1	1566 3493 0	Climb-down Rope ladder 28858						2			~geometry ~duration
1567 9544 0	1567 9548 1	Climb-up Stairs 39069						2			~geometry ~duration
1567 9563 0	1567 9559 1	Climb-up Stairs 39069						2			~geometry ~duration
1567 9572 0	1567 9576 1	Climb-up Stairs 39069						2			~geometry ~duration
1569 9544 0	1569 9548 1	Climb-up Stairs 39069						2			~geometry ~duration
1569 9563 0	1569 9559 1	Climb-up Stairs 39069						2			~geometry ~duration
1569 9572 0	1569 9576 1	Climb-up Stairs 39069						2			~geometry ~duration
1571 3717 1	1571 3717 0	Climb Metal ladder 28540						2			~geometry ~duration
1572 3757 1	1572 3757 0	Climb Metal ladder 28540						2			~geometry ~duration
1572 9567 0	1576 9567 1	Climb-up Stairs 39069						2			~geometry ~duration
1572 9569 0	1576 9569 1	Climb-up Stairs 39069						2			~geometry ~duration
1573 3717 0	1571 3717 1	Climb Metal ladder 28539						4	
1574 3483 1	1575 3483 0	Climb-down Rope ladder 28858						2			~geometry ~duration
1574 3493 1	1575 3493 0	Climb-down Rope ladder 28858						2			~geometry ~duration
1574 3757 0	1572 3757 1	Climb Metal ladder 28539						4	
1576 3483 0	1574 3483 1	Climb-up Rope ladder 28857						4	
1576 3493 0	1574 3493 1	Climb-up Rope ladder 28857						4	
1577 9555 1	1577 9551 2	Climb-up Stairs 39069						2			~geometry ~duration
1577 9580 1	1577 9584 2	Climb-up Stairs 39069						2			~geometry ~duration
1579 9555 1	1579 9551 2	Climb-up Stairs 39069						2			~geometry ~duration
1579 9580 1	1579 9584 2	Climb-up Stairs 39069						2			~geometry ~duration
1581 3139 0	1581 3143 1	Climb-up Staircase 52635						2			~geometry ~duration
1581 3142 1	1581 3139 0	Climb-down Staircase 52636						2			~geometry ~duration
1583 3819 0	1587 3819 1	Climb Stairs 33574						2			~geometry ~duration
1583 3821 0	1587 3821 1	Climb Stairs 33575						2			~geometry ~duration
1583 9593 0	1579 9593 1	Climb-up Stairs 39069						2			~geometry ~duration
1583 9595 0	1579 9595 1	Climb-up Stairs 39069						2			~geometry ~duration
1584 3126 0	1584 3130 1	Climb-up Staircase 52635						2			~geometry ~duration
1584 3129 1	1584 3126 0	Climb-down Staircase 52636						2			~geometry ~duration
1585 3819 1	1580 3819 0	Climb Stairs 33576						2			~geometry ~duration
1585 3821 1	1580 3821 0	Climb Stairs 33577						2			~geometry ~duration
1585 9555 1	1585 9551 2	Climb-up Stairs 39069						2			~geometry ~duration
1587 9555 1	1587 9551 2	Climb-up Stairs 39069						2			~geometry ~duration
1591 3530 3	1591 3530 2	Climb-down Staircase 11890						2			~geometry ~duration
1591 9559 0	1587 9559 1	Climb-up Stairs 39069						2			~geometry ~duration
1591 9561 0	1587 9561 1	Climb-up Stairs 39069						2			~geometry ~duration
1593 3103 0	1591 3103 1	Climb-up Ladder 52614						4	
1593 3103 1	1591 3103 0	Climb-down Ladder 52620						2			~geometry ~duration
1603 3097 0	1602 3096 1	Climb-up Ladder 52614						4	
1603 3097 1	1601 3097 0	Climb-down Ladder 52620						2			~geometry ~duration
1607 5598 2	1607 5600 1	Climb-down Ship's ladder 246						2			~geometry ~duration
1608 5599 1	1607 5598 2	Climb-up Ship's ladder 245						4	
1608 5727 1	1609 5726 2	Climb-up Ship's ladder 245						4	
1609 5606 1	1608 5605 0	Climb-down Ship's ladder 273						2			~geometry ~duration
1610 5599 1	1611 5598 2	Climb-up Ship's ladder 245						4	
1610 5605 0	1609 5604 1	Climb-up Ship's ladder 272						4	
1610 5727 1	1611 5726 2	Climb-up Ship's ladder 245						4	
1610 5733 0	1608 5733 1	Climb-up Ship's ladder 272						4	
1610 5733 1	1608 5733 0	Climb-down Ship's ladder 273						2			~geometry ~duration
1611 5598 2	1610 5599 1	Climb-down Ship's ladder 246						2			~geometry ~duration
1611 5726 2	1610 5727 1	Climb-down Ship's ladder 246						2			~geometry ~duration
1613 3173 0	1611 3173 1	Climb-up Ladder 52614						4	
1613 3173 1	1612 3174 0	Climb-down Ladder 52620						2			~geometry ~duration
1613 3699 1	1612 3700 0	Climb-down Ladder 11802						2			~geometry ~duration
1614 3646 0	1613 3647 1	Climb-up Ladder 11794						4	
1614 3646 1	1613 3645 0	Climb-down Ladder 11802						2			~geometry ~duration
1614 3650 1	1613 3649 2	Climb-up Ladder 11794						4	
1614 3650 2	1613 3649 1	Climb-down Ladder 11802						2			~geometry ~duration
1614 3696 1	1614 3696 2	Climb-up Ladder 11794						4	
1614 3700 0	1613 3699 1	Climb-up Ladder 11794						4	
1615 3687 2	1615 3687 1	Climb-down Staircase 12538						2			~geometry ~duration
1615 5540 2	1615 5542 1	Climb-down Ship's ladder 246						2			~geometry ~duration
1616 3696 2	1614 3696 1	Climb-down Ladder 11802						2			~geometry ~duration
1616 5541 1	1615 5540 2	Climb-up Ship's ladder 245						4	
1617 5548 1	1616 5547 0	Climb-down Ship's ladder 273						2			~geometry ~duration
1618 3301 1	1618 3301 0	Climb-down Ladder 52621						2			~geometry ~duration
1618 3659 2	1617 3660 1	Climb-down Staircase 12538						2			~geometry ~duration
1618 5541 1	1619 5540 2	Climb-up Ship's ladder 245						4	
1618 5547 0	1617 5546 1	Climb-up Ship's ladder 272						4	
1618 5669 1	1617 5670 2	Climb-up Ship's ladder 245						4	
1618 5669 2	1617 5670 1	Climb-down Ship's ladder 246						2			~geometry ~duration
1619 3301 2	1620 3300 1	Climb-down Ladder 52621						2			~geometry ~duration
1619 5540 2	1618 5541 1	Climb-down Ship's ladder 246						2			~geometry ~duration
1620 3301 0	1618 3301 1	Climb-up Ladder 52614						4	
1620 5669 1	1620 5669 2	Climb-up Ship's ladder 245						4	
1620 5669 2	1620 5669 1	Climb-down Ship's ladder 246						2			~geometry ~duration
1621 3301 1	1619 3301 2	Climb-up Ladder 52614						4	
1623 3165 0	1623 3165 1	Climb-up Ladder 52614						4	
1623 3165 1	1623 3165 0	Climb-down Ladder 52620						2			~geometry ~duration
1627 5706 2	1628 5706 1	Climb Stairs 16945						2			~geometry ~duration
1627 5706 2	1628 5706 3	Climb Stairs 16945						2			~geometry ~duration
1628 5681 0	1626 5681 1	Climb-up Ship's ladder 272						4	
1628 5681 1	1626 5681 0	Climb-down Ship's ladder 273						2			~geometry ~duration
1629 3743 1	1629 3738 0	Climb Stairs 27856						2			~geometry ~duration
1630 3300 1	1630 3300 0	Climb-down Ladder 52621						2			~geometry ~duration
1631 3116 0	1635 3116 1	Climb-up Staircase 52635						2			~geometry ~duration
1631 3743 1	1631 3738 0	Climb Stairs 27855						2			~geometry ~duration
1632 3300 0	1630 3300 1	Climb-up Ladder 52614						4	
1634 3116 1	1631 3116 0	Climb-down Staircase 52636						2			~geometry ~duration
1635 3118 1	1638 3118 0	Climb-down Staircase 52636						2			~geometry ~duration
1638 3056 0	1639 3055 1	Climb-up Ladder 52614						4	
1638 3118 0	1634 3118 1	Climb-up Staircase 52635						2			~geometry ~duration
1639 2927 0	1639 2927 1	Climb-up Ladder 52614						4	
1639 2927 1	1637 2927 0	Climb-down Ladder 52621						2			~geometry ~duration
1640 3056 1	1638 3056 0	Climb-down Ladder 52620						2			~geometry ~duration
1640 3099 0	1640 3095 1	Climb-up Staircase 52012						2			~geometry ~duration
1640 5660 0	1640 5660 1	Climb-up Rope ladder 32321						4	
1644 9493 0	1640 9493 1	Climb-up Staircase 56511						2			~geometry ~duration
1646 3285 1	1646 3285 0	Climb-down Ladder 52621						2			~geometry ~duration
1646 3286 1	1646 3286 2	Climb-up Ladder 52614						4	
1646 3286 2	1646 3286 1	Climb-down Ladder 52621						2			~geometry ~duration
1646 3623 1	1647 3622 0	Climb-down Ladder 11802						2			~geometry ~duration
1647 3624 0	1646 3623 1	Climb-up Ladder 11794						4	
1648 3285 0	1646 3285 1	Climb-up Ladder 52614						4	
1649 5650 2	1649 5652 1	Climb-down Ship's ladder 246						2			~geometry ~duration
1650 5343 1	1650 5346 0	Climb-down Stairs 25340						2			~geometry ~duration
1650 5346 0	1650 5343 1	Climb-up Stairs 25339						2			~geometry ~duration
1650 5585 2	1651 5585 1	Climb Stairs 16945						2			~geometry ~duration
1650 5585 2	1652 5585 3	Climb Stairs 16945						2			~geometry ~duration
1650 5651 1	1649 5650 2	Climb-up Ship's ladder 245						4	
1652 5525 2	1652 5527 1	Climb-down Ship's ladder 246						2			~geometry ~duration
1652 5651 1	1653 5650 2	Climb-up Ship's ladder 245						4	
1653 5526 1	1652 5525 2	Climb-up Ship's ladder 245						4	
1653 5650 2	1652 5651 1	Climb-down Ship's ladder 246						2			~geometry ~duration
1654 5533 1	1653 5532 0	Climb-down Ship's ladder 273						2			~geometry ~duration
1655 5526 1	1656 5525 2	Climb-up Ship's ladder 245						4	
1655 5532 0	1654 5531 1	Climb-up Ship's ladder 272						4	
1656 3043 0	1655 3044 1	Climb-up Ladder 52616						4	
1656 3043 1	1654 3043 2	Climb-up Ladder 52619						4	
1656 3043 1	1655 3044 0	Climb-down Ladder 52619						2			~geometry ~duration
1656 3043 2	1655 3044 1	Climb-down Ladder 52621						2			~geometry ~duration
1656 3138 1	1656 3141 0	Climb-down Staircase 52636						2			~geometry ~duration
1656 3141 0	1656 3137 1	Climb-up Staircase 52635						2			~geometry ~duration
1656 5525 2	1655 5526 1	Climb-down Ship's ladder 246						2			~geometry ~duration
1658 3084 0	1658 3084 1	Climb-up Ladder 52614						4	
1658 3084 1	1656 3084 0	Climb-down Ladder 52618						2			~geometry ~duration
1658 3084 1	1658 3084 2	Climb-up Ladder 52618						4	
1658 3084 2	1658 3084 1	Climb-down Ladder 52620						2			~geometry ~duration
1659 3065 1	1659 3065 0	Climb-down Ladder 52620						2			~geometry ~duration
1659 3067 0	1659 3065 1	Climb-up Ladder 52614						4	
1660 5688 1	1658 5688 2	Climb-up Ship's ladder 245						4	
1660 5688 2	1659 5689 1	Climb-down Ship's ladder 246						2			~geometry ~duration
1660 5692 1	1659 5691 2	Climb-up Ship's ladder 245						4	
1660 5692 2	1659 5691 1	Climb-down Ship's ladder 246						2			~geometry ~duration
1661 3102 0	1659 3102 1	Climb-up Ladder 52614						4	
1661 3102 1	1659 3102 0	Climb-down Ladder 52620						2			~geometry ~duration
1662 3121 0	1660 3121 1	Climb-up Ladder 52614						4	
1662 3121 1	1660 3121 0	Climb-down Ladder 52620						2			~geometry ~duration
1662 3150 1	1659 3150 0	Climb-down Staircase 52636						2			~geometry ~duration
1663 3150 0	1659 3150 1	Climb-up Staircase 52635						2			~geometry ~duration
1667 5698 1	1667 5698 0	Climb-down Ship's ladder 273						2			~geometry ~duration
1668 3059 0	1668 3063 1	Climb-up Staircase 52635						2			~geometry ~duration
1668 3062 1	1668 3059 0	Climb-down Staircase 52636						2			~geometry ~duration
1668 3092 0	1668 3088 1	Climb-up Staircase 52012						2			~geometry ~duration
1668 3124 1	1671 3124 0	Climb-down Staircase 52636						2			~geometry ~duration
1669 5698 0	1667 5698 1	Climb-up Ship's ladder 272						4	
1670 3165 1	1674 3165 0	Climb-down Staircase 52627						2			~geometry ~duration
1670 5536 2	1670 5538 1	Climb-down Ship's ladder 246						2			~geometry ~duration
1671 3124 0	1667 3124 1	Climb-up Staircase 52635						2			~geometry ~duration
1671 5537 1	1670 5536 2	Climb-up Ship's ladder 245						4	
1671 5665 1	1670 5664 2	Climb-up Ship's ladder 245						4	
1671 5665 2	1670 5666 1	Climb-down Ship's ladder 246						2			~geometry ~duration
1672 3081 1	1673 3082 0	Climb-down Staircase 52637						2			~geometry ~duration
1672 3084 1	1672 3084 2	Climb-up Ladder 52614						4	
1672 3100 1	1675 3100 0	Climb-down Staircase 52636						2			~geometry ~duration
1672 3113 1	1675 3113 0	Climb-down Staircase 52636						2			~geometry ~duration
1672 3167 1	1672 3171 2	Climb-up Staircase 52626						2			~geometry ~duration
1672 3171 2	1672 3167 1	Climb-down Staircase 52627						2			~geometry ~duration
1672 3598 1	1673 3597 0	Climb-down Ladder 11802						2			~geometry ~duration
1672 3679 0	1672 3683 1	Climb-up Staircase 11796						2			~geometry ~duration
1672 5544 1	1671 5543 0	Climb-down Ship's ladder 273						2			~geometry ~duration
1672 9687 0	1672 9683 1	Climb-up Staircase 56518						2			~geometry ~duration
1673 5537 1	1674 5536 2	Climb-up Ship's ladder 245						4	
1673 5543 0	1672 5542 1	Climb-up Ship's ladder 272						4	
1673 5665 1	1673 5665 2	Climb-up Ship's ladder 245						4	
1673 5665 2	1673 5665 1	Climb-down Ship's ladder 246						2			~geometry ~duration
1674 3084 2	1672 3084 1	Climb-down Ladder 52620						2			~geometry ~duration
1674 3165 0	1670 3165 1	Climb-up Staircase 52626						2			~geometry ~duration
1674 3598 0	1672 3598 1	Climb-up Ladder 11794						4	
1674 3690 0	1674 3686 1	Climb-up Staircase 11796						2			~geometry ~duration
1674 5536 2	1673 5537 1	Climb-down Ship's ladder 246						2			~geometry ~duration
1674 5710 0	1673 5709 1	Climb-up Rope ladder 32322						4	
1676 3664 0	1672 3664 1	Climb-up Staircase 11796						2			~geometry ~duration
1676 6132 1	1675 6131 0	Climb-down Staircase 16673						2			~geometry ~duration
1677 3664 0	1681 3664 1	Climb-up Staircase 11796						2			~geometry ~duration
1680 12528 0	1681 12528 1	Climb-up Ladder 37943						4	
1682 5547 2	1682 5549 1	Climb-down Ship's ladder 246						2			~geometry ~duration
1683 5548 1	1682 5547 2	Climb-up Ship's ladder 245						4	
1684 5555 1	1683 5554 0	Climb-down Ship's ladder 273						2			~geometry ~duration
1685 5548 1	1686 5547 2	Climb-up Ship's ladder 245						4	
1685 5554 0	1684 5553 1	Climb-up Ship's ladder 272						4	
1686 5547 2	1685 5548 1	Climb-down Ship's ladder 246						2			~geometry ~duration
1686 6113 2	1685 6114 1	Climb-down Staircase 16673						2			~geometry ~duration
1687 3165 0	1691 3165 1	Climb-up Staircase 52626						2			~geometry ~duration
1689 3100 1	1686 3100 0	Climb-down Staircase 52636						2			~geometry ~duration
1689 3113 1	1686 3113 0	Climb-down Staircase 52636						2			~geometry ~duration
1690 3130 2	1690 3133 1	Climb-down Staircase 52636						2			~geometry ~duration
1690 3133 1	1690 3129 2	Climb-up Staircase 52635						2			~geometry ~duration
1690 3167 1	1690 3171 2	Climb-up Staircase 52626						2			~geometry ~duration
1690 3171 2	1690 3167 1	Climb-down Staircase 52627						2			~geometry ~duration
1690 3668 1	1690 3668 2	Climb-up Ladder 11801						4	
1690 3678 1	1690 3676 2	Climb-up Ladder 11801						4	
1691 3165 1	1687 3165 0	Climb-down Staircase 52627						2			~geometry ~duration
1691 3668 1	1691 3668 0	Climb-down Ladder 11802						2			~geometry ~duration
1691 3669 2	1690 3668 1	Climb-down Ladder 11802						2			~geometry ~duration
1691 3670 0	1691 3668 1	Climb-up Ladder 11801						4	
1691 3677 2	1690 3678 1	Climb-down Ladder 11802						2			~geometry ~duration
1691 3678 0	1691 3678 1	Climb-up Ladder 11801						4	
1691 3678 1	1691 3676 0	Climb-down Ladder 11802						2			~geometry ~duration
1693 3071 1	1696 3071 0	Climb-down Staircase 52636						2			~geometry ~duration
1693 5577 2	1693 5579 1	Climb-down Ship's ladder 246						2			~geometry ~duration
1694 3068 1	1694 3068 2	Climb-up Ladder 52614						4	
1694 3068 2	1694 3068 1	Climb-down Ladder 52620						2			~geometry ~duration
1694 3129 1	1693 3127 0	Climb-down Staircase 52637						2			~geometry ~duration
1694 5578 1	1693 5577 2	Climb-up Ship's ladder 245						4	
1694 9481 0	1690 9481 1	Climb-up Staircase 50860						2			~geometry ~duration
1694 9493 0	1690 9493 1	Climb-up Staircase 50860						2			~geometry ~duration
1695 3120 1	1695 3120 0	Climb-down Ladder 52620						2			~geometry ~duration
1696 3063 0	1695 3062 1	Climb-up Ladder 52614						4	
1696 3063 1	1694 3063 0	Climb-down Ladder 52620						2			~geometry ~duration
1696 3071 0	1692 3071 1	Climb-up Staircase 52635						2			~geometry ~duration
1696 4252 1	1696 4256 2	Climb-up Staircase 25786						2			~geometry ~duration
1696 5578 1	1697 5577 2	Climb-up Ship's ladder 245						4	
1696 5584 0	1694 5584 1	Climb-up Ship's ladder 272						4	
1696 5584 1	1694 5584 0	Climb-down Ship's ladder 273						2			~geometry ~duration
1696 5708 0	1695 5708 1	Climb-up Ship's ladder 272						4	
1697 3120 0	1695 3120 1	Climb-up Ladder 52614						4	
1697 5577 2	1696 5578 1	Climb-down Ship's ladder 246						2			~geometry ~duration
1700 5710 1	1702 5710 2	Climb-up Ship's ladder 245						4	
1701 5707 1	1702 5706 2	Climb-up Ship's ladder 245						4	
1702 5706 2	1701 5707 1	Climb-down Ship's ladder 246						2			~geometry ~duration
1702 5710 2	1700 5710 1	Climb-down Ship's ladder 246						2			~geometry ~duration
1703 5739 0	1703 5739 1	Climb-up Rope ladder 32323						4	
1704 3068 1	1702 3068 2	Climb-up Ladder 52614						4	
1704 3068 2	1702 3068 1	Climb-down Ladder 52620						2			~geometry ~duration
1704 3071 1	1707 3071 0	Climb-down Staircase 52636						2			~geometry ~duration
1704 3118 0	1703 3117 1	Climb-up Ladder 52614						4	
1704 3118 1	1703 3117 0	Climb-down Ladder 52620						2			~geometry ~duration
1706 3101 0	1710 3101 1	Climb-up Staircase 52635						2			~geometry ~duration
1707 3071 0	1703 3071 1	Climb-up Staircase 52635						2			~geometry ~duration
1707 3168 1	1711 3168 0	Climb-down Staircase 52627						2			~geometry ~duration
1709 3101 1	1706 3101 0	Climb-down Staircase 52636						2			~geometry ~duration
1709 6115 1	1708 6114 0	Climb-down Staircase 16673						2			~geometry ~duration
1709 6134 0	1707 6134 1	Climb-up Ladder 16683						4	
1709 6134 1	1707 6134 0	Climb-down Ladder 16679						2			~geometry ~duration
1710 3115 1	1709 3116 2	Climb-up Ladder 52614						4	
1710 3115 2	1709 3114 1	Climb-down Ladder 52620						2			~geometry ~duration
1710 3117 0	1710 3117 1	Climb-up Ladder 52614						4	
1710 3117 1	1708 3117 0	Climb-down Ladder 52620						2			~geometry ~duration
1711 3168 0	1707 3168 1	Climb-up Staircase 52626						2			~geometry ~duration
1713 3168 0	1717 3168 1	Climb-up Staircase 52626						2			~geometry ~duration
1716 6136 0	1714 6136 1	Climb-up Ladder 16683						4	
1716 6136 1	1714 6136 0	Climb-down Ladder 16679						2			~geometry ~duration
1717 3168 1	1713 3168 0	Climb-down Staircase 52627						2			~geometry ~duration
1718 3130 1	1721 3130 0	Climb-down Staircase 52636						2			~geometry ~duration
1719 3059 0	1723 3059 1	Climb-up Staircase 52635						2			~geometry ~duration
1719 6132 1	1717 6132 2	Climb-up Ladder 16683						4	
1719 6132 2	1717 6132 1	Climb-down Ladder 16679						2			~geometry ~duration
1721 3130 0	1717 3130 1	Climb-up Staircase 52635						2			~geometry ~duration
1721 3130 0	1725 3130 1	Climb-up Staircase 52635						2			~geometry ~duration
1722 3059 1	1719 3059 0	Climb-down Staircase 52636						2			~geometry ~duration
1724 3130 1	1721 3130 0	Climb-down Staircase 52636						2			~geometry ~duration
1726 3078 1	1725 3077 0	Climb-down Staircase 52637						2			~geometry ~duration
1731 3068 0	1735 3068 1	Climb-up Staircase 52635						2			~geometry ~duration
1731 3542 0	1730 3541 1	Climb-up Ladder 12964						4	
1731 3542 1	1730 3541 0	Climb-down Ladder 12965						2			~geometry ~duration
1731 3542 1	1730 3541 2	Climb-up Ladder 12965						4	
1731 3542 2	1730 3541 1	Climb-down Ladder 12966						2			~geometry ~duration
1732 6086 0	1730 6086 1	Climb-up Ladder 16683						4	
1732 6086 1	1730 6086 0	Climb-down Ladder 16679						2			~geometry ~duration
1734 3068 1	1731 3068 0	Climb-down Staircase 52636						2			~geometry ~duration
1734 3078 0	1734 3078 1	Climb-up Ladder 52614						4	
1734 3078 1	1734 3078 0	Climb-down Ladder 52620						2			~geometry ~duration
1734 3090 1	1737 3090 0	Climb-down Staircase 52636						2			~geometry ~duration
1735 3579 1	1735 3579 0	Climb-down Ladder 11802						2			~geometry ~duration
1736 3174 1	1736 3177 0	Climb-down Staircase 52629						2			~geometry ~duration
1737 3090 0	1733 3090 1	Climb-up Staircase 52635						2			~geometry ~duration
1737 3579 0	1735 3579 1	Climb-up Ladder 11794						4	
1744 3619 1	1744 3619 0	Climb-down Staircase 25801						2			~geometry ~duration
1746 3069 1	1749 3069 0	Climb-down Staircase 52636						2			~geometry ~duration
1747 3595 1	1746 3594 0	Climb-down Ladder 11795						2			~geometry ~duration
1748 3586 0	1748 3586 1	Climb-up Ladder 11794						4	
1748 3586 1	1748 3584 0	Climb-down Ladder 11802						2			~geometry ~duration
1748 3594 0	1747 3595 1	Climb-up Ladder 11794						4	
1748 3730 1	1749 3731 0	Climb Ladder 27634						2			~geometry ~duration
1749 3069 0	1745 3069 1	Climb-up Staircase 52635						2			~geometry ~duration
1749 3756 1	1749 3756 0	Climb Ladder 27634						2			~geometry ~duration
1752 3751 1	1750 3751 0	Climb Ladder 27634						2			~geometry ~duration
1755 3782 0	1754 3781 1	Climb Ladder 27634						4	
1755 3782 1	1754 3781 0	Climb Ladder 27636						2			~geometry ~duration
1755 3782 1	1754 3782 2	Climb Ladder 27636						4	
1756 3099 1	1756 3102 0	Climb-down Staircase 52636						2			~geometry ~duration
1756 3780 1	1756 3780 2	Climb Ladder 27634						4	
1756 3780 1	1757 3780 0	Climb Ladder 27634						2			~geometry ~duration
1756 3780 2	1756 3780 1	Climb Ladder 27635						2			~geometry ~duration
1766 3098 1	1766 3101 0	Climb-down Staircase 52636						2			~geometry ~duration
1766 3620 0	1766 3620 1	Climb-up Ladder 11794						4	
1767 3586 0	1766 3585 1	Climb-up Ladder 11794						4	
1767 3733 1	1767 3733 0	Climb Ladder 27634						2			~geometry ~duration
1768 3585 1	1767 3584 0	Climb-down Ladder 11802						2			~geometry ~duration
1768 3620 1	1766 3620 0	Climb-down Ladder 11802						2			~geometry ~duration
1768 3753 1	1767 3752 0	Climb Ladder 27634						2			~geometry ~duration
1769 3071 1	1769 3074 0	Climb-down Staircase 52636						2			~geometry ~duration
1769 3074 0	1769 3070 1	Climb-up Staircase 52635						2			~geometry ~duration
1772 3701 3	1772 3702 2	Climb-down Ladder 11802						2			~geometry ~duration
1773 3070 1	1771 3070 2	Climb-up Ladder 52614						4	
1773 3070 2	1771 3070 1	Climb-down Ladder 52620						2			~geometry ~duration
1774 3061 0	1778 3061 1	Climb-up Staircase 52635						2			~geometry ~duration
1775 3730 1	1775 3730 0	Climb Ladder 27634						2			~geometry ~duration
1777 3061 1	1774 3061 0	Climb-down Staircase 52636						2			~geometry ~duration
1777 3657 0	1777 3657 1	Climb-up Ladder 11794						4	
1778 3572 1	1782 3572 2	Climb-up Staircase 11796						2			~geometry ~duration
1778 5343 1	1778 5346 0	Climb-down Stairs 25340						2			~geometry ~duration
1778 5346 0	1778 5343 1	Climb-up Stairs 25339						2			~geometry ~duration
1779 3657 1	1777 3657 0	Climb-down Ladder 11802						2			~geometry ~duration
1782 3717 1	1781 3718 2	Climb Ladder 27634						4	
1782 3717 1	1782 3717 0	Climb Ladder 27634						2			~geometry ~duration
1782 3717 2	1781 3718 1	Climb Ladder 27635						2			~geometry ~duration
1782 3719 0	1781 3718 1	Climb Ladder 27634						4	
1782 3719 1	1781 3718 2	Climb Ladder 27635						4	
1782 3719 1	1781 3720 0	Climb Ladder 27635						2			~geometry ~duration
1785 3754 0	1785 3754 1	Climb Ladder 27634						4	
1785 3754 1	1785 3754 0	Climb Ladder 27635						2			~geometry ~duration
1785 3754 1	1785 3755 2	Climb Ladder 27635						4	
1786 3774 0	1785 3775 1	Climb Ladder 42329						4	
1786 3774 1	1785 3775 0	Climb Ladder 27636						2			~geometry ~duration
1787 3592 1	1787 3592 0	Climb-down Ladder 11802						2			~geometry ~duration
1789 3592 0	1787 3592 1	Climb-up Ladder 11794						4	
1789 3599 1	1789 3599 0	Climb-down Ladder 11802						2			~geometry ~duration
1789 3599 1	1789 3599 2	Climb-up Ladder 11794						4	
1789 3599 2	1789 3599 1	Climb-down Ladder 11802						2			~geometry ~duration
1789 3601 0	1789 3599 1	Climb-up Ladder 11794						4	
1790 3722 0	1790 3722 1	Climb Ladder 27634						4	
1791 3721 1	1790 3722 0	Climb Ladder 27636						2			~geometry ~duration
1791 3721 1	1791 3721 2	Climb Ladder 27636						4	
1794 3759 1	1794 3758 0	Climb Ladder 27634						2			~geometry ~duration
1794 3759 1	1794 3759 2	Climb Ladder 27634						4	
1795 3722 1	1795 3722 2	Climb Ladder 27634						4	
1795 3722 1	1796 3722 0	Climb Ladder 27634						2			~geometry ~duration
1795 3722 2	1795 3722 1	Climb Ladder 27635						2			~geometry ~duration
1795 3756 0	1795 3756 1	Climb Ladder 27634						4	
1795 3756 1	1795 3756 0	Climb Ladder 27635						2			~geometry ~duration
1795 3756 1	1796 3756 2	Climb Ladder 27635						4	
1796 3735 1	1796 3735 0	Climb Ladder 27634						2			~geometry ~duration
1796 3735 1	1796 3735 2	Climb Ladder 27634						4	
1796 3735 2	1796 3735 1	Climb Ladder 27636						2			~geometry ~duration
1796 3740 0	1796 3740 1	Climb Ladder 27634						4	
1796 3740 1	1796 3740 0	Climb Ladder 27635						2			~geometry ~duration
1796 3740 1	1797 3740 2	Climb Ladder 27635						4	
1796 3759 2	1794 3759 1	Climb Ladder 27636						2			~geometry ~duration
1796 4382 2	1797 4382 1	Climb-down Ladder 10205						2			~geometry ~duration
1799 4382 1	1798 4381 2	Climb-up Ladder 10206						4	
1799 4386 2	1799 4389 1	Climb-down Ladder 10204						2			~geometry ~duration
1799 4389 1	1799 4386 2	Climb-up Ladder 10203						4	
1800 3613 0	1800 3613 1	Climb-up Ladder 11794						4	
1800 3613 1	1800 3613 0	Climb-down Ladder 11802						2			~geometry ~duration
1800 4369 2	1801 4369 1	Climb-down Ladder 10208						2			~geometry ~duration
1801 3501 0	1799 3501 1	Climb-up Ladder 11794						4	
1801 3501 1	1799 3501 0	Climb-down Ladder 11802						2			~geometry ~duration
1803 3740 1	1804 3739 2	Climb Ladder 27634						4	
1803 3740 1	1804 3740 0	Climb Ladder 27634						2			~geometry ~duration
1803 4369 1	1802 4368 2	Climb-up Ladder 10207						4	
1805 3740 2	1803 3740 1	Climb Ladder 27636						2			~geometry ~duration
1806 3738 0	1806 3738 1	Climb Ladder 27634						4	
1806 3738 1	1806 3738 0	Climb Ladder 27635						2			~geometry ~duration
1806 3738 1	1807 3738 2	Climb Ladder 27635						4	
1807 4405 3	1810 4405 2	Climb-down Ladder 10195						2			~geometry ~duration
1810 4405 2	1807 4405 3	Climb-up Ladder 10196						4	
1811 3756 1	1811 3756 2	Climb Ladder 27634						4	
1811 3756 1	1812 3755 0	Climb Ladder 27634						2			~geometry ~duration
1811 4394 1	1809 4394 2	Climb-up Ladder 10202						4	
1812 10145 0	1813 10144 1	Climb-up Ladder 31708						4	
1812 3755 2	1811 3756 1	Climb Ladder 27635						2			~geometry ~duration
1812 4394 2	1811 4394 1	Climb-down Ladder 10201						2			~geometry ~duration
1813 3758 0	1813 3758 1	Climb Ladder 27634						4	
1813 3758 1	1813 3757 2	Climb Ladder 27636						4	
1813 3758 1	1813 3758 0	Climb Ladder 27636						2			~geometry ~duration
1813 4827 2	1813 4829 1	Climb-down Ship's ladder 11290						2			~geometry ~duration
1813 4829 1	1813 4827 2	Climb-up Ship's ladder 11289						4	
1816 4836 0	1814 4836 1	Climb-up Ship's ladder 11308						4	
1816 4836 1	1814 4836 0	Climb-down Ship's ladder 11309						2			~geometry ~duration
1817 4827 2	1817 4829 1	Climb-down Ship's ladder 11290						2			~geometry ~duration
1817 4829 1	1817 4827 2	Climb-up Ship's ladder 11289						4	
1822 4404 2	1825 4404 3	Climb-up Ladder 10198						4	
1822 4836 1	1822 4838 2	Climb-up Ship's ladder 11289						4	
1822 4838 2	1822 4836 1	Climb-down Ship's ladder 11290						2			~geometry ~duration
1823 3738 1	1821 3738 0	Climb Ladder 27634						2			~geometry ~duration
1824 4379 3	1824 4382 2	Climb-down Ladder 10220						2			~geometry ~duration
1824 4382 2	1824 4379 3	Climb-up Ladder 10219						4	
1825 4362 2	1828 4362 1	Climb-down Ladder 10209						2			~geometry ~duration
1825 4404 3	1822 4404 2	Climb-down Ladder 10197						2			~geometry ~duration
1825 4829 0	1823 4829 1	Climb-up Ship's ladder 11308						4	
1825 4829 1	1823 4829 0	Climb-down Ship's ladder 11309						2			~geometry ~duration
1826 3681 2	1826 3679 1	Climb-down Ship's ladder 246						2			~geometry ~duration
1826 4836 1	1826 4838 2	Climb-up Ship's ladder 11289						4	
1826 4838 2	1826 4836 1	Climb-down Ship's ladder 11290						2			~geometry ~duration
1827 3680 1	1826 3681 2	Climb-up Ship's ladder 245						4	
1828 4362 1	1825 4362 2	Climb-up Ladder 10210						4	
1829 3674 0	1827 3674 1	Climb-up Ship's ladder 272						4	
1829 3674 1	1827 3674 0	Climb-down Ship's ladder 273						2			~geometry ~duration
1829 3680 1	1830 3681 2	Climb-up Ship's ladder 245						4	
1829 3722 1	1830 3721 0	Climb Ladder 27634						2			~geometry ~duration
1830 3681 2	1829 3680 1	Climb-down Ship's ladder 246						2			~geometry ~duration
1833 4388 2	1834 4390 3	Climb-up Ladder 10200						4	
1834 4390 3	1833 4388 2	Climb-down Ladder 10199						2			~geometry ~duration
1838 4374 2	1838 4377 3	Climb-up Ladder 10222						4	
1838 4377 3	1838 4374 2	Climb-down Ladder 10221						2			~geometry ~duration
1851 4385 1	1849 4385 2	Climb-up Ladder 10224						4	
1851 4386 2	1850 4386 1	Climb-down Ladder 10223						2			~geometry ~duration
1863 4373 2	1863 4370 1	Climb-down Ladder 10212						2			~geometry ~duration
1863 4389 1	1864 4387 2	Climb-up Ladder 10214						4	
1864 4371 1	1863 4373 2	Climb-up Ladder 10211						4	
1864 4387 2	1863 4389 1	Climb-down Ladder 10213						2			~geometry ~duration
1878 5392 0	1876 5391 1	Climb-up Ladder 20194						4	
1878 5456 0	1876 5456 1	Climb-up Ladder 20194						4	
1882 3318 1	1881 3317 0	Climb Ladder 27634						2			~geometry ~duration
1885 4826 0	1883 4826 1	Climb-up Ship's ladder 4060						4	
1885 4826 1	1885 4826 0	Climb-down Ship's ladder 4139						2			~geometry ~duration
1886 3276 1	1885 3275 0	Climb Ladder 27634						2			~geometry ~duration
1889 3295 1	1889 3295 0	Climb Ladder 27634						2			~geometry ~duration
1890 3315 1	1889 3316 0	Climb Ladder 27634						2			~geometry ~duration
1891 4407 1	1890 4407 0	Climb-down Ladder 10215						2			~geometry ~duration
1891 4408 0	1889 4408 1	Climb-up Ladder 10216						4	
1892 4620 2	1896 4620 1	Climb-down Staircase 10018						2			~geometry ~duration
1892 4824 0	1892 4824 1	Climb-up Ship's ladder 4060						4	
1892 4870 0	1890 4870 1	Climb-up Ship's ladder 9744						4	
1892 4870 1	1892 4870 0	Climb-down Ladder 18843						2			~geometry ~duration
1894 4824 1	1892 4824 0	Climb-down Ship's ladder 4139						2			~geometry ~duration
1896 4620 1	1892 4620 2	Climb-up Staircase 10017						2			~geometry ~duration
1907 3297 1	1906 3298 0	Climb Ladder 27634						2			~geometry ~duration
1908 3292 1	1907 3291 0	Climb Ladder 27634						2			~geometry ~duration
1909 3318 1	1908 3317 0	Climb Ladder 27634						2			~geometry ~duration
1930 5537 1	1929 5536 0	Climb-down Staircase 16677						2			~geometry ~duration
1933 4378 1	1931 4378 2	Climb-up Ladder 10226						4	
1933 4379 2	1931 4378 1	Climb-down Ladder 10225						2			~geometry ~duration
1935 5554 1	1935 5554 0	Climb-down Staircase 16677						2			~geometry ~duration
1940 5561 1	1940 5561 0	Climb-down Staircase 16677						2			~geometry ~duration
1944 6068 2	1943 6069 1	Climb-down Staircase 14737						2			~geometry ~duration
1948 5149 3	1949 5148 2	Climb-down Stairs 18611						2			~geometry ~duration
1948 5524 1	1948 5524 0	Climb-down Staircase 16677						2			~geometry ~duration
1948 5548 1	1947 5549 0	Climb-down Staircase 16677						2			~geometry ~duration
1949 5561 1	1949 5561 0	Climb-down Staircase 16677						2			~geometry ~duration
1950 5149 2	1948 5149 3	Climb-up Stairs 18610						2			~geometry ~duration
1957 4373 1	1956 4371 0	Climb-down Ladder 10218						2			~geometry ~duration
1957 5159 2	1959 5159 3	Climb-up Stairs 18610						2			~geometry ~duration
1958 4371 0	1957 4373 1	Climb-up Ladder 10217						4	
1959 5159 3	1957 5159 2	Climb-down Stairs 18611						2			~geometry ~duration
1960 4391 2	1960 4391 3	Climb-up Ladder 10228						4	
1962 4392 3	1961 4392 2	Climb-down Ladder 10227						2			~geometry ~duration
1963 5316 1	1963 5316 0	Climb-down Ladder 16679						2			~geometry ~duration
1964 5537 1	1964 5537 0	Climb-down Staircase 16677						2			~geometry ~duration
1965 5316 0	1963 5316 1	Climb-up Ladder 16683						4	
1969 5539 1	1971 5539 0	Climb-down Staircase 16677						2			~geometry ~duration
1971 5315 0	1971 5315 1	Climb-up Ladder 16683						4	
1971 5315 1	1971 5315 0	Climb-down Ladder 16679						2			~geometry ~duration
1972 5520 1	1973 5521 0	Climb-down Staircase 16677						2			~geometry ~duration
1990 5512 0	1988 5512 1	Climb-up Ladder 16683						4	
1990 5512 1	1988 5512 0	Climb-down Ladder 16679						2			~geometry ~duration
1996 5511 0	1994 5511 1	Climb-up Ladder 16683						4	
1996 5511 1	1994 5511 0	Climb-down Ladder 16679						2			~geometry ~duration
2013 4826 0	2011 4826 1	Climb-up Ship's ladder 4060						4	
2013 4826 1	2013 4826 0	Climb-down Ship's ladder 4139						2			~geometry ~duration
2013 4890 0	2011 4890 1	Climb-up Ship's ladder 272						4	
2013 4890 1	2013 4890 0	Climb-down Ship's ladder 273						2			~geometry ~duration
2019 5543 0	2017 5543 1	Climb-up Ladder 16683						4	
2019 5543 1	2017 5543 0	Climb-down Ladder 56233						2			~geometry ~duration
2019 5543 1	2017 5543 2	Climb-up Ladder 56233						4	
2019 5543 2	2017 5543 1	Climb-down Ladder 56232						2			~geometry ~duration
2019 5543 2	2017 5543 3	Climb-up Ladder 56232						4	
2019 5543 3	2017 5543 2	Climb-down Ladder 16679						2			~geometry ~duration
2020 4824 0	2020 4824 1	Climb-up Ship's ladder 4060						4	
2020 4888 0	2020 4888 1	Climb-up Ship's ladder 272						4	
2022 4824 1	2020 4824 0	Climb-down Ship's ladder 4139						2			~geometry ~duration
2022 4888 1	2020 4888 0	Climb-down Ship's ladder 273						2			~geometry ~duration
2029 5511 0	2027 5511 1	Climb-up Ladder 16683						4	
2029 5511 1	2027 5511 0	Climb-down Ladder 16679						2			~geometry ~duration
2061 5516 2	2061 5516 1	Climb-down Ship's ladder 246						2			~geometry ~duration
2061 5518 2	2061 5518 1	Climb-down Ship's ladder 246						2			~geometry ~duration
2063 5516 1	2061 5516 2	Climb-up Ship's ladder 245						4	
2063 5518 1	2061 5518 2	Climb-up Ship's ladder 245						4	
2072 6182 2	2071 6183 1	Climb-down Staircase 12538						2			~geometry ~duration
2074 6155 2	2073 6156 1	Climb-down Staircase 12538						2			~geometry ~duration
2075 3686 2	2074 3687 1	Climb-down Staircase 14737						2			~geometry ~duration
2078 3909 0	2078 3912 1	Climb-up Stairs 16734						2			~geometry ~duration
2082 5387 2	2082 5387 3	Climb-up Ladder 28618						4	
2082 5387 3	2082 5387 2	Climb-down Ladder 28619						2			~geometry ~duration
2083 3922 0	2082 3921 1	Climb-up Ladder 16735						4	
2083 3922 1	2082 3921 0	Climb-down Ladder 16736						2			~geometry ~duration
2085 5430 1	2085 5430 2	Climb-up Ladder 28618						4	
2086 5431 2	2085 5430 1	Climb-down Ladder 28619						2			~geometry ~duration
2087 5387 1	2087 5387 2	Climb-up Ladder 28618						4	
2087 5387 2	2087 5387 1	Climb-down Ladder 28619						2			~geometry ~duration
2089 3904 0	2089 3904 1	Climb-up Ladder 16735						4	
2089 3904 1	2089 3904 0	Climb-down Ladder 16736						2			~geometry ~duration
2091 2711 2	2091 2711 1	Climb-down Ship's ladder 246						2			~geometry ~duration
2091 2713 2	2091 2713 1	Climb-down Ship's ladder 246						2			~geometry ~duration
2091 3899 0	2091 3899 1	Climb-up Ladder 16735						4	
2091 3899 1	2091 3899 0	Climb-down Ladder 16736						2			~geometry ~duration
2093 2711 1	2091 2711 2	Climb-up Ship's ladder 245						4	
2093 2713 1	2091 2713 2	Climb-up Ship's ladder 245						4	
2093 3689 0	2092 3688 1	Climb-up Ladder 11794						4	
2093 3689 1	2092 3688 0	Climb-down Ladder 11802						2			~geometry ~duration
2097 5407 2	2097 5407 3	Climb-up Ladder 28618						4	
2097 5407 3	2097 5407 2	Climb-down Ladder 28619						2			~geometry ~duration
2097 5408 1	2097 5408 2	Climb-up Ladder 28618						4	
2097 5408 2	2097 5408 1	Climb-down Ladder 28619						2			~geometry ~duration
2097 5421 1	2098 5420 2	Climb-up Ladder 28618						4	
2099 5421 2	2097 5421 1	Climb-down Ladder 28619						2			~geometry ~duration
2100 3689 0	2100 3689 1	Climb-up Ladder 11794						4	
2100 3689 1	2100 3689 0	Climb-down Ladder 11802						2			~geometry ~duration
2100 3898 0	2100 3898 1	Climb-up Ladder 16735						4	
2100 3898 1	2100 3898 0	Climb-down Ladder 16736						2			~geometry ~duration
2117 4365 2	2116 4367 1	Climb-down Ladder 20287						2			~geometry ~duration
2129 4915 0	2133 4915 1	Climb-up Staircase 16670						2			~geometry ~duration
2136 2996 2	2135 2997 1	Climb-down Staircase 14737						2			~geometry ~duration
2137 3895 3	2137 3898 2	Climb Stairs 16947						2			~geometry ~duration
2137 3911 3	2137 3908 2	Climb Stairs 16947						2			~geometry ~duration
2138 3909 2	2137 3909 1	Climb Stairs 16945						2			~geometry ~duration
2138 3909 2	2137 3911 3	Climb Stairs 16945						2			~geometry ~duration
2139 3895 1	2138 3894 2	Climb Stairs 16945						2			~geometry ~duration
2139 3895 1	2138 3895 0	Climb Stairs 16945						2			~geometry ~duration
2140 3911 0	2140 3910 1	Climb Stairs 16946						2			~geometry ~duration
2140 5105 0	2138 5105 1	Climb-up Ladder 10167						4	
2140 5105 1	2138 5105 0	Climb-down Ladder 10168						2			~geometry ~duration
2141 3909 1	2141 3912 0	Climb Stairs 16947						2			~geometry ~duration
2141 3909 1	2141 3912 2	Climb Stairs 16947						2			~geometry ~duration
2142 3897 2	2142 3896 3	Climb Stairs 16945						2			~geometry ~duration
2142 3897 2	2142 3897 1	Climb Stairs 16945						2			~geometry ~duration
2142 3909 2	2142 3910 3	Climb Stairs 16945						2			~geometry ~duration
2142 3909 2	2143 3909 1	Climb Stairs 16945						2			~geometry ~duration
2143 3895 1	2141 3895 2	Climb Stairs 16945						2			~geometry ~duration
2143 3895 1	2142 3895 0	Climb Stairs 16945						2			~geometry ~duration
2143 3895 3	2143 3898 2	Climb Stairs 16947						2			~geometry ~duration
2143 3911 3	2143 3908 2	Climb Stairs 16947						2			~geometry ~duration
2144 3895 2	2141 3895 1	Climb Stairs 16947						2			~geometry ~duration
2164 5092 1	2162 5092 2	Climb-up Ladder 10167						4	
2164 5092 2	2162 5092 1	Climb-down Ladder 10168						2			~geometry ~duration
2185 4951 0	2184 4950 1	Climb-up Ladder 11200						4	
2185 4951 1	2184 4950 0	Climb-down Ladder 11201						2			~geometry ~duration
2185 4952 0	2184 4953 1	Climb-up Ladder 4647						4	
2185 4952 1	2184 4953 0	Climb-down Ladder 4648						2			~geometry ~duration
2196 3409 0	2195 3410 1	Climb-up ladder 8744						4	
2196 3409 1	2195 3410 0	Climb-down ladder 8746						2			~geometry ~duration
2196 3412 1	2195 3411 2	Climb-up ladder 8744						4	
2196 3412 2	2195 3411 1	Climb-down ladder 8746						2			~geometry ~duration
2198 4936 1	2198 4936 0	Climb-down Ladder 4646						2			~geometry ~duration
2200 3047 0	2201 3048 1	Climb-up Ladder 12907						4	
2200 4936 0	2198 4936 1	Climb-up Ladder 4645						4	
2208 3401 0	2206 3401 1	Climb-up ladder 8744						4	
2208 3401 1	2206 3401 0	Climb-down ladder 8746						2			~geometry ~duration
2208 5469 0	2208 5465 1	Climb Stairs 12263						2			~geometry ~duration
2217 4936 0	2216 4937 1	Climb-up Ladder 4643						4	
2217 4936 1	2215 4936 0	Climb-down Ladder 4644						2			~geometry ~duration
2230 4951 0	2230 4951 1	Climb-up Ladder 11198						4	
2230 4951 1	2230 4951 0	Climb-down Ladder 11199						2			~geometry ~duration
2230 4952 0	2230 4952 1	Climb-up Ladder 4647						4	
2230 4952 1	2230 4952 0	Climb-down Ladder 4648						2			~geometry ~duration
2244 3393 0	2243 3391 1	Climb Ladder 36232						4	
2254 4850 0	2253 4850 1	Climb-up Ladder 17028						4	
2259 5982 2	2259 5985 1	Climb-down Stairs 38464						2			~geometry ~duration
2271 3393 0	2270 3391 1	Climb Ladder 36231						4	
2273 6024 2	2273 6027 1	Climb-down Stairs 38852						2			~geometry ~duration
2276 6024 2	2276 6027 1	Climb-down Stairs 38852						2			~geometry ~duration
2283 4853 1	2281 4853 2	Climb-up Ladder 16683						4	
2283 4853 2	2281 4853 1	Climb-down Ladder 16679						2			~geometry ~duration
2285 5982 2	2285 5985 1	Climb-down Stairs 38463						2			~geometry ~duration
2298 4297 0	2298 4299 1	Climb-up Ladder 20286						4	
2310 5384 0	2308 5384 1	Climb-up Ladder 16683						4	
2310 5384 1	2308 5384 0	Climb-down Ladder 16679						2			~geometry ~duration
2316 5383 0	2314 5383 1	Climb-up Ladder 16683						4	
2316 5383 1	2314 5383 0	Climb-down Ladder 16679						2			~geometry ~duration
2321 6382 1	2321 6386 0	Climb-down Stairs 47818						2			~geometry ~duration
2321 6386 0	2321 6382 1	Climb-up Stairs 47817						2			~geometry ~duration
2328 6345 0	2332 6345 1	Climb-up Stairs 47817						2			~geometry ~duration
2328 6378 0	2328 6382 1	Climb-up Stairs 47817						2			~geometry ~duration
2328 6382 1	2328 6378 0	Climb-down Stairs 47818						2			~geometry ~duration
2328 6383 1	2328 6387 2	Climb-up Stairs 47817						2			~geometry ~duration
2328 6387 2	2328 6383 1	Climb-down Stairs 47818						2			~geometry ~duration
2329 3168 1	2327 3168 0	Climb-down ladder 8745						2			~geometry ~duration
2329 3168 1	2327 3168 2	Climb-up ladder 8745						4	
2329 3168 2	2327 3168 1	Climb-down ladder 8746						2			~geometry ~duration
2329 3175 0	2327 3175 1	Climb-up ladder 8744						4	
2329 3175 1	2327 3175 0	Climb-down ladder 8745						2			~geometry ~duration
2329 3175 1	2327 3175 2	Climb-up ladder 8745						4	
2329 3175 2	2327 3175 1	Climb-down ladder 8746						2			~geometry ~duration
2332 6345 1	2328 6345 0	Climb-down Stairs 47818						2			~geometry ~duration
2336 3160 0	2334 3160 1	Climb-up ladder 8744						4	
2336 3160 1	2334 3160 0	Climb-down ladder 8746						2			~geometry ~duration
2336 3183 0	2334 3183 1	Climb-up ladder 8744						4	
2336 3183 1	2334 3183 0	Climb-down ladder 8746						2			~geometry ~duration
2339 5415 1	2337 5415 2	Climb-up Ladder 56233						4	
2339 5415 1	2338 5415 0	Climb-down Ladder 56233						2			~geometry ~duration
2339 5415 2	2337 5415 1	Climb-down Ladder 56232						2			~geometry ~duration
2339 5415 2	2337 5415 3	Climb-up Ladder 56232						4	
2339 5415 3	2337 5415 2	Climb-down Ladder 16679						2			~geometry ~duration
2349 5383 0	2347 5383 1	Climb-up Ladder 16683						4	
2349 5383 1	2347 5383 0	Climb-down Ladder 16679						2			~geometry ~duration
2353 3180 0	2351 3180 1	Climb-up ladder 8744						4	
2353 3180 1	2351 3180 0	Climb-down ladder 8746						2			~geometry ~duration
2369 3127 2	2369 3125 1	Climb Staircase 4415						2			~geometry ~duration
2371 3133 1	2369 3133 2	Climb-up Ladder 6281						4	
2372 3126 1	2368 3126 0	Climb Staircase 4418						2			~geometry ~duration
2373 3133 3	2373 3133 2	Climb Staircase 4415						2			~geometry ~duration
2373 6428 1	2373 6432 0	Climb-down Stairs 47818						2			~geometry ~duration
2373 6432 0	2373 6428 1	Climb-up Stairs 47817						2			~geometry ~duration
2374 3130 2	2374 3134 1	Climb Staircase 4418						2			~geometry ~duration
2379 3127 1	2379 3127 0	Climb Staircase 4415						2			~geometry ~duration
2379 3134 0	2377 3134 1	Climb-up Ladder 16683						4	
2379 3134 1	2377 3134 0	Climb-down Ladder 4911						2			~geometry ~duration
2390 6405 1	2390 6409 0	Climb-down Stairs 47818						2			~geometry ~duration
2390 6409 0	2390 6405 1	Climb-up Stairs 47817						2			~geometry ~duration
2393 6443 1	2393 6443 2	Climb-up Ladder 48040						4	
2393 6443 2	2393 6443 1	Climb-down Ladder 48043						2			~geometry ~duration
2394 6439 1	2394 6437 0	Climb-down Ladder 48043						2			~geometry ~duration
2395 6438 0	2394 6439 1	Climb-up Ladder 48040						4	
2404 4458 0	2402 4458 1	Climb-up Ladder 12112						4	
2404 4458 1	2402 4458 0	Climb-down Ladder 12113						2			~geometry ~duration
2419 5835 1	2419 5832 0	Climb-down Stairs 38852						2			~geometry ~duration
2420 3080 1	2418 3080 0	Climb Staircase 4415						2			~geometry ~duration
2422 3073 0	2420 3073 1	Climb-up Ladder 16683						4	
2422 3073 1	2420 3073 0	Climb-down Ladder 4911						2			~geometry ~duration
2422 6421 0	2426 6421 1	Climb-up Stairs 47817						2			~geometry ~duration
2425 3077 2	2425 3073 1	Climb Staircase 4417						2			~geometry ~duration
2426 3074 3	2424 3074 2	Climb Staircase 4415						2			~geometry ~duration
2426 6421 1	2422 6421 0	Climb-down Stairs 47818						2			~geometry ~duration
2430 3074 1	2428 3074 2	Climb-up Ladder 6280						4	
2430 3080 2	2430 3080 1	Climb Staircase 4415						2			~geometry ~duration
2434 6428 0	2438 6428 1	Climb-up Stairs 47817						2			~geometry ~duration
2435 3346 0	2434 3345 1	Climb-up Ladder 16683						4	
2435 3346 1	2433 3346 0	Climb-down Ladder 16679						2			~geometry ~duration
2436 3346 2	2436 3346 1	Climb-down Ladder 16679						2			~geometry ~duration
2438 3346 1	2436 3346 2	Climb-up Ladder 16683						4	
2438 6428 1	2434 6428 0	Climb-down Stairs 47818						2			~geometry ~duration
2448 2859 0	2446 2859 1	Climb-up Ladder 31611						4	
2448 2859 1	2446 2859 0	Climb-down Ladder 31612						2			~geometry ~duration
2448 2859 1	2446 2859 2	Climb-up Ladder 31612						4	
2478 2861 0	2476 2861 1	Climb-up Ladder 31611						4	
2478 2861 1	2476 2861 0	Climb-down Ladder 31612						2			~geometry ~duration
2478 2861 1	2476 2861 2	Climb-up Ladder 31612						4	
2504 3252 0	2502 3252 1	Climb-up Ladder 16683						4	
2504 3252 1	2502 3252 0	Climb-down Ladder 16679						2			~geometry ~duration
2511 5965 2	2511 5968 1	Climb-down Stairs 38468						2			~geometry ~duration
2516 3173 0	2516 3173 1	Climb-up Ladder 17026						4	
2516 3173 1	2514 3173 0	Climb-down Ladder 16682						2			~geometry ~duration
2532 3546 1	2531 3545 0	Climb-down Ladder 42487						2			~geometry ~duration
2533 3545 0	2532 3546 1	Climb-up Ladder 16683						4	
2533 5842 2	2530 5842 1	Climb-down Stairs 38474						2			~geometry ~duration
2544 3325 1	2543 3326 0	Climb-down Staircase 16673						2			~geometry ~duration
2544 9695 0	2544 9693 1	Climb-up Ladder 46716						4	
2545 9744 0	2547 9744 1	Climb-up Ladder 35799						4	
2547 2862 1	2547 2862 0	Climb-down Stairs 31734						2			~geometry ~duration
2548 9951 0	2545 9951 1	Climb-up Ladder 17385						4	
2550 2862 0	2547 2862 1	Climb-up Stairs 31733						2			~geometry ~duration
2555 2857 0	2555 2854 1	Climb-up Stairs 31733						2			~geometry ~duration
2556 2855 1	2554 2855 0	Climb-down Stairs 31734						2			~geometry ~duration
2556 9658 0	2557 9658 1	Climb-up Ladder 17385						4	
2561 2865 0	2561 2868 1	Climb-up Stairs 31733						2			~geometry ~duration
2561 2868 1	2560 2867 0	Climb-down Stairs 31734						2			~geometry ~duration
2561 3356 0	2560 3355 1	Climb-up Ladder 17026						4	
2561 3356 1	2559 3356 0	Climb-down Ladder 16685						2			~geometry ~duration
2565 9709 0	2565 9713 1	Climb-up Staircase 35792						2			~geometry ~duration
2570 2867 1	2569 2868 0	Climb-down Ladder 29089						2			~geometry ~duration
2572 3271 1	2572 3271 2	Climb-up Ladder 16683						4	
2572 3271 2	2572 3271 1	Climb-down Ladder 16679						2			~geometry ~duration
2572 3288 1	2571 3287 2	Climb-up Ladder 17026						4	
2572 3288 2	2571 3287 1	Climb-down Ladder 16685						2			~geometry ~duration
2572 3291 2	2571 3292 1	Climb-down Ladder 16685						2			~geometry ~duration
2572 3302 1	2571 3301 2	Climb-up Ladder 17026						4	
2572 3302 2	2572 3302 1	Climb-down Ladder 16685						2			~geometry ~duration
2572 3305 1	2571 3306 2	Climb-up Ladder 17026						4	
2572 3305 2	2571 3306 1	Climb-down Ladder 16685						2			~geometry ~duration
2576 9655 0	2574 9655 1	Climb-up Ladder 17385						4	
2577 6382 1	2577 6386 0	Climb-down Stairs 48047						2			~geometry ~duration
2577 6386 0	2577 6382 1	Climb-up Stairs 48046						2			~geometry ~duration
2584 6345 0	2588 6345 1	Climb-up Stairs 48046						2			~geometry ~duration
2584 6378 0	2584 6382 1	Climb-up Stairs 48046						2			~geometry ~duration
2584 6382 1	2584 6378 0	Climb-down Stairs 48047						2			~geometry ~duration
2584 6383 1	2584 6387 2	Climb-up Stairs 48046						2			~geometry ~duration
2584 6387 2	2584 6383 1	Climb-down Stairs 48047						2			~geometry ~duration
2588 6345 1	2584 6345 0	Climb-down Stairs 48047						2			~geometry ~duration
2607 4602 1	2607 4602 2	Climb-up Ship's ladder 245						4	
2607 4602 2	2605 4602 1	Climb-down Ship's ladder 246						2			~geometry ~duration
2607 4604 1	2607 4604 2	Climb-up Ship's ladder 245						4	
2607 4604 2	2605 4604 1	Climb-down Ship's ladder 246						2			~geometry ~duration
2616 3315 1	2616 3315 0	Climb-down Ladder 16679						2			~geometry ~duration
2616 3394 1	2614 3394 0	Climb-down Ladder 16679						2			~geometry ~duration
2618 3140 1	2618 3140 2	Climb-up Ladder 16683						4	
2618 3140 2	2618 3140 1	Climb-down Ladder 16679						2			~geometry ~duration
2618 3315 0	2616 3315 1	Climb-up Ladder 16683						4	
2629 6428 1	2629 6432 0	Climb-down Stairs 48047						2			~geometry ~duration
2629 6432 0	2629 6428 1	Climb-up Stairs 48046						2			~geometry ~duration
2632 3325 0	2632 3321 1	Climb-up Stairs 2711						2			~geometry ~duration
2633 9694 0	2634 9692 1	Climb-up Ladder 17385						4	
2635 4681 1	2634 4682 0	Climb-down Staircase 16673						2			~geometry ~duration
2638 9808 0	2635 9808 1	Climb-up Ladder 17385						4	
2641 9741 0	2637 9741 1	Climb-up Stairs 96						2			~geometry ~duration
2641 9764 0	2637 9764 1	Climb-up Stairs 96						2			~geometry ~duration
2646 6405 1	2646 6409 0	Climb-down Stairs 48047						2			~geometry ~duration
2646 6409 0	2646 6405 1	Climb-up Stairs 48046						2			~geometry ~duration
2648 3221 2	2647 3220 3	Climb-up Ladder 17974						4	
2648 3221 3	2646 3221 2	Climb-down Ladder 17975						2			~geometry ~duration
2649 6443 1	2649 6443 2	Climb-up Ladder 48040						4	
2649 6443 2	2649 6443 1	Climb-down Ladder 48043						2			~geometry ~duration
2650 4684 1	2649 4685 0	Climb-down Staircase 16673						2			~geometry ~duration
2650 4684 1	2650 4684 2	Climb-up Ladder 16683						4	
2650 6439 1	2650 6437 0	Climb-down Ladder 48043						2			~geometry ~duration
2651 3165 0	2650 3164 1	Climb-up Ladder 17026						4	
2651 3165 1	2651 3165 0	Climb-down Ladder 16685						2			~geometry ~duration
2651 6438 0	2650 6439 1	Climb-up Ladder 48040						4	
2652 4684 2	2650 4684 1	Climb-down Ladder 16679						2			~geometry ~duration
2653 3428 0	2653 3428 1	Climb-up Ladder 16683						4	
2653 3428 1	2652 3427 2	Climb-up Ladder 16684						4	
2653 3428 1	2653 3428 0	Climb-down Ladder 16684						2			~geometry ~duration
2653 3428 2	2653 3428 1	Climb-down Ladder 16679						2			~geometry ~duration
2658 3151 0	2656 3151 1	Climb-up Ladder 17026						4	
2658 3151 1	2657 3152 0	Climb-down Ladder 16685						2			~geometry ~duration
2662 2680 1	2662 2680 2	Climb-up Ship's ladder 245						4	
2662 2680 2	2662 2678 1	Climb-down Ship's ladder 246						2			~geometry ~duration
2662 9641 0	2663 9641 1	Climb-up Ladder 10309						4	
2664 2680 1	2664 2680 2	Climb-up Ship's ladder 245						4	
2664 2680 2	2664 2678 1	Climb-down Ship's ladder 246						2			~geometry ~duration
2668 3413 0	2668 3413 1	Climb-up Ladder 16683						4	
2668 3413 1	2667 3412 2	Climb-up Ladder 16684						4	
2668 3413 1	2668 3411 0	Climb-down Ladder 16684						2			~geometry ~duration
2668 3443 0	2668 3443 1	Climb-up Ladder 16683						4	
2668 3443 1	2667 3444 2	Climb-up Ladder 16684						4	
2668 3443 1	2668 3443 0	Climb-down Ladder 16684						2			~geometry ~duration
2669 3412 2	2668 3413 1	Climb-down Ladder 16679						2			~geometry ~duration
2669 3444 2	2668 3443 1	Climb-down Ladder 16679						2			~geometry ~duration
2670 3170 0	2669 3169 1	Climb-up Ship's ladder 4060						4	
2671 3169 1	2670 3170 0	Climb-down Ship's ladder 4139						2			~geometry ~duration
2672 3177 0	2671 3178 1	Climb-up Ship's ladder 4060						4	
2673 3178 1	2672 3177 0	Climb-down Ship's ladder 4139						2			~geometry ~duration
2675 3300 1	2674 3299 0	Climb-down Staircase 16673						2			~geometry ~duration
2675 3309 0	2673 3309 1	Climb-up Ladder 16683						4	
2675 3309 1	2673 3309 0	Climb-down Ladder 16679						2			~geometry ~duration
2678 6421 0	2682 6421 1	Climb-up Stairs 48046						2			~geometry ~duration
2682 6421 1	2678 6421 0	Climb-down Stairs 48047						2			~geometry ~duration
2683 3428 0	2683 3428 1	Climb-up Ladder 16683						4	
2683 3428 1	2683 3428 0	Climb-down Ladder 16684						2			~geometry ~duration
2683 3428 1	2683 3428 2	Climb-up Ladder 16684						4	
2683 3428 2	2683 3428 1	Climb-down Ladder 16679						2			~geometry ~duration
2683 9849 0	2682 9848 1	Climb-up Ladder 101						4	
2690 6428 0	2694 6428 1	Climb-up Stairs 48046						2			~geometry ~duration
2694 6428 1	2690 6428 0	Climb-down Stairs 48047						2			~geometry ~duration
2702 5194 2	2702 5197 3	Climb-up Stairs 22650						2			~geometry ~duration
2703 5194 2	2703 5197 3	Climb-up Stairs 22650						2			~geometry ~duration
2707 3291 0	2705 3291 1	Climb-up Ladder 18234						4	
2707 3291 1	2706 3290 0	Climb-down Ladder 18235						2			~geometry ~duration
2709 3283 0	2708 3282 1	Climb-up Ladder 18234						4	
2709 3283 1	2707 3283 0	Climb-down Ladder 18235						2			~geometry ~duration
2722 3273 0	2721 3272 1	Climb-up Ladder 18234						4	
2722 3273 1	2720 3273 0	Climb-down Ladder 18235						2			~geometry ~duration
2726 3375 1	2724 3375 2	Climb-up Ladder 16683						4	
2726 3375 2	2724 3375 1	Climb-down Ladder 16679						2			~geometry ~duration
2733 3289 0	2731 3289 1	Climb-up Ladder 18234						4	
2733 3289 1	2732 3290 0	Climb-down Ladder 18237						2			~geometry ~duration
2733 3375 1	2731 3375 2	Climb-up Ladder 16683						4	
2735 2791 0	2733 2791 1	Climb-up Bamboo Ladder 4772						4	
2735 2791 1	2733 2791 0	Climb-down Bamboo Ladder 4778						2			~geometry ~duration
2735 3581 1	2735 3581 0	Climb-down Staircase 25683						2			~geometry ~duration
2742 5239 2	2742 5236 3	Climb-up Stairs 22608						2			~geometry ~duration
2743 5239 2	2743 5236 3	Climb-up Stairs 22608						2			~geometry ~duration
2749 2768 1	2747 2768 2	Climb-up Bamboo Ladder 4772						4	
2749 2768 2	2747 2768 1	Climb-down Bamboo Ladder 4778						2			~geometry ~duration
2751 2794 0	2749 2794 1	Climb-up Bamboo Ladder 4772						4	
2751 2794 1	2749 2794 0	Climb-down Bamboo Ladder 4778						2			~geometry ~duration
2751 2799 1	2749 2799 2	Climb-up Bamboo Ladder 4772						4	
2751 2799 2	2749 2799 1	Climb-down Bamboo Ladder 4778						2			~geometry ~duration
2753 2767 0	2751 2767 1	Climb-up Bamboo Ladder 4772						4	
2753 2767 1	2751 2767 0	Climb-down Bamboo Ladder 4778						2			~geometry ~duration
2759 2765 0	2760 2764 1	Climb-up Bamboo Ladder 4772						4	
2761 2765 1	2759 2765 0	Climb-down Bamboo Ladder 4778						2			~geometry ~duration
2763 4681 1	2762 4682 0	Climb-down Staircase 16673						2			~geometry ~duration
2764 2952 0	2762 2952 1	Climb-up Ladder 16683						4	
2764 2952 1	2762 2952 0	Climb-down Ladder 16679						2			~geometry ~duration
2767 2803 1	2768 2802 2	Climb-up Bamboo Ladder 4773						4	
2768 2802 2	2767 2803 1	Climb-down Bamboo Ladder 4779						2			~geometry ~duration
2769 2749 0	2767 2749 1	Climb-up Bamboo Ladder 4772						4	
2769 2749 1	2767 2749 0	Climb-down Bamboo Ladder 4778						2			~geometry ~duration
2769 2779 0	2767 2779 1	Climb-up Bamboo Ladder 4772						4	
2769 2779 1	2767 2779 0	Climb-down Bamboo Ladder 4778						2			~geometry ~duration
2770 2788 0	2768 2788 1	Climb-up Bamboo Ladder 4772						4	
2770 2788 1	2768 2788 0	Climb-down Bamboo Ladder 4778						2			~geometry ~duration
2770 3397 1	2770 3401 2	Climb-up Staircase 15645						2			~geometry ~duration
2775 2777 0	2773 2777 1	Climb-up Bamboo Ladder 4772						4	
2775 2777 1	2774 2776 0	Climb-down Bamboo Ladder 4778						2			~geometry ~duration
2775 3230 2	2775 3230 1	Climb-down Ship's ladder 246						2			~geometry ~duration
2777 3230 2	2777 3230 1	Climb-down Ship's ladder 246						2			~geometry ~duration
2777 6112 0	2775 6112 1	Climb-up ladder 8744						4	
2777 6112 1	2775 6112 0	Climb-down ladder 8745						2			~geometry ~duration
2777 6112 1	2775 6112 2	Climb-up ladder 8745						4	
2777 6112 2	2775 6112 1	Climb-down ladder 8746						2			~geometry ~duration
2777 6119 0	2775 6119 1	Climb-up ladder 8744						4	
2777 6119 1	2775 6119 0	Climb-down ladder 8745						2			~geometry ~duration
2777 6119 1	2775 6119 2	Climb-up ladder 8745						4	
2777 6119 2	2775 6119 1	Climb-down ladder 8746						2			~geometry ~duration
2778 4684 1	2777 4685 0	Climb-down Staircase 16673						2			~geometry ~duration
2780 2768 0	2779 2767 1	Climb-up Bamboo Ladder 4772						4	
2780 2768 1	2778 2768 0	Climb-down Bamboo Ladder 4778						2			~geometry ~duration
2780 2783 2	2780 2783 1	Climb-down Bamboo Ladder 4778						2			~geometry ~duration
2780 4684 1	2778 4684 2	Climb-up Ladder 17026						4	
2780 4684 2	2778 4684 1	Climb-down Ladder 16679						2			~geometry ~duration
2781 2784 1	2779 2784 0	Climb-down Bamboo Ladder 4778						2			~geometry ~duration
2782 2783 1	2780 2783 2	Climb-up Bamboo Ladder 4772						4	
2783 3087 0	2781 3087 1	Climb-up Ladder 16683						4	
2783 3087 1	2781 3087 0	Climb-down Ladder 16679						2			~geometry ~duration
2784 6104 0	2782 6104 1	Climb-up ladder 8744						4	
2784 6104 1	2782 6104 0	Climb-down ladder 8746						2			~geometry ~duration
2784 6127 0	2782 6127 1	Climb-up ladder 8744						4	
2784 6127 1	2782 6127 0	Climb-down ladder 8746						2			~geometry ~duration
2787 2794 2	2786 2795 1	Climb-down Bamboo Ladder 4779						2			~geometry ~duration
2788 2784 2	2789 2783 1	Climb-down Bamboo Ladder 4779						2			~geometry ~duration
2788 2795 1	2787 2794 2	Climb-up Bamboo Ladder 4773						4	
2790 2784 1	2788 2784 2	Climb-up Bamboo Ladder 4773						4	
2790 2979 1	2788 2979 0	Climb-down Ladder 16679						2			~geometry ~duration
2793 2505 1	2793 2505 2	Climb-up Ship's ladder 245						4	
2793 2505 2	2793 2503 1	Climb-down Ship's ladder 246						2			~geometry ~duration
2795 2505 1	2795 2505 2	Climb-up Ship's ladder 245						4	
2795 2505 2	2795 2505 1	Climb-down Ship's ladder 246						2			~geometry ~duration
2795 2773 0	2793 2773 1	Climb-up Bamboo Ladder 4772						4	
2795 2773 1	2793 2773 0	Climb-down Bamboo Ladder 4778						2			~geometry ~duration
2795 3076 1	2795 3076 0	Climb-down Ladder 16679						2			~geometry ~duration
2796 3194 0	2797 3198 1	Climb-up Staircase 15653						2			~geometry ~duration
2797 3076 0	2795 3076 1	Climb-up Ladder 16683						4	
2800 2505 1	2800 2505 2	Climb-up Ship's ladder 245						4	
2800 2505 2	2800 2505 1	Climb-down Ship's ladder 246						2			~geometry ~duration
2801 6124 0	2799 6124 1	Climb-up ladder 8744						4	
2801 6124 1	2799 6124 0	Climb-down ladder 8746						2			~geometry ~duration
2802 2505 1	2802 2505 2	Climb-up Ship's ladder 245						4	
2802 2505 2	2802 2503 1	Climb-down Ship's ladder 246						2			~geometry ~duration
2803 2733 2	2803 2733 1	Climb-down Bamboo Ladder 4744						2			~geometry ~duration
2803 3075 0	2803 3075 1	Climb-up Ladder 16683						4	
2803 3075 1	2803 3075 0	Climb-down Ladder 16679						2			~geometry ~duration
2804 2734 0	2803 2733 1	Climb-up Bamboo Ladder 4743						4	
2806 2785 0	2804 2785 1	Climb-up Bamboo Ladder 4772						4	
2806 2785 1	2804 2785 0	Climb-down Bamboo Ladder 4778						2			~geometry ~duration
2807 6303 1	2806 6302 0	Climb-down Ladder 48304						2			~geometry ~duration
2808 3424 2	2808 3422 1	Climb-down Ship's ladder 246						2			~geometry ~duration
2809 3423 1	2808 3424 2	Climb-up Ship's ladder 245						4	
2810 3065 0	2808 3065 1	Climb-up Ladder 16683						4	
2810 3065 1	2808 3065 0	Climb-down Ladder 16679						2			~geometry ~duration
2811 3419 0	2809 3419 1	Climb-up Ship's ladder 272						4	
2811 3419 1	2809 3419 0	Climb-down Ship's ladder 273						2			~geometry ~duration
2811 3423 1	2812 3424 2	Climb-up Ship's ladder 245						4	
2812 3424 2	2811 3423 1	Climb-down Ship's ladder 246						2			~geometry ~duration
2817 3352 0	2816 3353 1	Climb-up Ladder 16683						4	
2817 3352 1	2815 3352 0	Climb-down Ladder 16679						2			~geometry ~duration
2817 6071 2	2817 6069 1	Climb Staircase 4415						2			~geometry ~duration
2819 6077 1	2817 6077 2	Climb-up Ladder 6281						4	
2820 6070 1	2816 6070 0	Climb Staircase 4418						2			~geometry ~duration
2821 6077 3	2821 6077 2	Climb Staircase 4415						2			~geometry ~duration
2822 6074 2	2822 6078 1	Climb Staircase 4418						2			~geometry ~duration
2824 3445 0	2824 3445 1	Climb-up Ladder 16683						4	
2824 3445 1	2824 3445 0	Climb-down Ladder 16679						2			~geometry ~duration
2827 6071 1	2827 6071 0	Climb Staircase 4415						2			~geometry ~duration
2827 6078 0	2825 6078 1	Climb-up Ladder 16683						4	
2827 6078 1	2825 6078 0	Climb-down Ladder 4911						2			~geometry ~duration
2828 3330 1	2828 3330 0	Climb-down Ship's ladder 273						2			~geometry ~duration
2830 3330 0	2828 3330 1	Climb-up Ship's ladder 272						4	
2836 3328 2	2834 3328 1	Climb-down Ship's ladder 246						2			~geometry ~duration
2836 3332 2	2834 3332 1	Climb-down Ship's ladder 246						2			~geometry ~duration
2842 3858 1	2843 3859 0	Climb-down Stairs 50505						2			~geometry ~duration
2842 3865 1	2843 3864 0	Climb-down Stairs 50505						2			~geometry ~duration
2842 5092 0	2842 5096 1	Climb-up Staircase 15645						2			~geometry ~duration
2845 3858 0	2842 3858 1	Climb-up Stairs 50503						2			~geometry ~duration
2845 3865 0	2842 3865 1	Climb-up Stairs 50504						2			~geometry ~duration
2848 3235 0	2847 3236 1	Climb-up Ship's ladder 272						4	
2848 3235 1	2848 3235 0	Climb-down Ship's ladder 273						2			~geometry ~duration
2853 3234 1	2853 3234 2	Climb-up Ship's ladder 245						4	
2853 3234 2	2851 3234 1	Climb-down Ship's ladder 246						2			~geometry ~duration
2853 3236 1	2853 3236 2	Climb-up Ship's ladder 245						4	
2853 3236 2	2851 3236 1	Climb-down Ship's ladder 246						2			~geometry ~duration
2854 5092 0	2854 5096 1	Climb-up Staircase 15645						2			~geometry ~duration
2856 3346 1	2856 3346 0	Climb-down Ladder 16679						2			~geometry ~duration
2858 3346 0	2856 3346 1	Climb-up Ladder 16683						4	
2861 5092 1	2861 5092 0	Climb-down Ladder 16679						2			~geometry ~duration
2863 5092 0	2861 5092 1	Climb-up Ladder 16683						4	
2864 2326 2	2863 2327 1	Climb-down Staircase 60023						2			~geometry ~duration
2868 6024 1	2866 6024 0	Climb Staircase 4415						2			~geometry ~duration
2870 6017 0	2868 6017 1	Climb-up Ladder 16683						4	
2870 6017 1	2868 6017 0	Climb-down Ladder 4911						2			~geometry ~duration
2872 10174 2	2872 10174 1	Climb-down Stairs 6086						2			~geometry ~duration
2872 10175 1	2871 10176 0	Climb-down Stairs 6086						2			~geometry ~duration
2873 6021 2	2873 6017 1	Climb Staircase 4417						2			~geometry ~duration
2874 6018 3	2872 6018 2	Climb Staircase 4415						2			~geometry ~duration
2878 6018 1	2876 6018 2	Climb-up Ladder 6280						4	
2878 6024 2	2878 6024 1	Climb Staircase 4415						2			~geometry ~duration
2891 3508 1	2889 3508 2	Climb-up Ladder 16683						4	
2891 3508 2	2889 3508 1	Climb-down Ladder 16679						2			~geometry ~duration
2896 3505 1	2894 3505 2	Climb-up Ladder 16683						4	
2896 3505 2	2894 3505 1	Climb-down Ladder 16679						2			~geometry ~duration
2896 3516 1	2894 3516 2	Climb-up Ladder 16683						4	
2896 3516 2	2894 3516 1	Climb-down Ladder 16679						2			~geometry ~duration
2896 5097 0	2893 5097 1	Climb-up Ladder 10309						4	
2897 3513 1	2896 3512 0	Climb-down Staircase 16673						2			~geometry ~duration
2905 6176 1	2903 6176 2	Climb-up ladder 8745						4	
2905 6176 1	2904 6176 0	Climb-down ladder 8745						2			~geometry ~duration
2905 6176 2	2903 6176 1	Climb-down ladder 8746						2			~geometry ~duration
2905 6183 0	2904 6182 1	Climb-up ladder 8744						4	
2905 6183 1	2903 6183 0	Climb-down ladder 8745						2			~geometry ~duration
2905 6183 1	2904 6182 2	Climb-up ladder 8745						4	
2905 6183 2	2904 6182 1	Climb-down ladder 8746						2			~geometry ~duration
2912 6168 0	2910 6168 1	Climb-up ladder 8744						4	
2912 6168 1	2910 6168 0	Climb-down ladder 8746						2			~geometry ~duration
2912 6191 0	2910 6191 1	Climb-up ladder 8744						4	
2912 6191 1	2910 6191 0	Climb-down ladder 8746						2			~geometry ~duration
2922 4688 0	2922 4684 1	Climb-up Staircase 15646						2			~geometry ~duration
2922 4695 0	2922 4699 1	Climb-up Staircase 15646						2			~geometry ~duration
2924 3240 0	2923 3241 1	Climb-up Ladder 16683						4	
2924 3240 1	2922 3240 0	Climb-down Ladder 16679						2			~geometry ~duration
2924 3248 1	2922 3248 0	Climb-down Ladder 16679						2			~geometry ~duration
2926 3258 0	2925 3257 1	Climb-up Ladder 17028						4	
2926 3258 1	2924 3258 0	Climb-down Ladder 25045						2			~geometry ~duration
2929 3256 1	2927 3256 0	Climb-down Ladder 16679						2			~geometry ~duration
2929 3258 1	2929 3258 2	Climb-up Ladder 17028						4	
2929 3258 2	2929 3258 1	Climb-down Ladder 16679						2			~geometry ~duration
2929 4711 0	2927 4711 1	Climb-up Ladder 2833						4	
2929 4711 1	2927 4711 0	Climb-down Ladder 17122						2			~geometry ~duration
2929 6188 0	2927 6188 1	Climb-up ladder 8744						4	
2929 6188 1	2927 6188 0	Climb-down ladder 8746						2			~geometry ~duration
2930 3240 0	2928 3240 1	Climb-up Ladder 17028						4	
2930 3240 1	2928 3240 0	Climb-down Ladder 16679						2			~geometry ~duration
2930 3245 1	2928 3245 2	Climb-up Ladder 17028						4	
2930 3245 2	2928 3245 1	Climb-down Ladder 16679						2			~geometry ~duration
2931 3244 1	2931 3244 2	Climb-up Ladder 16683						4	
2931 3244 2	2931 3244 1	Climb-down Ladder 16679						2			~geometry ~duration
2932 4711 2	2932 4711 1	Climb-down Ladder 2797						2			~geometry ~duration
2933 3282 1	2932 3281 0	Climb-down Staircase 9584						2			~geometry ~duration
2934 4711 1	2932 4711 2	Climb-up Ladder 2796						4	
2935 3243 1	2933 3243 2	Climb-up Ladder 17028						4	
2935 3243 2	2933 3243 1	Climb-down Ladder 16679						2			~geometry ~duration
2935 3244 1	2934 3245 2	Climb-up Ladder 16683						4	
2935 3244 2	2934 3245 1	Climb-down Ladder 16679						2			~geometry ~duration
2935 3254 1	2933 3254 2	Climb-up Ladder 16683						4	
2935 3254 2	2933 3254 1	Climb-down Ladder 16679						2			~geometry ~duration
2937 3250 1	2937 3250 2	Climb-up Ladder 16683						4	
2937 3255 1	2937 3255 2	Climb-up Ladder 17028						4	
2938 3240 0	2936 3240 1	Climb-up Ladder 17028						4	
2938 3240 1	2936 3240 0	Climb-down Ladder 16679						2			~geometry ~duration
2938 3247 1	2936 3247 2	Climb-up Ladder 17028						4	
2938 3247 2	2936 3247 1	Climb-down Ladder 16679						2			~geometry ~duration
2939 3240 1	2939 3240 2	Climb-up Ladder 17028						4	
2939 3240 2	2939 3240 1	Climb-down Ladder 16679						2			~geometry ~duration
2939 3250 2	2937 3250 1	Climb-down Ladder 16679						2			~geometry ~duration
2939 3255 2	2937 3255 1	Climb-down Ladder 16679						2			~geometry ~duration
2939 3257 1	2939 3257 2	Climb-up Ladder 16683						4	
2939 3257 2	2939 3257 1	Climb-down Ladder 16679						2			~geometry ~duration
2939 3517 0	2939 3517 1	Climb Ladder 31580						4	
2939 3517 1	2939 3517 0	Climb Ladder 31579						2			~geometry ~duration
2941 4681 0	2939 4681 1	Climb-up Ladder 16683						4	
2941 4681 1	2939 4681 0	Climb-down Ladder 16679						2			~geometry ~duration
2947 3363 0	2946 3362 1	Climb-up Ladder 24082						4	
2947 3363 1	2946 3362 0	Climb-down Ladder 24084						2			~geometry ~duration
2952 5061 2	2955 5061 1	Climb-down Ladder 7221						2			~geometry ~duration
2961 5093 2	2960 5091 1	Climb-down Ladder 7221						2			~geometry ~duration
2969 5009 2	2968 5007 1	Climb-down Ladder 7221						2			~geometry ~duration
2983 5077 2	2980 5077 1	Climb-down Ladder 7221						2			~geometry ~duration
2988 5035 2	2985 5035 1	Climb-down Ladder 7221						2			~geometry ~duration
2991 3066 1	2991 3066 2	Climb-up Ship's ladder 245						4	
2991 3066 2	2989 3066 1	Climb-down Ship's ladder 246						2			~geometry ~duration
2991 3068 1	2991 3068 2	Climb-up Ship's ladder 245						4	
2991 3068 2	2989 3068 1	Climb-down Ship's ladder 246						2			~geometry ~duration
3011 3516 3	3009 3516 2	Climb-down Staircase 17155						2			~geometry ~duration
3012 3515 1	3011 3514 0	Climb-down Staircase 17155						2			~geometry ~duration
3014 3179 1	3012 3179 2	Climb-up Ladder 9558						4	
3014 3519 0	3015 3518 1	Climb-up Ladder 17148						4	
3015 3518 1	3014 3519 0	Climb-down Ladder 17149						2			~geometry ~duration
3015 3519 2	3016 3518 1	Climb-down Ladder 17149						2			~geometry ~duration
3016 3518 1	3015 3519 2	Climb-up Ladder 17148						4	
3016 5037 2	3015 5039 1	Climb-down Ladder 7221						2			~geometry ~duration
3018 3516 1	3016 3516 2	Climb-up Ladder 17148						4	
3018 3516 2	3016 3516 1	Climb-down Ladder 17149						2			~geometry ~duration
3022 3510 0	3021 3511 1	Climb-up Ladder 17148						4	
3022 3510 1	3020 3510 0	Climb-down Ladder 17149						2			~geometry ~duration
3022 3519 0	3021 3518 1	Climb-up Ladder 17159						4	
3023 3518 1	3022 3517 0	Climb-down Ladder 17160						2			~geometry ~duration
3023 3625 0	3021 3625 1	Climb-up Ladder 14745						4	
3023 3625 1	3021 3625 0	Climb-down Ladder 14747						2			~geometry ~duration
3023 3625 1	3021 3625 2	Climb-up Ladder 14747						4	
3023 3625 2	3021 3625 1	Climb-down Ladder 14747						2			~geometry ~duration
3023 3625 2	3021 3625 3	Climb-up Ladder 14747						4	
3023 3625 3	3021 3625 2	Climb-down Ladder 14746						2			~geometry ~duration
3023 3638 1	3021 3638 0	Climb-down Ladder 14747						2			~geometry ~duration
3023 3638 1	3021 3638 2	Climb-up Ladder 14747						4	
3023 3638 2	3021 3638 1	Climb-down Ladder 14747						2			~geometry ~duration
3023 3638 2	3021 3638 3	Climb-up Ladder 14747						4	
3023 3638 3	3021 3638 2	Climb-down Ladder 14746						2			~geometry ~duration
3024 3513 1	3022 3513 2	Climb-up Ladder 17148						4	
3024 3513 2	3022 3513 1	Climb-down Ladder 17149						2			~geometry ~duration
3026 3513 1	3024 3513 2	Climb-up Ladder 17148						4	
3026 3513 2	3024 3513 1	Climb-down Ladder 17149						2			~geometry ~duration
3028 3507 3	3028 3507 2	Climb-down Staircase 17155						2			~geometry ~duration
3028 5085 2	3027 5087 1	Climb-down Ladder 7221						2			~geometry ~duration
3030 5040 2	3029 5042 1	Climb-down Ladder 7221						2			~geometry ~duration
3035 5007 2	3034 5005 1	Climb-down Ladder 7221						2			~geometry ~duration
3037 3197 2	3037 3197 1	Climb-down Ship's ladder 246						2			~geometry ~duration
3037 3199 2	3037 3199 1	Climb-down Ship's ladder 246						2			~geometry ~duration
3037 3625 0	3035 3625 1	Climb-up Ladder 14745						4	
3037 3625 1	3035 3625 0	Climb-down Ladder 14747						2			~geometry ~duration
3037 3625 1	3035 3625 2	Climb-up Ladder 14747						4	
3037 3625 2	3035 3625 1	Climb-down Ladder 14747						2			~geometry ~duration
3037 3625 2	3035 3625 3	Climb-up Ladder 14747						4	
3037 3625 3	3035 3625 2	Climb-down Ladder 14746						2			~geometry ~duration
3037 3638 0	3035 3638 1	Climb-up Ladder 14745						4	
3037 3638 1	3035 3638 0	Climb-down Ladder 14747						2			~geometry ~duration
3037 3638 1	3035 3638 2	Climb-up Ladder 14747						4	
3037 3638 2	3035 3638 1	Climb-down Ladder 14747						2			~geometry ~duration
3037 3638 2	3035 3638 3	Climb-up Ladder 14747						4	
3037 3638 3	3035 3638 2	Climb-down Ladder 14746						2			~geometry ~duration
3042 3198 0	3042 3198 1	Climb-up Ship's ladder 272						4	
3043 3207 2	3043 3207 1	Climb-down Ship's ladder 246						2			~geometry ~duration
3043 3209 2	3043 3209 1	Climb-down Ship's ladder 246						2			~geometry ~duration
3045 3207 1	3043 3207 2	Climb-up Ship's ladder 245						4	
3045 3209 1	3043 3209 2	Climb-up Ship's ladder 245						4	
3045 5086 2	3044 5088 1	Climb-down Ladder 7221						2			~geometry ~duration
3048 3208 0	3048 3208 1	Climb-up Ladder 2592						4	
3048 3208 1	3048 3208 0	Climb-down Ladder 2590						2			~geometry ~duration
3048 9640 1	3048 9640 2	Climb-up Ladder 2592						4	
3048 9640 2	3048 9640 3	Climb-up Ladder 2592						4	
3051 3240 2	3051 3240 1	Climb-down Ship's ladder 246						2			~geometry ~duration
3051 3242 2	3051 3242 1	Climb-down Ship's ladder 246						2			~geometry ~duration
3053 3229 0	3052 3228 1	Climb-up Ship's ladder 272						4	
3053 3229 1	3051 3229 0	Climb-down Ship's ladder 273						2			~geometry ~duration
3058 5005 2	3057 5003 1	Climb-down Ladder 7221						2			~geometry ~duration
3059 3356 0	3059 3356 1	Climb-up Ladder 24070						4	
3059 3356 1	3057 3356 0	Climb-down Ladder 24071						2			~geometry ~duration
3068 2997 2	3068 2999 1	Climb-down Ship's ladder 246						2			~geometry ~duration
3069 2998 1	3068 2997 2	Climb-up Ship's ladder 245						4	
3071 2998 1	3072 2997 2	Climb-up Ship's ladder 245						4	
3071 3000 0	3069 3000 1	Climb-up Ship's ladder 272						4	
3071 3000 1	3069 3000 0	Climb-down Ship's ladder 273						2			~geometry ~duration
3071 3004 0	3069 3004 1	Climb-up Ship's ladder 272						4	
3071 3004 1	3069 3004 0	Climb-down Ship's ladder 273						2			~geometry ~duration
3072 2997 2	3071 2998 1	Climb-down Ship's ladder 246						2			~geometry ~duration
3094 3105 2	3093 3106 1	Climb-down Staircase 16673						2			~geometry ~duration
3109 3026 0	3109 3026 1	Climb-up Ladder 11794						4	
3109 3026 1	3109 3026 0	Climb-down Ladder 11795						2			~geometry ~duration
3127 3124 2	3125 3124 1	Climb-down Ladder 16679						2			~geometry ~duration
3146 2403 0	3146 2407 1	Climb-up Staircase 57890						2			~geometry ~duration
3146 2407 1	3146 2403 0	Climb-down Staircase 57891						2			~geometry ~duration
3155 3743 0	3154 3743 1	Climb-up Ladder 17028						4	
3160 2772 0	3158 2772 1	Climb-up Ladder 10493						4	
3160 2772 1	3158 2772 0	Climb-down Ladder 10494						2			~geometry ~duration
3163 2772 0	3161 2772 1	Climb-up Ladder 10493						4	
3163 2772 1	3161 2772 0	Climb-down Ladder 10494						2			~geometry ~duration
3168 2795 0	3166 2795 1	Climb-up Ladder 10493						4	
3168 2795 1	3166 2795 0	Climb-down Ladder 10494						2			~geometry ~duration
3174 2424 0	3174 2428 1	Climb-up Staircase 57890						2			~geometry ~duration
3174 2428 1	3174 2424 0	Climb-down Staircase 57891						2			~geometry ~duration
3182 2777 0	3180 2777 1	Climb-up Ladder 10493						4	
3182 2777 1	3180 2777 0	Climb-down Ladder 10494						2			~geometry ~duration
3185 3610 0	3183 3610 1	Climb-up Ladder 14745						4	
3185 3610 1	3183 3610 0	Climb-down Ladder 14747						2			~geometry ~duration
3185 3610 1	3183 3610 2	Climb-up Ladder 14747						4	
3185 3610 2	3183 3610 1	Climb-down Ladder 14747						2			~geometry ~duration
3185 3610 2	3183 3610 3	Climb-up Ladder 14747						4	
3185 3610 3	3183 3610 2	Climb-down Ladder 14746						2			~geometry ~duration
3189 3358 0	3189 3354 1	Climb-up Staircase 11797						2			~geometry ~duration
3220 6161 0	3219 6162 1	Climb-up ladder 8744						4	
3220 6161 1	3219 6162 0	Climb-down ladder 8746						2			~geometry ~duration
3220 6164 1	3219 6163 2	Climb-up ladder 8744						4	
3220 6164 2	3219 6163 1	Climb-down ladder 8746						2			~geometry ~duration
3232 6153 0	3230 6153 1	Climb-up ladder 8744						4	
3232 6153 1	3230 6153 0	Climb-down ladder 8746						2			~geometry ~duration
3251 3384 1	3251 3384 0	Climb-down Ladder 11802						2			~geometry ~duration
3253 3384 0	3251 3384 1	Climb-up Ladder 11794						4	
3255 6109 0	3253 6109 1	Climb Ladder 36221						4	
3260 3459 1	3260 3459 0	Climb-down Ladder 11802						2			~geometry ~duration
3262 3459 0	3260 3459 1	Climb-up Ladder 11801						4	
3268 6145 0	3267 6143 1	Climb Ladder 36232						4	
3282 3936 3	3281 3935 2	Climb-down Staircase 14737						2			~geometry ~duration
3291 3036 0	3289 3036 1	Climb-up Ladder 18903						4	
3291 3036 1	3289 3036 0	Climb-down Ladder 18904						2			~geometry ~duration
3295 6145 0	3294 6143 1	Climb Ladder 36231						4	
3303 3494 1	3303 3494 0	Climb-down Ladder 11802						2			~geometry ~duration
3305 3494 0	3303 3494 1	Climb-up Ladder 11794						4	
3311 3509 0	3309 3509 1	Climb-up Ladder 11794						4	
3311 3509 1	3309 3509 0	Climb-down Ladder 11795						2			~geometry ~duration
3336 5949 0	3336 5945 1	Climb-up Stairs 2711						2			~geometry ~duration
3349 5926 0	3353 5926 1	Climb-up Staircase 16668						2			~geometry ~duration
3352 5917 0	3352 5921 1	Climb-up Staircase 16668						2			~geometry ~duration
3353 5906 1	3353 5904 2	Climb-up Ladder 17026						4	
3353 5911 1	3353 5909 2	Climb-up Ladder 17026						4	
3354 5905 2	3353 5904 1	Climb-down Ladder 16685						2			~geometry ~duration
3354 5910 2	3353 5909 1	Climb-down Ladder 16685						2			~geometry ~duration
3354 5935 1	3353 5936 0	Climb-down Staircase 16673						2			~geometry ~duration
3355 5905 0	3354 5904 1	Climb-up Ladder 16683						4	
3355 5905 1	3354 5904 0	Climb-down Ladder 16679						2			~geometry ~duration
3355 5910 0	3354 5909 1	Climb-up Ladder 16683						4	
3355 5910 1	3354 5909 0	Climb-down Ladder 16679						2			~geometry ~duration
3358 2984 0	3356 2984 1	Climb-up Ladder 17028						4	
3360 5946 0	3358 5946 1	Climb-up Ladder 17026						4	
3360 5946 1	3358 5946 0	Climb-down Ladder 16685						2			~geometry ~duration
3362 3625 1	3362 3625 0	Climb Ladder 22274						2			~geometry ~duration
3364 4053 3	3362 4053 2	Climb-down Ladder 14746						2			~geometry ~duration
3364 4066 3	3362 4066 2	Climb-down Ladder 14746						2			~geometry ~duration
3364 4075 3	3363 4074 2	Climb-down Ladder 14746						2			~geometry ~duration
3369 3624 3	3369 3624 2	Climb-down Stairs 22254						2			~geometry ~duration
3369 3625 3	3369 3625 2	Climb-down Stairs 22252						2			~geometry ~duration
3369 3626 3	3369 3626 2	Climb-down Stairs 22253						2			~geometry ~duration
3370 5914 0	3369 5915 1	Climb-up Ladder 16683						4	
3370 5914 1	3368 5914 0	Climb-down Ladder 16679						2			~geometry ~duration
3379 5924 1	3378 5923 0	Climb-down Staircase 16673						2			~geometry ~duration
3379 5933 0	3377 5933 1	Climb-up Ladder 16683						4	
3379 5933 1	3377 5933 0	Climb-down Ladder 16679						2			~geometry ~duration
3387 5891 0	3385 5891 1	Climb-up Ship's ladder 9744						4	
3387 5891 1	3387 5891 0	Climb-down Ship's ladder 9745						2			~geometry ~duration
3396 5846 0	3394 5846 1	Climb-up Ladder 29062						4	
3396 5846 1	3394 5846 0	Climb-down Ladder 29089						2			~geometry ~duration
3400 5855 0	3398 5855 1	Climb-up Ladder 29062						4	
3400 5855 1	3398 5855 0	Climb-down Ladder 29089						2			~geometry ~duration
3416 4059 1	3416 4062 2	Climb-up Stairs 16734						2			~geometry ~duration
3416 4068 1	3416 4065 2	Climb-up Stairs 16734						2			~geometry ~duration
3417 4070 1	3418 4069 0	Climb-down Ladder 14746						2			~geometry ~duration
3419 3186 2	3420 3185 1	Climb-down Ladder 10494						2			~geometry ~duration
3419 4056 1	3422 4056 2	Climb-up Stairs 16734						2			~geometry ~duration
3419 4071 1	3422 4071 2	Climb-up Stairs 16734						2			~geometry ~duration
3421 5765 0	3419 5765 1	Climb-up Ladder 29062						4	
3421 5765 1	3419 5765 0	Climb-down Ladder 29089						2			~geometry ~duration
3428 4056 1	3425 4056 2	Climb-up Stairs 16734						2			~geometry ~duration
3428 4071 1	3425 4071 2	Climb-up Stairs 16734						2			~geometry ~duration
3429 5769 0	3427 5769 1	Climb-up Ladder 29062						4	
3429 5769 1	3427 5769 0	Climb-down Ladder 29089						2			~geometry ~duration
3431 4059 1	3431 4062 2	Climb-up Stairs 16734						2			~geometry ~duration
3431 4068 1	3431 4065 2	Climb-up Stairs 16734						2			~geometry ~duration
3479 3500 0	3477 3500 1	Climb-up Ladder 24351						4	
3479 3500 1	3477 3500 0	Climb-down Ladder 24352						2			~geometry ~duration
3482 5791 0	3480 5791 1	Climb-up Ladder 29062						4	
3482 5791 1	3481 5790 0	Climb-down Ladder 29089						2			~geometry ~duration
3490 3061 0	3488 3061 1	Climb-up Ladder 46811						4	
3490 3061 1	3489 3060 0	Climb-down Ladder 46812						2			~geometry ~duration
3491 3060 2	3491 3060 1	Climb-down Ladder 46812						2			~geometry ~duration
3491 9632 0	3489 9632 1	Climb-up Ladder 12779						4	
3492 3244 0	3490 3244 1	Climb-up Ladder 12907						4	
3493 3060 1	3491 3060 2	Climb-up Ladder 46811						4	
3500 3476 1	3500 3476 0	Climb-down Staircase 24359						2			~geometry ~duration
3501 3053 1	3502 3054 0	Climb-down Ladder 46812						2			~geometry ~duration
3502 3054 0	3501 3053 1	Climb-up Ladder 46811						4	
3609 3302 0	3608 3301 1	Climb-up Ladder 17974						4	
3609 3302 1	3607 3302 0	Climb-down Ladder 17975						2			~geometry ~duration
3611 3326 1	3611 3323 0	Climb-down Staircase 39492						2			~geometry ~duration
3611 3327 0	3611 3323 1	Climb-up Staircase 39491						2			~geometry ~duration
3612 3244 1	3612 3244 0	Climb-down Ladder 17975						2			~geometry ~duration
3613 3210 0	3612 3209 1	Climb-up Ladder 17974						4	
3614 3244 0	3612 3244 1	Climb-up Ladder 17974						4	
3616 3545 2	3615 3544 1	Climb-down Ship's ladder 16112						2			~geometry ~duration
3621 3246 1	3620 3245 0	Climb-down Ladder 17975						2			~geometry ~duration
3622 3245 0	3621 3244 1	Climb-up Ladder 17974						4	
3624 3308 0	3623 3309 1	Climb-up Ladder 17974						4	
3624 3308 1	3622 3308 0	Climb-down Ladder 17975						2			~geometry ~duration
3635 3325 1	3633 3325 2	Climb-up Ladder 17974						4	
3635 3325 2	3633 3325 1	Climb-down Ladder 17975						2			~geometry ~duration
3636 3323 0	3634 3323 1	Climb-up Ladder 17974						4	
3636 3323 1	3634 3323 0	Climb-down Ladder 17975						2			~geometry ~duration
3668 8688 1	3666 8688 0	Climb-down Staircase 42194						2			~geometry ~duration
3670 8597 0	3668 8597 1	Climb-up Ladder 42207						4	
3670 8618 0	3668 8618 1	Climb-up Ladder 42207						4	
3691 8597 0	3689 8597 1	Climb-up Ladder 42207						4	
3691 8618 0	3689 8618 1	Climb-up Ladder 42207						4	
3694 3509 2	3694 3509 1	Climb-down Ship's ladder 5416						2			~geometry ~duration
3695 3510 1	3694 3509 2	Climb-up Ship's ladder 5415						4	
3697 3510 1	3698 3509 2	Climb-up Ship's ladder 5415						4	
3697 3511 0	3695 3511 1	Climb-up Ship's ladder 16111						4	
3697 3511 1	3695 3511 0	Climb-down Ship's ladder 16112						2			~geometry ~duration
3697 3516 0	3695 3516 1	Climb-up Ship's ladder 16111						4	
3697 3516 1	3695 3516 0	Climb-down Ship's ladder 16112						2			~geometry ~duration
3698 3509 2	3697 3510 1	Climb-down Ship's ladder 5416						2			~geometry ~duration
3698 8659 1	3697 8658 0	Climb-down Staircase 42194						2			~geometry ~duration
3712 3493 2	3712 3495 1	Climb-down Ship's ladder 11290						2			~geometry ~duration
3712 3495 1	3712 3493 2	Climb-up Ship's ladder 11289						4	
3716 3493 2	3716 3495 1	Climb-down Ship's ladder 11290						2			~geometry ~duration
3716 3495 1	3716 3493 2	Climb-up Ship's ladder 11289						4	
3728 8659 1	3727 8658 0	Climb-down Staircase 42194						2			~geometry ~duration
3728 8747 1	3727 8746 0	Climb-down Staircase 42194						2			~geometry ~duration
3755 8689 1	3756 8690 0	Climb-down Staircase 42194						2			~geometry ~duration
3755 8719 1	3756 8720 0	Climb-down Staircase 42194						2			~geometry ~duration
3796 2872 3	3796 2872 2	Climb-down Stairs 22253						2			~geometry ~duration
3796 2873 3	3796 2873 2	Climb-down Stairs 22252						2			~geometry ~duration
3796 2874 3	3796 2874 2	Climb-down Stairs 22254						2			~geometry ~duration
3803 2873 1	3802 2872 0	Climb Ladder 22274						2			~geometry ~duration
3830 9254 0	3830 9253 1	Climb Ladder 22372						4	
3880 4892 0	3878 4892 1	Climb-up Ladder 11801						4	
3880 4892 1	3878 4892 0	Climb-down Ladder 11802						2			~geometry ~duration
3883 4873 0	3881 4873 1	Climb-up Ladder 11801						4	
3883 4873 1	3881 4873 0	Climb-down Ladder 11802						2			~geometry ~duration
3889 4919 0	3887 4919 1	Climb-up Ladder 11794						4	
3889 4919 1	3887 4919 0	Climb-down Ladder 11795						2			~geometry ~duration
3892 4886 0	3890 4886 1	Climb-up Ladder 11794						4	
3892 4886 1	3890 4886 0	Climb-down Ladder 11795						2			~geometry ~duration
3907 4888 0	3906 4889 1	Climb-up Ladder 11794						4	
3907 4888 1	3906 4889 0	Climb-down Ladder 11795						2			~geometry ~duration
3907 4906 0	3905 4906 1	Climb-up Ladder 11794						4	
3907 4906 1	3905 4906 0	Climb-down Ladder 11795						2			~geometry ~duration
3910 4867 0	3908 4867 1	Climb-up Ladder 11794						4	
3910 4867 1	3908 4867 0	Climb-down Ladder 11795						2			~geometry ~duration
3910 4969 2	3908 4969 3	Climb-up Ladder 11801						4	
3910 4969 3	3908 4969 2	Climb-down Ladder 11802						2			~geometry ~duration
3917 4882 0	3917 4882 1	Climb-up Ladder 11794						4	
3917 4944 0	3917 4948 1	Climb-up Staircase 11807						2			~geometry ~duration
3919 4882 1	3917 4882 0	Climb-down Ladder 11795						2			~geometry ~duration
3929 4944 1	3927 4944 2	Climb-up Ladder 11801						4	
3929 4944 2	3927 4944 1	Climb-down Ladder 11802						2			~geometry ~duration
3930 4866 0	3934 4866 1	Climb-up Staircase 11796						2			~geometry ~duration
3938 4896 0	3936 4896 1	Climb-up Ladder 11794						4	
3938 4896 1	3936 4896 0	Climb-down Ladder 11795						2			~geometry ~duration
3952 4881 0	3950 4881 1	Climb-up Ladder 11794						4	
3952 4881 1	3950 4881 0	Climb-down Ladder 11795						2			~geometry ~duration
3964 4931 1	3964 4931 0	Climb-down Ladder 11802						2			~geometry ~duration
3966 4931 0	3964 4931 1	Climb-up Ladder 11801						4	
3967 4875 0	3965 4875 1	Climb-up Ladder 11794						4	
3967 4875 1	3965 4875 0	Climb-down Ladder 11795						2			~geometry ~duration
3971 4923 0	3971 4927 1	Climb-up Staircase 11798						2			~geometry ~duration
3986 4870 1	3986 4870 0	Climb-down Ladder 11802						2			~geometry ~duration
3988 4870 0	3986 4870 1	Climb-up Ladder 11801						4	
4007 4966 1	4007 4966 0	Climb-down Ladder 11802						2			~geometry ~duration
4009 4966 0	4007 4966 1	Climb-up Ladder 11794						4	
4015 4981 0	4013 4981 1	Climb-up Ladder 11794						4	
4015 4981 1	4013 4981 0	Climb-down Ladder 11795						2			~geometry ~duration
4143 4855 1	4141 4855 2	Climb-up Ladder 53370						4	
4143 4855 2	4141 4855 1	Climb-down Ladder 53371						2			~geometry ~duration
4174 4956 2	4173 4956 1	Climb-down Stairs 53948						2			~geometry ~duration
1318 10189 2	1313 10189 1	Climb Steps 34531						2			~geometry ~duration
1334 10206 1	1329 10206 0	Climb Steps 34531						2			~geometry ~duration
2634 4054 0	2635 4054 1	Climb Ice steps 21095						2			~geometry ~duration
# Underground Pass deep-section bridges derived from cache geometry (derive_bridges.py, 2026-07-22): 1x3 Cross bridges, ends collision-validated, durations capture-calibrated (bridge mode 5t, n=23). Meta-tagged pending field confirmation.
2127 4591 1	2127 4595 1	Cross Bridge 3254						5			~geometry ~duration
2127 4595 1	2127 4591 1	Cross Bridge 3254						5			~geometry ~duration
2126 4610 1	2130 4610 1	Cross Bridge 3254						5			~geometry ~duration
2130 4610 1	2126 4610 1	Cross Bridge 3254						5			~geometry ~duration
2135 4584 1	2139 4584 1	Cross Bridge 3254						5			~geometry ~duration
2139 4584 1	2135 4584 1	Cross Bridge 3254						5			~geometry ~duration
2142 4561 1	2142 4565 1	Cross Bridge 3254						5			~geometry ~duration
2142 4565 1	2142 4561 1	Cross Bridge 3254						5			~geometry ~duration
2147 4614 1	2151 4614 1	Cross Bridge 3254						5			~geometry ~duration
2151 4614 1	2147 4614 1	Cross Bridge 3254						5			~geometry ~duration
2154 4689 1	2154 4693 1	Cross Bridge 3254						5			~geometry ~duration
2154 4693 1	2154 4689 1	Cross Bridge 3254						5			~geometry ~duration
2161 4636 1	2161 4640 1	Cross Bridge 3254						5			~geometry ~duration
2161 4640 1	2161 4636 1	Cross Bridge 3254						5			~geometry ~duration
2162 4662 1	2162 4666 1	Cross Bridge 3254						5			~geometry ~duration
2162 4666 1	2162 4662 1	Cross Bridge 3254						5			~geometry ~duration
2120 4686 1	2124 4686 1	Cross Bridge 3255						5			~geometry ~duration
2124 4686 1	2120 4686 1	Cross Bridge 3255						5			~geometry ~duration
2123 4581 1	2123 4585 1	Cross Bridge 3255						5			~geometry ~duration
2123 4585 1	2123 4581 1	Cross Bridge 3255						5			~geometry ~duration
2123 4615 1	2123 4619 1	Cross Bridge 3255						5			~geometry ~duration
2123 4619 1	2123 4615 1	Cross Bridge 3255						5			~geometry ~duration
2125 4566 1	2129 4566 1	Cross Bridge 3255						5			~geometry ~duration
2129 4566 1	2125 4566 1	Cross Bridge 3255						5			~geometry ~duration
2142 4604 1	2146 4604 1	Cross Bridge 3255						5			~geometry ~duration
2146 4604 1	2142 4604 1	Cross Bridge 3255						5			~geometry ~duration
2146 4583 1	2150 4583 1	Cross Bridge 3255						5			~geometry ~duration
2150 4583 1	2146 4583 1	Cross Bridge 3255						5			~geometry ~duration
2155 4582 1	2159 4582 1	Cross Bridge 3255						5			~geometry ~duration
2159 4582 1	2155 4582 1	Cross Bridge 3255						5			~geometry ~duration
2160 4624 1	2160 4628 1	Cross Bridge 3255						5			~geometry ~duration
2160 4628 1	2160 4624 1	Cross Bridge 3255						5			~geometry ~duration
2161 4598 1	2161 4602 1	Cross Bridge 3255						5			~geometry ~duration
2161 4602 1	2161 4598 1	Cross Bridge 3255						5			~geometry ~duration
2161 4653 1	2161 4657 1	Cross Bridge 3255						5			~geometry ~duration
2161 4657 1	2161 4653 1	Cross Bridge 3255						5			~geometry ~duration
2163 4686 1	2167 4686 1	Cross Bridge 3255						5			~geometry ~duration
2167 4686 1	2163 4686 1	Cross Bridge 3255						5			~geometry ~duration
2447 9722 0	2443 9716 0	Fire-at Guide rope 3340						20		Needs a bow and a lit fire arrow	~duration
# Underground Pass campaign: field-captured rows promoted from the dev audit (transport-captures.tsv, 2026-07-22) — geometry and durations measured in-game. Plus the level-1 rope swing (cache geometry, rope advisory).
2435 3314 0	2495 9716 0	Enter Cave entrance 3213						1	
2435 3315 0	2495 9716 0	Enter Cave entrance 3213						1	
2485 9720 0	2485 9722 0	Climb-over Rockslide 3309						4	
2485 9722 0	2485 9720 0	Climb-over Rockslide 3309						3	
2485 9719 0	2485 9722 0	Climb-over Rockslide 3309						3	
2436 3315 0	2495 9716 0	Enter Cave entrance 3213						3	
2482 9715 0	2480 9712 0	Climb-over Rockslide 3309						8	
2480 9712 0	2480 9714 0	Climb-over Rockslide 3309						4	
2481 9629 0	2478 9629 0	Climb-over Rockslide 3309						3	
2478 9629 0	2480 9629 0	Climb-over Rockslide 3309						4	
2466 9646 0	2468 9646 0	Climb-over Rockslide 3309						4	
2468 9646 0	2466 9646 0	Climb-over Rockslide 3309						4	
2458 9634 0	2455 9633 0	Climb-over Rockslide 3309						4	
2455 9633 0	2457 9633 0	Climb-over Rockslide 3309						4	
2457 9633 0	2455 9633 0	Climb-over Rockslide 3309						3	
2456 9647 0	2454 9647 0	Climb-over Rockslide 3309						3	
2454 9647 0	2456 9647 0	Climb-over Rockslide 3309						4	
2449 9650 0	2447 9650 0	Climb-over Rockslide 3309						4	
2444 9651 0	2482 9715 0	Climb Pile of rocks 3265						5	
2479 9720 0	2477 9721 0	Climb-over Rockslide 3309						4	
2477 9721 0	2479 9721 0	Climb-over Rockslide 3309						4	
2479 9721 0	2477 9721 0	Climb-over Rockslide 3309						4	
2469 9723 0	2466 9723 0	Climb-over Rockslide 3309						4	
2466 9723 0	2468 9723 0	Climb-over Rockslide 3309						4	
2461 9722 0	2460 9719 0	Climb-over Rockslide 3309						4	
2460 9719 0	2460 9721 0	Climb-over Rockslide 3309						2	
2480 9714 0	2480 9712 0	Climb-over Rockslide 3309						2	
2473 9706 0	2470 9706 0	Climb-over Rockslide 3309						4	
2470 9706 0	2472 9706 0	Climb-over Rockslide 3309						4	
2458 9710 0	2458 9713 0	Climb-over Rockslide 3309						4	
2458 9713 0	2458 9711 0	Climb-over Rockslide 3309						4	
2458 9711 0	2458 9713 0	Climb-over Rockslide 3309						3	
2465 9723 0	2468 9723 0	Climb-over Rockslide 3309						3	
2477 9724 0	2479 9724 0	Climb-over Rockslide 3309						4	
2477 9722 0	2479 9721 0	Climb-over Rockslide 3309						4	
2572 3289 1	2572 3288 2	Climb-up Ladder 17026						4	
2572 3288 2	2572 3288 1	Climb-down Ladder 16685						2	
2572 3291 2	2572 3291 1	Climb-down Ladder 16685						1	
2572 3302 1	2572 3302 2	Climb-up Ladder 17026						4	
2572 3305 1	2572 3305 2	Climb-up Ladder 17026						3	
2572 3305 2	2572 3305 1	Climb-down Ladder 16685						1	
1246 3038 0	1277 3168 0	Crawl-through Cave 57631						2	
2495 9714 0	2436 3315 0	Leave Cave exit 3214						3	
2495 9716 0	2436 3315 0	Leave Cave exit 3214						3	
2480 9715 0	2480 9712 0	Climb-over Rockslide 3309						3	
2447 9722 0	2442 9716 0							1	Fire-at Guide Rope
2436 9715 0	2447 9716 0	Pull Lever 3241						1	Pull Lever
2491 9693 0	2491 9690 0	Climb-over Rockslide 3309						4	
2491 9690 0	2491 9692 0	Climb-over Rockslide 3309						3	
2491 9692 0	2491 9690 0	Climb-over Rockslide 3309						4	
2484 9679 0	2481 9679 0	Climb-over Rockslide 3309						4	
2481 9679 0	2483 9679 0	Climb-over Rockslide 3309						4	
2483 9679 0	2481 9679 0	Climb-over Rockslide 3309						4	
2466 9674 0	2464 9677 0	Pull Lever 3337						4	
2419 9674 0	2423 9660 0	Climb-down Well 3264						4	
2423 9660 0	2418 9674 0	Climb Rockpile 3307						4	
2418 9676 0	2423 9660 0	Climb-down Well 3264						4	
2392 9646 0	2393 9651 0	Enter Cave 3217						2	
2393 9651 0	2392 9646 0	Loose Mud 3216		Spade				1	Use Spade
2374 9638 0	2375 9644 0	Cross Ledge 3238						8	
2375 9644 0	2374 9638 0	Cross Ledge 3238						8	
2398 9632 0	2399 9634 0	Cross Stone bridge 3276						6	
2395 9634 0	2397 9636 0	Cross Stone bridge 3276						10	
2405 9637 0	2406 9635 0	Cross Stone bridge 3276						6	
2408 9634 0	2405 9632 0	Cross Stone bridge 3276						7	
2420 9606 0	2387 9605 0	Squeeze-through Pipe 3237						10	
2387 9605 0	2419 9605 0	Squeeze-through Pipe 3237						10	
2419 9605 0	2387 9605 0	Squeeze-through Pipe 3237						11	
2376 9609 0	2371 9666 0	Pass-through Tunnel 3219						3	
2371 9666 0	2376 9610 0	Pass-through Tunnel 3219						3	
2376 9610 0	2371 9666 0	Pass-through Tunnel 3218						3	
2154 4694 1	2154 4689 1	Cross Bridge 3254						5	
2155 4702 1	2155 4707 1	Cross Bridge 3255						5	
2155 4707 1	2155 4703 1	Cross Bridge 3255						4	
2155 4703 1	2155 4707 1	Cross Bridge 3255						5	
2155 4716 1	2155 4721 1	Cross Bridge 3254						5	
2155 4721 1	2155 4717 1	Cross Bridge 3254						4	
2155 4717 1	2155 4721 1	Cross Bridge 3254						5	
2157 4723 1	2161 4724 1	Cross Bridge 3254						5	
2161 4724 1	2157 4724 1	Cross Bridge 3254						5	
2147 4720 1	2145 4716 1	Cross Bridge 3254						5	
2145 4716 1	2145 4720 1	Cross Bridge 3254						5	
2145 4720 1	2145 4716 1	Cross Bridge 3254						5	
2125 4686 1	2120 4686 1	Cross Bridge 3255						5	
2161 4641 1	2161 4636 1	Cross Bridge 3254						5	
2010 4712 1	2343 9622 0	Climb-down Well 4004						1	
2343 9622 0	2010 4712 1	Climb-down Well 4005						1	
2315 9625 0	2312 3216 0	Leave Cave exit 4007						3	
2312 3216 0	2314 9624 0	Enter Cave entrance 4006						3	
2314 9624 0	2312 3216 0	Leave Cave exit 4007						3	
2437 3315 0	2495 9716 0	Enter Cave entrance 3213						3	
2462 9699 0	2466 9699 0			954=1				1	
2464 9692 0	2460 9692 0			954=1&954=1				1	
2484 9679 0	2483 9679 0	Climb-over Rockslide 3309						1	
2374 9641 0	2375 9644 0	Cross Ledge 3238						5	
2379 9634 0	2380 9632 0	Cross Stone bridge 3276						6	
2380 9632 0	2381 9634 0	Cross Stone bridge 3276						12	
2162 4667 1	2162 4662 1	Cross Bridge 3254						5	
2355 9657 0	2267 3205 0	Climb Protruding rocks 3927						3	
2928 3255 1	2928 3255 0	Climb-down Ladder 16679						3	
2926 3258 1	2926 3258 0	Climb-down Ladder 25045						3	
2934 3253 1	2934 3253 2	Climb-up Ladder 16683						4	
2934 3253 2	2934 3253 1	Climb-down Ladder 16679						2	
2939 3240 1	2938 3240 0	Climb-down Ladder 16679						3	
2933 3241 0	2932 9641 0	Climb-down Ladder 2605						1	
2937 9657 0	2938 3257 0	Climb-up Ladder 17385						4	
2938 3257 0	2938 9657 0	Climb-down Ladder 17384						1	
2937 9656 0	2938 3257 0	Climb-up Ladder 17385						4	
3047 3204 0	3047 3207 1	Cross Gangplank 2593						1	
3047 3207 1	3047 3204 0	Cross Gangplank 2594						2	
3048 3208 1	3048 9640 1	Climb-down Ladder 2590						4	
3046 3207 1	3043 3207 2	Climb-up Ship's ladder 245						1	
3046 3209 1	3043 3209 2	Climb-up Ship's ladder 245						2	
2845 9635 0	2847 9635 0	Climb-over Wall 25161						4	
2848 9636 0	2845 9635 0	Climb-over Wall 25161						5	
2716 3463 0	3176 5726 0	Enter Death's Domain 39546						6	
2670 10097 2	2666 3694 0	Climb-up Ladder 4188						4	
2644 3659 0	2631 10004 0	Climb-down Ladder 4158						3	
2631 10004 0	2644 3658 0	Climb-up Ladder 4159						3	
2644 3658 0	2631 10004 0	Climb-down Ladder 4158						3	
2665 10038 0	2649 3661 0	Climb-up Ladder 4160						2	
2631 3664 0	2631 3664 2	Climb-up Ladder 4163						4	
2636 3662 2	2636 3662 0	Climb-down Trapdoor 4173						1	
2635 3663 0	2635 3663 2	Climb-up Ladder 4164						4	
2635 3664 2	2636 3664 0	Climb-down Trapdoor 4173						1	
1276 3167 0	1246 3038 0	Crawl-through Cave 57631						3	
1867 5324 0	3213 3222 0	Pass-through Barrier 12352						2	
1861 5318 0	3207 3217 0	Pass-through Barrier 12351						1	
3379 9718 0	3363 3316 0	Enter Exit Teleport 23677						1	
3362 3317 0	3363 9649 0	Enter Enchanters Teleport 23674						1	
3363 3320 0	3366 9623 2	Enter Alchemists Teleport 23675						1	
3364 3318 0	3363 9639 1	Enter Graveyard Teleport 23676						1	
3363 9639 1	3365 3318 0	Enter Exit Teleport 23677						2	
3364 3316 0	3373 9697 0	Enter Telekinetic Teleport 23673						1	
3363 3314 0	3373 9697 0	Enter Telekinetic Teleport 23673						2	
3361 3318 0	3354 9640 0	Enter Enchanters Teleport 23674						1	
3363 9648 0	3361 3318 0	Enter Exit Teleport 23677						1	
3362 9624 2	3363 3320 0	Enter Exit Teleport 23677						2	
3363 3319 0	3366 9623 2	Enter Alchemists Teleport 23675						1	
3364 3319 0	3363 9639 1	Enter Graveyard Teleport 23676						1	
3361 3318 0	3363 9630 0	Enter Enchanters Teleport 23674						1	
3372 9640 0	3361 3318 0	Enter Exit Teleport 23677						2	
3363 3316 0	3373 9697 0	Enter Telekinetic Teleport 23673						2	
3367 9679 2	3363 3316 0	Enter Exit Teleport 23677						1	
3363 3320 0	3363 9623 2	Enter Alchemists Teleport 23675						2	
3366 9625 2	3363 3320 0	Enter Exit Teleport 23677						3	
3365 3318 0	3363 9639 1	Enter Graveyard Teleport 23676						2	
3364 3317 0	3373 9697 0	Enter Telekinetic Teleport 23673						2	
3362 3317 0	3354 9640 0	Enter Enchanters Teleport 23674						2	
3355 9640 0	3361 3318 0	Enter Exit Teleport 23677						2	
3362 9631 0	3361 3318 0	Enter Exit Teleport 23677						2	
3361 3318 0	3373 9640 0	Enter Enchanters Teleport 23674						1	
2950 9514 1	2950 9520 1	Enter Underwater Cavern Entrance 12461						3	
2950 9520 1	2950 9515 1	Exit Underwater Cavern Entrance 12462						1	
2950 9521 1	2949 9515 1	Exit Underwater Cavern Entrance 12463						1	
2950 9521 1	2950 9515 1	Exit Underwater Cavern Entrance 12462						1	
2964 9479 1	1887 4827 1	Climb Anchor 12475						5	
1861 5317 0	3207 3217 0	Pass-through Barrier 12351						1	
2784 3086 0	2783 3087 1	Climb-up Ladder 16683						4	
2783 3087 1	2783 3087 0	Climb-down Ladder 16679						1	
2782 3086 1	2782 3086 0	Climb-down Ladder 16679						2	
2808 3064 0	2809 3064 1	Climb-up Ladder 16683						4	
2809 3064 1	2809 3064 0	Climb-down Ladder 16679						2	
2804 3074 1	2804 3074 0	Climb-down Ladder 16679						3	
2802 3076 0	2803 3075 1	Climb-up Ladder 16683						4	
2797 3075 1	2796 3075 0	Climb-down Ladder 16679						3	
2796 3075 0	2796 3075 1	Climb-up Ladder 16683						3	
2767 3120 0	2766 3120 1	Climb-up Ladder 16683						4	
2766 3120 1	2766 3120 0	Climb-down Ladder 16682						1	
2763 3434 0	2761 3437 0	Climb-over Stile 993						5	
2759 3438 0	2761 3436 0	Climb-over Stile 993						5	
2765 5131 0	3315 2796 0	Climb-up Ladder 20280						3	
2766 5131 0	2166 4409 2	Climb-down Trapdoor 20340						4	
2116 4364 2	2297 4298 0	Climb-down Ladder 20287						3	
2116 4364 2	2257 4316 0	Climb-down Ladder 20287						1	
2677 3404 0	2677 9804 0	Climb-down Ladder 17384						3	
2649 9808 0	2641 9764 0	Climb-down Stairs 98						2	
2665 9855 0	2682 9854 0	Pull Lever 91						7	
2462 5718 0	2793 4828 0	Enter Guardian of Mind 43822						1	
2470 5724 0	2726 4832 0	Enter Guardian of Water 43821						2	
1610 3797 1	1617 3797 0	Climb Stairs 27856						2	
1610 3796 1	1617 3797 0	Climb Stairs 27856						3	
1610 3825 1	1617 3825 0	Climb Stairs 27855						2	
1617 3826 0	1610 3827 1	Climb Stairs 27854						2	
1615 3819 1	1608 3819 2	Climb Stairs 27851						1	
1650 3828 2	1643 3828 1	Climb Stairs 27852						2	
1614 3680 1	1618 3680 0	Climb-down Staircase 11799						2	
1619 3667 0	1614 3666 1	Climb-up Staircase 11807						2	
1614 3666 1	1618 3666 0	Climb-down Staircase 11799						2	
1618 3666 0	1614 3666 1	Climb-up Staircase 11807						1	
1614 3667 1	1618 3666 0	Climb-down Staircase 11799						2	
1623 3664 0	3176 5726 0	Enter Death's domain 42344						6	
1613 3647 0	1613 3647 1	Climb-up Ladder 11794						3	
1613 3648 1	1613 3649 2	Climb-up Ladder 11794						4	
1613 3649 2	1613 3649 1	Climb-down Ladder 11802						2	
1613 3648 1	1613 3647 0	Climb-down Ladder 11802						2	
1614 3648 2	1613 3649 1	Climb-down Ladder 11802						3	
1619 3679 0	1614 3680 1	Climb-up Staircase 11807						2	
1618 3680 0	1614 3680 1	Climb-up Staircase 11807						2	
1616 3685 1	1616 3686 2	Climb-up Staircase 12536						2	
1618 3660 1	1617 3660 2	Climb-up Staircase 12536						2	
1617 3660 1	1617 3660 2	Climb-up Staircase 12536						2	
1617 3660 2	1617 3660 1	Climb-down Staircase 12538						2	
1614 3682 1	1618 3681 0	Climb-down Staircase 11799						2	
1614 3698 0	1613 3699 1	Climb-up Ladder 11794						4	
1613 3699 0	1613 3699 1	Climb-up Ladder 11794						3	
1614 3696 2	1614 3696 1	Climb-down Ladder 11802						3	
1613 3699 1	1613 3699 0	Climb-down Ladder 11802						2	
1631 3746 0	1631 3738 1	Climb Stairs 27853						2	
1631 3738 1	1631 3745 0	Climb Stairs 27855						2	
1629 3745 0	1629 3738 1	Climb Stairs 27854						2	
1629 3738 1	1629 3745 0	Climb Stairs 27856						1	
1630 3745 0	1630 3738 1	Climb Stairs 27853						1	
1630 3738 1	1630 3745 0	Climb Stairs 27855						1	
1628 3745 0	1628 3738 1	Climb Stairs 27854						2	
1628 3738 1	1628 3745 0	Climb Stairs 27856						2	
1651 3752 0	1650 3760 1	Climb Stairs 27851						1	
1650 3760 1	1650 3753 0	Climb Stairs 27852						2	
1653 3724 0	1654 3717 1	Climb Stairs 27851						2	
1654 3717 1	1654 3724 0	Climb Stairs 27852						2	
1648 3724 1	1647 3717 2	Climb Stairs 27851						2	
1647 3717 2	1647 3724 1	Climb Stairs 27852						2	
1653 3717 1	1654 3724 0	Climb Stairs 27852						1	
1667 3729 0	1667 3722 1	Climb Stairs 27851						2	
1667 3722 1	1667 3729 0	Climb Stairs 27852						2	
1693 3718 0	1685 3717 1	Climb Stairs 27854						2	
1685 3717 1	1692 3717 0	Climb Stairs 27856						2	
1685 3722 1	1685 3730 2	Climb Stairs 27851						2	
1685 3730 2	1685 3723 1	Climb Stairs 27852						1	
1698 3715 1	1699 3722 2	Climb Stairs 27851						1	
1699 3722 2	1699 3715 1	Climb Stairs 27852						1	
1685 3713 1	1692 3714 0	Climb Stairs 27855						1	
1698 3770 0	1705 3771 1	Climb Stairs 27851						2	
1705 3771 1	1698 3771 0	Climb Stairs 27852						1	
1718 3764 0	1718 3772 1	Climb Stairs 27854						2	
1718 3772 1	1718 3765 0	Climb Stairs 27856						2	
1722 3765 1	1723 3772 2	Climb Stairs 27851						2	
1725 3772 2	1724 3765 1	Climb Stairs 27852						2	
1719 3772 1	1718 3765 0	Climb Stairs 27856						2	
1718 3739 0	1725 3739 1	Climb Stairs 27851						2	
1725 3739 1	1718 3739 0	Climb Stairs 27852						1	
1718 3741 0	1725 3739 1	Climb Stairs 27851						2	
1726 3739 1	1718 3739 0	Climb Stairs 27852						2	
1720 3725 0	1721 3717 1	Climb Stairs 27851						2	
1721 3717 1	1721 3724 0	Climb Stairs 27852						2	
1680 3770 0	1688 3771 1	Climb Stairs 27851						2	
1688 3771 1	1681 3771 0	Climb Stairs 27852						2	
1681 3765 1	1688 3764 2	Climb Stairs 27851						2	
1688 3763 2	1681 3763 1	Climb Stairs 27852						2	
1688 3770 1	1681 3771 0	Climb Stairs 27852						1	
1587 3821 0	1580 3820 1	Climb Stairs 33575						1	
1580 3820 1	1587 3820 0	Climb Stairs 33577						2	
1587 3819 0	1580 3819 1	Climb Stairs 33574						2	
1580 3819 1	1587 3819 0	Climb Stairs 33576						1	
1580 3818 1	1587 3818 0	Climb Stairs 33576						1	
1311 10188 0	1311 3807 0	Exit Cave exit 34514						3	
1311 3807 0	1311 10188 0	Activate Elevator 34359						5			~duration
1320 10206 0	1322 10206 0	Climb Rocks 34544						4	
1322 10206 0	1320 10206 0	Climb Rocks 34544						3	
1312 10216 0	1312 10214 0	Climb Rocks 34544						4	
1303 10206 0	1301 10206 0	Climb Rocks 34544						4	
1301 10206 0	1303 10206 0	Climb Rocks 34544						3	
1311 10216 0	1311 10214 0	Climb Rocks 34544						4	
1312 10214 0	1312 10216 0	Climb Rocks 34544						4			~duration
1311 10214 0	1311 10216 0	Climb Rocks 34544						4			~duration
1270 10176 0	1269 10170 0	Jump Lava gap 34515						3	
1269 10170 0	1269 10175 0	Jump Lava gap 34515						4	
1272 10175 0	1272 10170 0	Jump Lava gap 34515						4	
1272 10170 0	1272 10175 0	Jump Lava gap 34515						4	
1310 10257 0	1310 10252 0	Jump Lava gap 34515						5	
1351 10252 0	1351 10250 0	Climb Rocks 34548						4	
1352 10250 0	1352 10252 0	Climb Rocks 34548						4	
1329 10205 0	1334 10205 1	Climb Steps 34530						1	
1329 10206 0	1334 10206 1	Climb Steps 34530						1	
1313 10191 1	1318 10189 2	Climb Steps 34530						2	
1312 10190 1	1318 10189 2	Climb Steps 34530						1	
1335 10205 1	1329 10205 0	Climb Steps 34531						1	
1334 10203 1	1329 10205 0	Climb Steps 34531						1	
1318 10191 2	1313 10189 1	Climb Steps 34531						1	
1329 10238 1	1336 10238 1	Crawl through Tunnel 34516						6	
1329 10239 1	1336 10239 1	Crawl through Tunnel 34516						5	
1312 10189 0	1311 3807 0	Exit Cave exit 34514						4	
1311 10189 0	1311 3807 0	Exit Cave exit 34514						4	
1587 3820 0	1580 3820 1	Climb Stairs 33575						1	
1579 3818 1	1587 3818 0	Climb Stairs 33576						1	
1588 10198 0	1552 10221 0	Enter Portal 31961						3	
1588 10199 0	1552 10221 0	Enter Portal 31961						5	
1588 10201 0	1552 10221 0	Enter Portal 31961						3	
1483 3634 0	1482 3633 1	Climb-up Ladder 42207						4	
1201 9963 0	1201 9962 0	Push Boulder 32504						3	
1169 9973 0	1214 3557 0	Climb Rope 31967						3	
1214 3557 0	1169 9973 0	Enter Crevice 32502						4	
1215 3557 0	1169 9973 0	Enter Crevice 32502						3	
1170 9973 0	1214 3557 0	Climb Rope 31967						3	
1379 3824 0	1377 3826 1	Climb-up Staircase 33550						1	
1377 3826 1	1378 3823 0	Climb-down Staircase 33552						2	
1381 3823 0	1382 10228 0	Climb-down Ladder 33483						4	
1382 10228 0	1382 3824 0	Climb-up Ladder 33484						3	
1385 3824 0	1387 3826 1	Climb-up Staircase 33549						2	
1387 3826 1	1386 3823 0	Climb-down Staircase 33551						2	
1386 3823 0	1387 3826 1	Climb-up Staircase 33549						1	
1383 3828 1	1382 3826 2	Climb-up Ladder 33486						3	
1382 3826 2	1382 3828 1	Climb-down Ladder 33485						1	
1378 3826 1	1378 3823 0	Climb-down Staircase 33552						1	
1381 3824 0	1382 10228 0	Climb-down Ladder 33483						3	
1383 10227 0	1382 3824 0	Climb-up Ladder 33484						4	
1382 3828 1	1382 3826 2	Climb-up Ladder 33486						4	
1382 3825 2	1382 3828 1	Climb-down Ladder 33485						2	
1933 4451 2	3288 2801 0	Leave Tomb Tomb Door 20932						1	
1934 4450 2	3288 2801 0	Leave Tomb Tomb Door 20932						1	
1934 4451 2	3288 2801 0	Leave Tomb Tomb Door 20932						1	
1968 4421 2	3288 2801 0	Leave Tomb Tomb Door 20932						2	
1968 4450 3	3288 2801 0	Leave Tomb Tomb Door 20932						1	
1967 4451 3	3288 2801 0	Leave Tomb Tomb Door 20932						1	
1968 4451 3	3288 2801 0	Leave Tomb Tomb Door 20932						1	
1969 4421 2	3288 2801 0	Leave Tomb Tomb Door 20932						1	
1927 4474 0	1927 4475 0	Pass Speartrap 21280						6	
1932 4468 0	3288 2801 0	Leave Tomb Tomb Door 20931						1	
3285 3496 0	3285 3492 1	Climb-up Staircase 11797						1	
3285 3492 1	3285 3496 0	Climb-down Staircase 11799						1	
2657 2641 0	2661 2639 0	Cross Gangplank 14315						1	
2661 2639 0	2657 2639 0	Climb Ladder 14314						2	
2657 2638 0	2661 2639 0	Cross Gangplank 14315						1	
2657 2639 0	2661 2639 0	Cross Gangplank 14315						1	
3121 9964 0	3120 9969 0	Swing across Monkeybars 23566						9	
3121 9970 0	3121 9964 0	Swing across Monkeybars 23566						11	
3120 9971 0	3121 9967 0	Swing across Monkeybars 23566						8	
2473 9706 0	2472 9706 0	Climb-over Rockslide 3309						1	
2418 9675 0	2423 9660 0	Climb-down Well 3264						4	
2460 9692 0	2464 9692 0	Swing-on Rope swing 23123						3		Needs a rope; the swing can fail	~geometry ~duration
2464 9692 0	2460 9692 0	Swing-on Rope swing 23123						3		Needs a rope; the swing can fail	~geometry ~duration
